trial,sample,elapsed_s,S1_Bx_raw_mT,S1_By_raw_mT,S1_Bz_raw_mT,S2_Bx_raw_mT,S2_By_raw_mT,S2_Bz_raw_mT,S1_Bx_corrected_mT,S1_By_corrected_mT,S1_Bz_corrected_mT,S2_Bx_corrected_mT,S2_By_corrected_mT,S2_Bz_corrected_mT
0,0,7.845314,0.098000,-4.704000,1.960000,-1.470000,2.156000,-0.882000,0.158229,-4.782094,2.003385,-1.551667,2.084031,-0.850099
0,1,7.878703,0.196000,-4.410000,1.764000,-1.372000,2.156000,-0.784000,0.256229,-4.488094,1.807385,-1.453667,2.084031,-0.752099
0,2,7.912195,0.098000,-4.606000,1.764000,-1.470000,2.254000,-0.980000,0.158229,-4.684094,1.807385,-1.551667,2.182031,-0.948099
0,3,7.945658,-0.098000,-4.802000,1.960000,-1.470000,2.156000,-0.882000,-0.037771,-4.880094,2.003385,-1.551667,2.084031,-0.850099
0,4,7.979132,0.196000,-4.802000,1.862000,-1.568000,2.156000,-0.588000,0.256229,-4.880094,1.905385,-1.649667,2.084031,-0.556099
0,5,8.012556,0.294000,-4.606000,1.666000,-1.470000,1.960000,-0.686000,0.354229,-4.684094,1.709385,-1.551667,1.888031,-0.654099
0,6,8.045953,0.196000,-4.606000,1.764000,-1.470000,2.156000,-0.686000,0.256229,-4.684094,1.807385,-1.551667,2.084031,-0.654099
0,7,8.079373,0.196000,-4.508000,1.862000,-1.470000,2.254000,-0.784000,0.256229,-4.586094,1.905385,-1.551667,2.182031,-0.752099
0,8,8.112793,0.098000,-4.508000,1.960000,-1.568000,2.156000,-0.686000,0.158229,-4.586094,2.003385,-1.649667,2.084031,-0.654099
0,9,8.146208,0.098000,-4.606000,1.960000,-1.568000,2.254000,-0.882000,0.158229,-4.684094,2.003385,-1.649667,2.182031,-0.850099
0,10,8.179629,0.196000,-4.606000,1.862000,-1.470000,2.254000,-0.784000,0.256229,-4.684094,1.905385,-1.551667,2.182031,-0.752099
0,11,8.213027,0.098000,-4.410000,1.666000,-1.568000,2.156000,-0.784000,0.158229,-4.488094,1.709385,-1.649667,2.084031,-0.752099
0,12,8.246430,0.098000,-4.704000,1.862000,-1.568000,2.058000,-0.882000,0.158229,-4.782094,1.905385,-1.649667,1.986031,-0.850099
0,13,8.279856,0.392000,-4.508000,1.764000,-1.666000,2.156000,-0.882000,0.452229,-4.586094,1.807385,-1.747667,2.084031,-0.850099
0,14,8.313249,0.000000,-4.508000,1.764000,-1.470000,2.058000,-0.686000,0.060229,-4.586094,1.807385,-1.551667,1.986031,-0.654099
0,15,8.346649,0.294000,-4.606000,1.568000,-1.470000,2.058000,-0.784000,0.354229,-4.684094,1.611385,-1.551667,1.986031,-0.752099
0,16,8.380046,0.196000,-4.508000,1.568000,-1.470000,1.960000,-0.784000,0.256229,-4.586094,1.611385,-1.551667,1.888031,-0.752099
0,17,8.413542,0.196000,-4.704000,1.666000,-1.666000,2.156000,-0.686000,0.256229,-4.782094,1.709385,-1.747667,2.084031,-0.654099
0,18,8.446940,0.000000,-4.704000,1.764000,-1.470000,1.960000,-0.882000,0.060229,-4.782094,1.807385,-1.551667,1.888031,-0.850099
0,19,8.480331,0.392000,-4.606000,1.862000,-1.372000,2.156000,-0.686000,0.452229,-4.684094,1.905385,-1.453667,2.084031,-0.654099
0,20,8.513724,0.294000,-4.508000,1.960000,-1.470000,2.156000,-0.686000,0.354229,-4.586094,2.003385,-1.551667,2.084031,-0.654099
0,21,8.547114,0.196000,-4.606000,1.960000,-1.568000,2.156000,-0.686000,0.256229,-4.684094,2.003385,-1.649667,2.084031,-0.654099
0,22,8.580573,0.098000,-4.704000,1.960000,-1.470000,2.254000,-0.784000,0.158229,-4.782094,2.003385,-1.551667,2.182031,-0.752099
0,23,8.613976,0.196000,-4.802000,1.960000,-1.764000,2.254000,-0.882000,0.256229,-4.880094,2.003385,-1.845667,2.182031,-0.850099
0,24,8.647376,0.196000,-4.704000,1.960000,-1.470000,2.058000,-0.784000,0.256229,-4.782094,2.003385,-1.551667,1.986031,-0.752099
0,25,8.680771,0.392000,-4.312000,1.862000,-1.372000,2.058000,-0.882000,0.452229,-4.390094,1.905385,-1.453667,1.986031,-0.850099
0,26,8.714159,0.098000,-4.606000,1.862000,-1.372000,2.254000,-0.686000,0.158229,-4.684094,1.905385,-1.453667,2.182031,-0.654099
0,27,8.747565,0.294000,-4.508000,1.960000,-1.470000,2.156000,-0.882000,0.354229,-4.586094,2.003385,-1.551667,2.084031,-0.850099
0,28,8.780961,0.294000,-4.606000,1.764000,-1.372000,1.960000,-0.686000,0.354229,-4.684094,1.807385,-1.453667,1.888031,-0.654099
0,29,8.814348,0.196000,-4.508000,1.862000,-1.568000,2.058000,-0.784000,0.256229,-4.586094,1.905385,-1.649667,1.986031,-0.752099
0,30,8.847742,0.196000,-4.410000,1.764000,-1.470000,2.254000,-0.784000,0.256229,-4.488094,1.807385,-1.551667,2.182031,-0.752099
0,31,8.881196,0.196000,-4.606000,1.862000,-1.372000,2.156000,-0.882000,0.256229,-4.684094,1.905385,-1.453667,2.084031,-0.850099
0,32,8.914598,0.000000,-4.704000,1.862000,-1.274000,2.058000,-0.784000,0.060229,-4.782094,1.905385,-1.355667,1.986031,-0.752099
0,33,8.947987,0.294000,-4.508000,1.862000,-1.470000,2.254000,-0.686000,0.354229,-4.586094,1.905385,-1.551667,2.182031,-0.654099
0,34,8.981407,0.196000,-4.508000,1.764000,-1.470000,2.352000,-0.882000,0.256229,-4.586094,1.807385,-1.551667,2.280031,-0.850099
0,35,9.014860,0.490000,-4.802000,1.862000,-1.568000,2.156000,-0.784000,0.550229,-4.880094,1.905385,-1.649667,2.084031,-0.752099
0,36,9.048255,0.294000,-4.508000,2.058000,-1.470000,1.960000,-0.882000,0.354229,-4.586094,2.101385,-1.551667,1.888031,-0.850099
0,37,9.081647,0.196000,-4.704000,1.862000,-1.568000,2.254000,-0.686000,0.256229,-4.782094,1.905385,-1.649667,2.182031,-0.654099
0,38,9.115041,0.098000,-4.508000,1.862000,-1.470000,2.156000,-0.980000,0.158229,-4.586094,1.905385,-1.551667,2.084031,-0.948099
0,39,9.148431,0.196000,-4.704000,1.960000,-1.568000,2.254000,-0.588000,0.256229,-4.782094,2.003385,-1.649667,2.182031,-0.556099
0,40,9.181819,0.196000,-4.704000,1.862000,-1.568000,2.156000,-0.686000,0.256229,-4.782094,1.905385,-1.649667,2.084031,-0.654099
0,41,9.215214,0.098000,-4.802000,1.960000,-1.568000,2.156000,-0.882000,0.158229,-4.880094,2.003385,-1.649667,2.084031,-0.850099
0,42,9.248635,0.098000,-4.410000,1.862000,-1.568000,2.058000,-0.784000,0.158229,-4.488094,1.905385,-1.649667,1.986031,-0.752099
0,43,9.282036,0.294000,-4.508000,1.862000,-1.372000,2.352000,-0.784000,0.354229,-4.586094,1.905385,-1.453667,2.280031,-0.752099
0,44,9.315432,0.294000,-4.606000,1.862000,-1.176000,2.156000,-0.686000,0.354229,-4.684094,1.905385,-1.257667,2.084031,-0.654099
0,45,9.348808,0.196000,-4.508000,1.960000,-1.274000,2.352000,-0.686000,0.256229,-4.586094,2.003385,-1.355667,2.280031,-0.654099
0,46,9.382209,0.196000,-4.900000,1.960000,-1.568000,1.960000,-0.784000,0.256229,-4.978094,2.003385,-1.649667,1.888031,-0.752099
0,47,9.415609,0.098000,-4.606000,1.764000,-1.372000,2.156000,-0.686000,0.158229,-4.684094,1.807385,-1.453667,2.084031,-0.654099
0,48,9.448998,0.294000,-4.606000,1.862000,-1.470000,2.156000,-0.784000,0.354229,-4.684094,1.905385,-1.551667,2.084031,-0.752099
0,49,9.482378,0.000000,-4.606000,1.960000,-1.666000,2.058000,-0.784000,0.060229,-4.684094,2.003385,-1.747667,1.986031,-0.752099
0,50,9.515770,0.196000,-4.606000,1.862000,-1.372000,2.254000,-0.686000,0.256229,-4.684094,1.905385,-1.453667,2.182031,-0.654099
0,51,9.549158,0.098000,-4.410000,1.764000,-1.372000,2.058000,-0.784000,0.158229,-4.488094,1.807385,-1.453667,1.986031,-0.752099
0,52,9.584334,0.098000,-4.606000,1.862000,-1.568000,2.156000,-0.784000,0.158229,-4.684094,1.905385,-1.649667,2.084031,-0.752099
0,53,9.617847,0.196000,-4.998000,1.764000,-1.568000,2.156000,-0.686000,0.256229,-5.076094,1.807385,-1.649667,2.084031,-0.654099
0,54,9.651318,0.196000,-4.704000,1.764000,-1.470000,2.352000,-0.784000,0.256229,-4.782094,1.807385,-1.551667,2.280031,-0.752099
0,55,9.684719,0.392000,-4.704000,1.862000,-1.470000,2.254000,-0.784000,0.452229,-4.782094,1.905385,-1.551667,2.182031,-0.752099
0,56,9.718115,0.196000,-4.900000,1.764000,-1.568000,2.058000,-0.686000,0.256229,-4.978094,1.807385,-1.649667,1.986031,-0.654099
0,57,9.751531,0.196000,-4.410000,1.960000,-1.372000,2.352000,-0.686000,0.256229,-4.488094,2.003385,-1.453667,2.280031,-0.654099
0,58,9.784922,0.196000,-4.704000,1.666000,-1.372000,2.156000,-0.980000,0.256229,-4.782094,1.709385,-1.453667,2.084031,-0.948099
0,59,9.818310,0.196000,-4.802000,1.862000,-1.470000,2.156000,-0.882000,0.256229,-4.880094,1.905385,-1.551667,2.084031,-0.850099
0,60,9.851706,0.294000,-4.802000,1.960000,-1.568000,2.156000,-0.686000,0.354229,-4.880094,2.003385,-1.649667,2.084031,-0.654099
0,61,9.885111,0.098000,-4.802000,1.764000,-1.274000,2.254000,-0.784000,0.158229,-4.880094,1.807385,-1.355667,2.182031,-0.752099
0,62,9.918499,0.196000,-4.410000,1.960000,-1.666000,2.352000,-0.686000,0.256229,-4.488094,2.003385,-1.747667,2.280031,-0.654099
0,63,9.951890,0.196000,-4.606000,2.058000,-1.372000,2.254000,-0.686000,0.256229,-4.684094,2.101385,-1.453667,2.182031,-0.654099
0,64,9.985277,0.294000,-4.606000,1.764000,-1.372000,2.156000,-0.686000,0.354229,-4.684094,1.807385,-1.453667,2.084031,-0.654099
0,65,10.018670,0.392000,-4.606000,1.862000,-1.372000,2.156000,-0.882000,0.452229,-4.684094,1.905385,-1.453667,2.084031,-0.850099
0,66,10.052063,0.294000,-4.606000,1.862000,-1.372000,2.254000,-0.784000,0.354229,-4.684094,1.905385,-1.453667,2.182031,-0.752099
0,67,10.085462,0.392000,-4.410000,1.862000,-1.274000,2.254000,-0.882000,0.452229,-4.488094,1.905385,-1.355667,2.182031,-0.850099
0,68,10.118853,0.196000,-4.606000,2.058000,-1.372000,2.352000,-0.686000,0.256229,-4.684094,2.101385,-1.453667,2.280031,-0.654099
0,69,10.152246,0.196000,-4.606000,2.058000,-1.274000,2.254000,-0.784000,0.256229,-4.684094,2.101385,-1.355667,2.182031,-0.752099
0,70,10.185750,0.294000,-4.508000,1.764000,-1.372000,2.254000,-0.882000,0.354229,-4.586094,1.807385,-1.453667,2.182031,-0.850099
0,71,10.219247,0.098000,-4.410000,2.058000,-1.470000,2.156000,-0.784000,0.158229,-4.488094,2.101385,-1.551667,2.084031,-0.752099
0,72,10.252662,0.098000,-4.606000,2.058000,-1.568000,2.058000,-0.882000,0.158229,-4.684094,2.101385,-1.649667,1.986031,-0.850099
0,73,10.286056,0.098000,-4.606000,1.764000,-1.568000,2.156000,-0.784000,0.158229,-4.684094,1.807385,-1.649667,2.084031,-0.752099
0,74,10.319449,0.294000,-4.508000,1.764000,-1.470000,2.058000,-0.686000,0.354229,-4.586094,1.807385,-1.551667,1.986031,-0.654099
0,75,10.352839,0.196000,-4.704000,1.862000,-1.568000,2.254000,-0.784000,0.256229,-4.782094,1.905385,-1.649667,2.182031,-0.752099
0,76,10.386230,0.098000,-4.704000,2.058000,-1.470000,2.254000,-0.686000,0.158229,-4.782094,2.101385,-1.551667,2.182031,-0.654099
0,77,10.419626,0.294000,-4.606000,1.764000,-1.372000,2.156000,-0.686000,0.354229,-4.684094,1.807385,-1.453667,2.084031,-0.654099
0,78,10.453019,0.098000,-4.508000,1.960000,-1.372000,2.156000,-0.686000,0.158229,-4.586094,2.003385,-1.453667,2.084031,-0.654099
0,79,10.486402,0.098000,-4.606000,1.764000,-1.470000,2.058000,-0.784000,0.158229,-4.684094,1.807385,-1.551667,1.986031,-0.752099
0,80,10.519787,0.490000,-4.410000,1.960000,-1.470000,1.960000,-0.784000,0.550229,-4.488094,2.003385,-1.551667,1.888031,-0.752099
0,81,10.553178,0.196000,-4.606000,2.156000,-1.372000,2.156000,-0.784000,0.256229,-4.684094,2.199385,-1.453667,2.084031,-0.752099
0,82,10.586566,0.588000,-4.606000,2.058000,-1.470000,2.254000,-0.686000,0.648229,-4.684094,2.101385,-1.551667,2.182031,-0.654099
0,83,10.620078,0.294000,-4.508000,1.764000,-1.470000,2.156000,-0.686000,0.354229,-4.586094,1.807385,-1.551667,2.084031,-0.654099
0,84,10.653609,0.196000,-4.704000,1.960000,-1.470000,2.254000,-0.686000,0.256229,-4.782094,2.003385,-1.551667,2.182031,-0.654099
0,85,10.687110,0.294000,-4.606000,1.764000,-1.372000,2.352000,-0.686000,0.354229,-4.684094,1.807385,-1.453667,2.280031,-0.654099
0,86,10.720587,0.098000,-4.704000,1.568000,-1.470000,2.058000,-0.784000,0.158229,-4.782094,1.611385,-1.551667,1.986031,-0.752099
0,87,10.753997,0.196000,-4.508000,1.862000,-1.568000,2.254000,-0.784000,0.256229,-4.586094,1.905385,-1.649667,2.182031,-0.752099
0,88,10.787480,0.294000,-4.508000,1.960000,-1.666000,2.254000,-0.686000,0.354229,-4.586094,2.003385,-1.747667,2.182031,-0.654099
0,89,10.820937,0.098000,-4.704000,1.862000,-1.666000,2.254000,-0.784000,0.158229,-4.782094,1.905385,-1.747667,2.182031,-0.752099
0,90,10.854384,0.196000,-4.704000,1.960000,-1.666000,2.058000,-0.882000,0.256229,-4.782094,2.003385,-1.747667,1.986031,-0.850099
0,91,10.887786,0.294000,-4.704000,1.666000,-1.470000,2.058000,-0.882000,0.354229,-4.782094,1.709385,-1.551667,1.986031,-0.850099
0,92,10.921187,0.098000,-4.606000,2.058000,-1.470000,2.254000,-0.784000,0.158229,-4.684094,2.101385,-1.551667,2.182031,-0.752099
0,93,10.954584,0.098000,-4.606000,1.862000,-1.568000,2.450000,-0.784000,0.158229,-4.684094,1.905385,-1.649667,2.378031,-0.752099
0,94,10.987978,0.196000,-4.410000,1.862000,-1.372000,2.254000,-0.686000,0.256229,-4.488094,1.905385,-1.453667,2.182031,-0.654099
0,95,11.021381,0.098000,-4.704000,1.862000,-1.470000,2.352000,-0.882000,0.158229,-4.782094,1.905385,-1.551667,2.280031,-0.850099
0,96,11.054773,0.294000,-4.606000,1.862000,-1.568000,2.254000,-0.686000,0.354229,-4.684094,1.905385,-1.649667,2.182031,-0.654099
0,97,11.088163,0.098000,-4.606000,1.862000,-1.372000,2.156000,-0.784000,0.158229,-4.684094,1.905385,-1.453667,2.084031,-0.752099
0,98,11.121556,0.294000,-4.704000,1.862000,-1.274000,2.156000,-0.784000,0.354229,-4.782094,1.905385,-1.355667,2.084031,-0.752099
0,99,11.154945,0.392000,-4.704000,1.764000,-1.568000,2.156000,-0.784000,0.452229,-4.782094,1.807385,-1.649667,2.084031,-0.752099
0,100,11.188343,0.392000,-4.508000,1.862000,-1.274000,2.254000,-1.078000,0.452229,-4.586094,1.905385,-1.355667,2.182031,-1.046099
0,101,11.221768,0.392000,-4.606000,1.862000,-1.470000,2.352000,-0.784000,0.452229,-4.684094,1.905385,-1.551667,2.280031,-0.752099
0,102,11.255171,0.294000,-4.900000,1.960000,-1.568000,2.352000,-0.882000,0.354229,-4.978094,2.003385,-1.649667,2.280031,-0.850099
0,103,11.288591,0.196000,-4.508000,1.862000,-1.372000,2.156000,-0.686000,0.256229,-4.586094,1.905385,-1.453667,2.084031,-0.654099
0,104,11.322033,0.392000,-4.606000,1.960000,-1.568000,2.156000,-0.686000,0.452229,-4.684094,2.003385,-1.649667,2.084031,-0.654099
0,105,11.355520,0.294000,-4.802000,1.568000,-1.470000,2.254000,-0.882000,0.354229,-4.880094,1.611385,-1.551667,2.182031,-0.850099
0,106,11.388984,0.294000,-4.704000,1.862000,-1.470000,2.156000,-0.882000,0.354229,-4.782094,1.905385,-1.551667,2.084031,-0.850099
0,107,11.422419,0.098000,-4.704000,1.862000,-1.470000,2.254000,-0.784000,0.158229,-4.782094,1.905385,-1.551667,2.182031,-0.752099
0,108,11.455841,0.196000,-4.704000,1.960000,-1.372000,2.254000,-0.784000,0.256229,-4.782094,2.003385,-1.453667,2.182031,-0.752099
0,109,11.489235,0.294000,-4.508000,1.862000,-1.470000,2.058000,-0.686000,0.354229,-4.586094,1.905385,-1.551667,1.986031,-0.654099
0,110,11.522632,0.294000,-4.606000,1.764000,-1.470000,2.156000,-0.686000,0.354229,-4.684094,1.807385,-1.551667,2.084031,-0.654099
0,111,11.556022,0.392000,-4.606000,1.862000,-1.372000,2.254000,-0.784000,0.452229,-4.684094,1.905385,-1.453667,2.182031,-0.752099
0,112,11.589409,0.392000,-4.606000,1.862000,-1.568000,2.254000,-0.686000,0.452229,-4.684094,1.905385,-1.649667,2.182031,-0.654099
0,113,11.622819,0.000000,-4.606000,1.862000,-1.372000,2.156000,-0.784000,0.060229,-4.684094,1.905385,-1.453667,2.084031,-0.752099
0,114,11.656260,0.196000,-4.704000,2.156000,-1.666000,2.156000,-0.784000,0.256229,-4.782094,2.199385,-1.747667,2.084031,-0.752099
0,115,11.689661,0.196000,-4.704000,1.960000,-1.470000,2.254000,-0.784000,0.256229,-4.782094,2.003385,-1.551667,2.182031,-0.752099
0,116,11.723089,0.000000,-4.704000,2.058000,-1.372000,2.254000,-0.882000,0.060229,-4.782094,2.101385,-1.453667,2.182031,-0.850099
0,117,11.756484,0.196000,-4.606000,1.960000,-1.372000,2.352000,-0.686000,0.256229,-4.684094,2.003385,-1.453667,2.280031,-0.654099
0,118,11.789864,0.098000,-4.802000,1.862000,-1.372000,2.254000,-0.784000,0.158229,-4.880094,1.905385,-1.453667,2.182031,-0.752099
0,119,11.823255,0.294000,-4.508000,1.960000,-1.372000,2.058000,-0.882000,0.354229,-4.586094,2.003385,-1.453667,1.986031,-0.850099
0,120,11.856650,0.196000,-4.508000,1.960000,-1.372000,2.156000,-0.686000,0.256229,-4.586094,2.003385,-1.453667,2.084031,-0.654099
0,121,11.890029,0.196000,-4.410000,1.764000,-1.372000,2.352000,-0.784000,0.256229,-4.488094,1.807385,-1.453667,2.280031,-0.752099
0,122,11.923422,0.294000,-4.508000,1.862000,-1.470000,2.352000,-0.686000,0.354229,-4.586094,1.905385,-1.551667,2.280031,-0.654099
0,123,11.956810,0.294000,-4.606000,1.764000,-1.372000,2.156000,-0.686000,0.354229,-4.684094,1.807385,-1.453667,2.084031,-0.654099
0,124,11.990262,0.294000,-4.704000,1.960000,-1.470000,2.058000,-0.784000,0.354229,-4.782094,2.003385,-1.551667,1.986031,-0.752099
0,125,12.023705,0.196000,-4.508000,1.764000,-1.372000,2.254000,-0.686000,0.256229,-4.586094,1.807385,-1.453667,2.182031,-0.654099
0,126,12.057106,0.294000,-4.606000,1.764000,-1.470000,2.254000,-0.784000,0.354229,-4.684094,1.807385,-1.551667,2.182031,-0.752099
0,127,12.090491,0.294000,-4.802000,1.862000,-1.470000,1.960000,-0.588000,0.354229,-4.880094,1.905385,-1.551667,1.888031,-0.556099
1,0,25.261070,0.196000,-4.508000,1.666000,-1.568000,2.254000,-0.686000,0.256229,-4.586094,1.709385,-1.649667,2.182031,-0.654099
1,1,25.294564,0.098000,-4.802000,1.764000,-1.470000,2.156000,-0.784000,0.158229,-4.880094,1.807385,-1.551667,2.084031,-0.752099
1,2,25.328080,0.196000,-4.704000,1.862000,-1.568000,2.352000,-0.882000,0.256229,-4.782094,1.905385,-1.649667,2.280031,-0.850099
1,3,25.361493,-0.098000,-4.508000,1.666000,-1.372000,2.254000,-0.784000,-0.037771,-4.586094,1.709385,-1.453667,2.182031,-0.752099
1,4,25.394896,0.294000,-4.606000,1.568000,-1.568000,2.254000,-0.784000,0.354229,-4.684094,1.611385,-1.649667,2.182031,-0.752099
1,5,25.428322,0.196000,-4.410000,1.862000,-1.568000,2.058000,-0.784000,0.256229,-4.488094,1.905385,-1.649667,1.986031,-0.752099
1,6,25.461726,0.000000,-4.410000,1.960000,-1.470000,2.156000,-0.784000,0.060229,-4.488094,2.003385,-1.551667,2.084031,-0.752099
1,7,25.495210,0.196000,-4.606000,1.764000,-1.470000,1.960000,-0.882000,0.256229,-4.684094,1.807385,-1.551667,1.888031,-0.850099
1,8,25.528668,0.294000,-4.508000,1.666000,-1.568000,2.156000,-0.784000,0.354229,-4.586094,1.709385,-1.649667,2.084031,-0.752099
1,9,25.562071,0.196000,-4.606000,1.666000,-1.470000,2.352000,-0.686000,0.256229,-4.684094,1.709385,-1.551667,2.280031,-0.654099
1,10,25.595508,0.294000,-4.508000,1.960000,-1.372000,2.254000,-0.686000,0.354229,-4.586094,2.003385,-1.453667,2.182031,-0.654099
1,11,25.628940,0.294000,-4.508000,1.862000,-1.568000,2.156000,-0.784000,0.354229,-4.586094,1.905385,-1.649667,2.084031,-0.752099
1,12,25.662335,0.196000,-4.508000,1.960000,-1.568000,2.156000,-0.882000,0.256229,-4.586094,2.003385,-1.649667,2.084031,-0.850099
1,13,25.695785,0.294000,-4.606000,1.862000,-1.372000,2.156000,-0.686000,0.354229,-4.684094,1.905385,-1.453667,2.084031,-0.654099
1,14,25.729208,0.196000,-4.410000,2.156000,-1.372000,2.156000,-0.784000,0.256229,-4.488094,2.199385,-1.453667,2.084031,-0.752099
1,15,25.762621,0.098000,-4.704000,1.960000,-1.470000,2.254000,-0.784000,0.158229,-4.782094,2.003385,-1.551667,2.182031,-0.752099
1,16,25.796096,0.196000,-4.704000,1.960000,-1.470000,2.156000,-0.784000,0.256229,-4.782094,2.003385,-1.551667,2.084031,-0.752099
1,17,25.829532,0.196000,-4.606000,1.960000,-1.470000,2.156000,-0.882000,0.256229,-4.684094,2.003385,-1.551667,2.084031,-0.850099
1,18,25.862933,0.196000,-4.606000,1.764000,-1.568000,2.156000,-0.882000,0.256229,-4.684094,1.807385,-1.649667,2.084031,-0.850099
1,19,25.896327,0.098000,-4.704000,1.862000,-1.470000,2.254000,-0.882000,0.158229,-4.782094,1.905385,-1.551667,2.182031,-0.850099
1,20,25.929743,0.294000,-4.704000,1.666000,-1.372000,2.156000,-0.784000,0.354229,-4.782094,1.709385,-1.453667,2.084031,-0.752099
1,21,25.963139,0.098000,-4.802000,1.764000,-1.274000,2.058000,-0.784000,0.158229,-4.880094,1.807385,-1.355667,1.986031,-0.752099
1,22,25.996566,0.294000,-4.704000,1.764000,-1.568000,2.156000,-0.784000,0.354229,-4.782094,1.807385,-1.649667,2.084031,-0.752099
1,23,26.029970,0.392000,-4.410000,1.960000,-1.470000,2.156000,-0.686000,0.452229,-4.488094,2.003385,-1.551667,2.084031,-0.654099
1,24,26.063370,0.294000,-4.802000,1.862000,-1.568000,2.156000,-0.980000,0.354229,-4.880094,1.905385,-1.649667,2.084031,-0.948099
1,25,26.096784,0.000000,-4.508000,1.960000,-1.666000,2.156000,-0.784000,0.060229,-4.586094,2.003385,-1.747667,2.084031,-0.752099
1,26,26.130202,0.098000,-4.802000,1.960000,-1.568000,2.254000,-0.686000,0.158229,-4.880094,2.003385,-1.649667,2.182031,-0.654099
1,27,26.163615,0.196000,-4.508000,2.058000,-1.568000,2.156000,-0.784000,0.256229,-4.586094,2.101385,-1.649667,2.084031,-0.752099
1,28,26.197008,0.294000,-4.410000,1.666000,-1.470000,2.254000,-0.882000,0.354229,-4.488094,1.709385,-1.551667,2.182031,-0.850099
1,29,26.230421,0.294000,-4.606000,1.764000,-1.470000,2.156000,-0.784000,0.354229,-4.684094,1.807385,-1.551667,2.084031,-0.752099
1,30,26.263873,0.196000,-4.606000,1.960000,-1.372000,2.254000,-0.686000,0.256229,-4.684094,2.003385,-1.453667,2.182031,-0.654099
1,31,26.297318,0.196000,-4.704000,1.862000,-1.470000,2.254000,-0.686000,0.256229,-4.782094,1.905385,-1.551667,2.182031,-0.654099
1,32,26.330752,0.294000,-4.606000,2.058000,-1.470000,2.254000,-0.686000,0.354229,-4.684094,2.101385,-1.551667,2.182031,-0.654099
1,33,26.364152,0.196000,-4.606000,1.764000,-1.470000,1.960000,-0.686000,0.256229,-4.684094,1.807385,-1.551667,1.888031,-0.654099
1,34,26.397607,0.294000,-4.606000,1.960000,-1.470000,2.156000,-0.882000,0.354229,-4.684094,2.003385,-1.551667,2.084031,-0.850099
1,35,26.431044,0.098000,-4.508000,1.862000,-1.470000,2.058000,-0.784000,0.158229,-4.586094,1.905385,-1.551667,1.986031,-0.752099
1,36,26.464443,0.098000,-4.802000,1.862000,-1.274000,2.156000,-0.686000,0.158229,-4.880094,1.905385,-1.355667,2.084031,-0.654099
1,37,26.497835,0.098000,-4.606000,1.862000,-1.176000,2.254000,-0.980000,0.158229,-4.684094,1.905385,-1.257667,2.182031,-0.948099
1,38,26.531255,0.000000,-4.704000,1.764000,-1.666000,2.254000,-0.784000,0.060229,-4.782094,1.807385,-1.747667,2.182031,-0.752099
1,39,26.564658,0.098000,-4.508000,1.666000,-1.666000,2.156000,-0.686000,0.158229,-4.586094,1.709385,-1.747667,2.084031,-0.654099
1,40,26.598045,0.196000,-4.508000,1.862000,-1.470000,2.058000,-0.686000,0.256229,-4.586094,1.905385,-1.551667,1.986031,-0.654099
1,41,26.631473,0.196000,-4.704000,1.862000,-1.372000,2.156000,-0.882000,0.256229,-4.782094,1.905385,-1.453667,2.084031,-0.850099
1,42,26.664871,0.392000,-4.704000,1.960000,-1.470000,2.156000,-0.588000,0.452229,-4.782094,2.003385,-1.551667,2.084031,-0.556099
1,43,26.698254,0.196000,-4.410000,1.764000,-1.372000,2.352000,-0.882000,0.256229,-4.488094,1.807385,-1.453667,2.280031,-0.850099
1,44,26.731676,0.196000,-4.508000,1.960000,-1.666000,2.156000,-0.686000,0.256229,-4.586094,2.003385,-1.747667,2.084031,-0.654099
1,45,26.765084,0.294000,-4.802000,1.764000,-1.372000,2.156000,-0.686000,0.354229,-4.880094,1.807385,-1.453667,2.084031,-0.654099
1,46,26.798478,0.000000,-4.508000,2.058000,-1.470000,2.156000,-0.686000,0.060229,-4.586094,2.101385,-1.551667,2.084031,-0.654099
1,47,26.831900,0.294000,-4.802000,1.960000,-1.470000,2.156000,-0.980000,0.354229,-4.880094,2.003385,-1.551667,2.084031,-0.948099
1,48,26.865298,0.196000,-4.606000,1.764000,-1.470000,2.254000,-0.784000,0.256229,-4.684094,1.807385,-1.551667,2.182031,-0.752099
1,49,26.898679,0.196000,-4.802000,1.666000,-1.568000,2.254000,-0.686000,0.256229,-4.880094,1.709385,-1.649667,2.182031,-0.654099
1,50,26.932105,0.000000,-4.606000,1.862000,-1.470000,2.352000,-0.686000,0.060229,-4.684094,1.905385,-1.551667,2.280031,-0.654099
1,51,26.965497,0.098000,-4.606000,1.666000,-1.470000,2.058000,-0.784000,0.158229,-4.684094,1.709385,-1.551667,1.986031,-0.752099
1,52,26.998968,0.098000,-4.606000,1.862000,-1.372000,2.352000,-0.882000,0.158229,-4.684094,1.905385,-1.453667,2.280031,-0.850099
1,53,27.032410,0.490000,-4.802000,1.862000,-1.470000,2.156000,-0.784000,0.550229,-4.880094,1.905385,-1.551667,2.084031,-0.752099
1,54,27.065812,0.098000,-4.606000,1.862000,-1.274000,2.156000,-0.882000,0.158229,-4.684094,1.905385,-1.355667,2.084031,-0.850099
1,55,27.099201,0.196000,-4.802000,1.862000,-1.470000,2.156000,-0.784000,0.256229,-4.880094,1.905385,-1.551667,2.084031,-0.752099
1,56,27.132622,-0.294000,-4.606000,1.764000,-1.568000,2.254000,-0.784000,-0.233771,-4.684094,1.807385,-1.649667,2.182031,-0.752099
1,57,27.166011,0.098000,-4.704000,1.862000,-1.372000,2.156000,-0.980000,0.158229,-4.782094,1.905385,-1.453667,2.084031,-0.948099
1,58,27.199403,0.196000,-4.508000,1.862000,-1.372000,2.254000,-0.784000,0.256229,-4.586094,1.905385,-1.453667,2.182031,-0.752099
1,59,27.232825,0.196000,-4.508000,1.862000,-1.372000,2.352000,-0.784000,0.256229,-4.586094,1.905385,-1.453667,2.280031,-0.752099
1,60,27.266280,0.196000,-4.802000,1.862000,-1.666000,2.156000,-0.784000,0.256229,-4.880094,1.905385,-1.747667,2.084031,-0.752099
1,61,27.299688,0.196000,-4.704000,1.862000,-1.372000,2.254000,-0.686000,0.256229,-4.782094,1.905385,-1.453667,2.182031,-0.654099
1,62,27.333107,0.098000,-4.704000,1.862000,-1.274000,2.254000,-0.686000,0.158229,-4.782094,1.905385,-1.355667,2.182031,-0.654099
1,63,27.366498,0.490000,-4.508000,1.862000,-1.470000,2.156000,-0.784000,0.550229,-4.586094,1.905385,-1.551667,2.084031,-0.752099
1,64,27.399892,0.196000,-4.802000,1.862000,-1.372000,2.156000,-0.686000,0.256229,-4.880094,1.905385,-1.453667,2.084031,-0.654099
1,65,27.433306,0.098000,-4.606000,1.862000,-1.568000,2.058000,-0.882000,0.158229,-4.684094,1.905385,-1.649667,1.986031,-0.850099
1,66,27.466703,0.098000,-4.606000,1.862000,-1.372000,2.254000,-0.686000,0.158229,-4.684094,1.905385,-1.453667,2.182031,-0.654099
1,67,27.500094,-0.098000,-4.508000,1.764000,-1.568000,2.352000,-0.686000,-0.037771,-4.586094,1.807385,-1.649667,2.280031,-0.654099
1,68,27.533512,0.000000,-4.802000,1.862000,-1.470000,2.254000,-0.686000,0.060229,-4.880094,1.905385,-1.551667,2.182031,-0.654099
1,69,27.566909,0.392000,-4.508000,1.666000,-1.470000,2.254000,-0.686000,0.452229,-4.586094,1.709385,-1.551667,2.182031,-0.654099
1,70,27.600363,0.098000,-4.508000,1.960000,-1.372000,2.156000,-0.882000,0.158229,-4.586094,2.003385,-1.453667,2.084031,-0.850099
1,71,27.633804,0.000000,-4.606000,1.764000,-1.470000,2.254000,-0.784000,0.060229,-4.684094,1.807385,-1.551667,2.182031,-0.752099
1,72,27.667206,0.098000,-4.704000,1.862000,-1.470000,2.254000,-0.686000,0.158229,-4.782094,1.905385,-1.551667,2.182031,-0.654099
1,73,27.700596,0.196000,-4.606000,2.058000,-1.470000,2.254000,-0.686000,0.256229,-4.684094,2.101385,-1.551667,2.182031,-0.654099
1,74,27.734014,0.196000,-4.606000,1.764000,-1.274000,2.254000,-0.686000,0.256229,-4.684094,1.807385,-1.355667,2.182031,-0.654099
1,75,27.767442,0.294000,-4.410000,2.058000,-1.666000,2.058000,-0.882000,0.354229,-4.488094,2.101385,-1.747667,1.986031,-0.850099
1,76,27.800837,0.392000,-4.606000,1.764000,-1.470000,2.156000,-0.686000,0.452229,-4.684094,1.807385,-1.551667,2.084031,-0.654099
1,77,27.834246,0.098000,-4.606000,1.764000,-1.470000,2.156000,-0.784000,0.158229,-4.684094,1.807385,-1.551667,2.084031,-0.752099
1,78,27.867647,0.392000,-4.508000,1.666000,-1.372000,2.254000,-0.784000,0.452229,-4.586094,1.709385,-1.453667,2.182031,-0.752099
1,79,27.901036,0.294000,-4.606000,1.764000,-1.372000,2.156000,-0.686000,0.354229,-4.684094,1.807385,-1.453667,2.084031,-0.654099
1,80,27.934447,0.196000,-4.606000,1.764000,-1.470000,2.156000,-0.686000,0.256229,-4.684094,1.807385,-1.551667,2.084031,-0.654099
1,81,27.967846,0.196000,-4.508000,1.862000,-1.470000,2.156000,-0.784000,0.256229,-4.586094,1.905385,-1.551667,2.084031,-0.752099
1,82,28.001230,0.000000,-4.606000,1.764000,-1.568000,2.254000,-0.784000,0.060229,-4.684094,1.807385,-1.649667,2.182031,-0.752099
1,83,28.034649,0.098000,-4.508000,1.862000,-1.470000,2.156000,-0.882000,0.158229,-4.586094,1.905385,-1.551667,2.084031,-0.850099
1,84,28.068100,0.490000,-4.704000,1.666000,-1.372000,2.058000,-0.686000,0.550229,-4.782094,1.709385,-1.453667,1.986031,-0.654099
1,85,28.101491,0.392000,-4.410000,1.862000,-1.470000,2.156000,-0.686000,0.452229,-4.488094,1.905385,-1.551667,2.084031,-0.654099
1,86,28.134907,0.392000,-4.802000,1.764000,-1.372000,2.352000,-0.686000,0.452229,-4.880094,1.807385,-1.453667,2.280031,-0.654099
1,87,28.168307,0.098000,-4.704000,1.862000,-1.568000,2.156000,-0.686000,0.158229,-4.782094,1.905385,-1.649667,2.084031,-0.654099
1,88,28.201757,0.196000,-4.606000,2.058000,-1.568000,2.156000,-0.686000,0.256229,-4.684094,2.101385,-1.649667,2.084031,-0.654099
1,89,28.235190,0.196000,-4.508000,1.862000,-1.372000,2.156000,-0.784000,0.256229,-4.586094,1.905385,-1.453667,2.084031,-0.752099
1,90,28.268681,0.196000,-4.606000,1.960000,-1.372000,2.254000,-0.784000,0.256229,-4.684094,2.003385,-1.453667,2.182031,-0.752099
1,91,28.302076,0.294000,-4.508000,1.862000,-1.470000,2.156000,-0.784000,0.354229,-4.586094,1.905385,-1.551667,2.084031,-0.752099
1,92,28.335530,0.000000,-4.508000,1.764000,-1.568000,2.058000,-0.686000,0.060229,-4.586094,1.807385,-1.649667,1.986031,-0.654099
1,93,28.368934,0.196000,-4.606000,1.960000,-1.470000,2.156000,-0.784000,0.256229,-4.684094,2.003385,-1.551667,2.084031,-0.752099
1,94,28.402322,0.098000,-4.606000,1.764000,-1.568000,2.254000,-0.784000,0.158229,-4.684094,1.807385,-1.649667,2.182031,-0.752099
1,95,28.435739,0.196000,-4.606000,1.764000,-1.568000,2.254000,-0.784000,0.256229,-4.684094,1.807385,-1.649667,2.182031,-0.752099
1,96,28.469130,0.000000,-4.704000,2.058000,-1.274000,2.156000,-0.784000,0.060229,-4.782094,2.101385,-1.355667,2.084031,-0.752099
1,97,28.502513,0.196000,-4.606000,1.960000,-1.470000,2.352000,-0.784000,0.256229,-4.684094,2.003385,-1.551667,2.280031,-0.752099
1,98,28.535933,0.196000,-4.704000,1.960000,-1.470000,2.450000,-0.784000,0.256229,-4.782094,2.003385,-1.551667,2.378031,-0.752099
1,99,28.569327,0.392000,-4.704000,1.960000,-1.372000,2.156000,-0.882000,0.452229,-4.782094,2.003385,-1.453667,2.084031,-0.850099
1,100,28.602719,0.196000,-4.410000,1.666000,-1.568000,2.156000,-0.686000,0.256229,-4.488094,1.709385,-1.649667,2.084031,-0.654099
1,101,28.636131,0.098000,-4.508000,1.862000,-1.568000,2.156000,-0.784000,0.158229,-4.586094,1.905385,-1.649667,2.084031,-0.752099
1,102,28.669527,0.000000,-4.704000,2.058000,-1.470000,2.156000,-0.882000,0.060229,-4.782094,2.101385,-1.551667,2.084031,-0.850099
1,103,28.702919,0.098000,-4.312000,1.764000,-1.470000,2.156000,-0.882000,0.158229,-4.390094,1.807385,-1.551667,2.084031,-0.850099
1,104,28.736344,0.294000,-4.606000,1.666000,-1.372000,2.156000,-0.980000,0.354229,-4.684094,1.709385,-1.453667,2.084031,-0.948099
1,105,28.769755,0.098000,-4.704000,1.960000,-1.470000,2.156000,-0.882000,0.158229,-4.782094,2.003385,-1.551667,2.084031,-0.850099
1,106,28.803231,0.196000,-4.508000,1.862000,-1.470000,2.254000,-0.882000,0.256229,-4.586094,1.905385,-1.551667,2.182031,-0.850099
1,107,28.836690,0.294000,-4.802000,1.862000,-1.666000,2.058000,-0.784000,0.354229,-4.880094,1.905385,-1.747667,1.986031,-0.752099
1,108,28.870080,0.000000,-4.900000,1.764000,-1.372000,2.156000,-0.686000,0.060229,-4.978094,1.807385,-1.453667,2.084031,-0.654099
1,109,28.903475,0.196000,-4.508000,1.960000,-1.666000,2.156000,-0.784000,0.256229,-4.586094,2.003385,-1.747667,2.084031,-0.752099
1,110,28.936893,0.392000,-4.704000,1.666000,-1.470000,2.352000,-0.784000,0.452229,-4.782094,1.709385,-1.551667,2.280031,-0.752099
1,111,28.970281,0.196000,-4.410000,1.862000,-1.470000,2.254000,-0.784000,0.256229,-4.488094,1.905385,-1.551667,2.182031,-0.752099
1,112,29.003671,0.196000,-4.606000,1.862000,-1.372000,2.156000,-0.784000,0.256229,-4.684094,1.905385,-1.453667,2.084031,-0.752099
1,113,29.037091,0.294000,-4.606000,2.058000,-1.372000,2.156000,-0.784000,0.354229,-4.684094,2.101385,-1.453667,2.084031,-0.752099
1,114,29.070482,0.098000,-4.508000,1.764000,-1.372000,2.156000,-0.882000,0.158229,-4.586094,1.807385,-1.453667,2.084031,-0.850099
1,115,29.103876,0.196000,-4.802000,1.960000,-1.470000,2.156000,-0.686000,0.256229,-4.880094,2.003385,-1.551667,2.084031,-0.654099
1,116,29.137295,0.196000,-4.410000,1.666000,-1.568000,2.156000,-0.882000,0.256229,-4.488094,1.709385,-1.649667,2.084031,-0.850099
1,117,29.170692,-0.098000,-4.606000,1.764000,-1.470000,2.058000,-0.784000,-0.037771,-4.684094,1.807385,-1.551667,1.986031,-0.752099
1,118,29.204094,0.392000,-4.410000,1.862000,-1.568000,2.254000,-0.686000,0.452229,-4.488094,1.905385,-1.649667,2.182031,-0.654099
1,119,29.237508,0.196000,-4.606000,1.764000,-1.470000,2.254000,-0.686000,0.256229,-4.684094,1.807385,-1.551667,2.182031,-0.654099
1,120,29.270944,0.392000,-4.704000,2.058000,-1.470000,2.156000,-0.686000,0.452229,-4.782094,2.101385,-1.551667,2.084031,-0.654099
1,121,29.304349,0.196000,-4.508000,1.862000,-1.470000,2.156000,-0.784000,0.256229,-4.586094,1.905385,-1.551667,2.084031,-0.752099
1,122,29.337775,0.196000,-4.606000,1.862000,-1.568000,2.156000,-0.882000,0.256229,-4.684094,1.905385,-1.649667,2.084031,-0.850099
1,123,29.371192,0.098000,-4.606000,1.764000,-1.372000,2.450000,-0.686000,0.158229,-4.684094,1.807385,-1.453667,2.378031,-0.654099
1,124,29.404647,0.098000,-4.704000,1.960000,-1.568000,2.156000,-0.784000,0.158229,-4.782094,2.003385,-1.649667,2.084031,-0.752099
1,125,29.438068,0.098000,-4.410000,1.764000,-1.372000,2.450000,-0.784000,0.158229,-4.488094,1.807385,-1.453667,2.378031,-0.752099
1,126,29.471477,0.294000,-4.508000,1.666000,-1.274000,2.254000,-0.882000,0.354229,-4.586094,1.709385,-1.355667,2.182031,-0.850099
1,127,29.504896,0.000000,-4.410000,1.862000,-1.470000,1.960000,-0.784000,0.060229,-4.488094,1.905385,-1.551667,1.888031,-0.752099
2,0,36.677896,0.098000,-4.410000,1.764000,-1.568000,2.058000,-0.980000,0.158229,-4.488094,1.807385,-1.649667,1.986031,-0.948099
2,1,36.711825,0.196000,-4.704000,1.862000,-1.372000,2.254000,-0.882000,0.256229,-4.782094,1.905385,-1.453667,2.182031,-0.850099
2,2,36.745402,0.098000,-4.704000,1.568000,-1.470000,2.156000,-0.784000,0.158229,-4.782094,1.611385,-1.551667,2.084031,-0.752099
2,3,36.778850,0.098000,-4.704000,1.960000,-1.568000,2.254000,-0.686000,0.158229,-4.782094,2.003385,-1.649667,2.182031,-0.654099
2,4,36.812272,0.098000,-4.704000,1.862000,-1.470000,2.254000,-0.784000,0.158229,-4.782094,1.905385,-1.551667,2.182031,-0.752099
2,5,36.845705,0.294000,-4.704000,1.960000,-1.372000,2.058000,-0.490000,0.354229,-4.782094,2.003385,-1.453667,1.986031,-0.458099
2,6,36.879107,0.000000,-4.508000,1.862000,-1.372000,2.058000,-0.784000,0.060229,-4.586094,1.905385,-1.453667,1.986031,-0.752099
2,7,36.912513,0.098000,-4.606000,1.960000,-1.372000,2.352000,-0.784000,0.158229,-4.684094,2.003385,-1.453667,2.280031,-0.752099
2,8,36.945935,0.196000,-4.606000,2.058000,-1.372000,2.156000,-0.686000,0.256229,-4.684094,2.101385,-1.453667,2.084031,-0.654099
2,9,36.979333,0.196000,-4.508000,1.862000,-1.568000,2.156000,-0.686000,0.256229,-4.586094,1.905385,-1.649667,2.084031,-0.654099
2,10,37.012725,0.000000,-4.508000,1.764000,-1.470000,2.352000,-0.686000,0.060229,-4.586094,1.807385,-1.551667,2.280031,-0.654099
2,11,37.046144,0.294000,-4.606000,1.960000,-1.470000,2.254000,-0.784000,0.354229,-4.684094,2.003385,-1.551667,2.182031,-0.752099
2,12,37.079546,0.098000,-4.606000,1.666000,-1.470000,2.058000,-0.784000,0.158229,-4.684094,1.709385,-1.551667,1.986031,-0.752099
2,13,37.112943,0.098000,-4.704000,1.960000,-1.470000,2.156000,-0.784000,0.158229,-4.782094,2.003385,-1.551667,2.084031,-0.752099
2,14,37.146362,0.196000,-4.606000,1.666000,-1.372000,2.156000,-0.686000,0.256229,-4.684094,1.709385,-1.453667,2.084031,-0.654099
2,15,37.179774,0.294000,-4.802000,2.058000,-1.274000,2.156000,-0.882000,0.354229,-4.880094,2.101385,-1.355667,2.084031,-0.850099
2,16,37.213204,0.294000,-4.508000,1.862000,-1.372000,2.352000,-0.784000,0.354229,-4.586094,1.905385,-1.453667,2.280031,-0.752099
2,17,37.246663,0.294000,-4.704000,1.764000,-1.470000,2.254000,-0.784000,0.354229,-4.782094,1.807385,-1.551667,2.182031,-0.752099
2,18,37.280089,0.294000,-4.410000,1.764000,-1.372000,2.156000,-0.784000,0.354229,-4.488094,1.807385,-1.453667,2.084031,-0.752099
2,19,37.313493,0.294000,-4.802000,1.960000,-1.470000,2.254000,-0.686000,0.354229,-4.880094,2.003385,-1.551667,2.182031,-0.654099
2,20,37.346925,0.098000,-4.312000,1.960000,-1.470000,2.254000,-0.686000,0.158229,-4.390094,2.003385,-1.551667,2.182031,-0.654099
2,21,37.380322,0.686000,-4.508000,1.862000,-1.372000,2.254000,-0.882000,0.746229,-4.586094,1.905385,-1.453667,2.182031,-0.850099
2,22,37.413721,0.000000,-4.704000,1.862000,-1.666000,2.156000,-0.686000,0.060229,-4.782094,1.905385,-1.747667,2.084031,-0.654099
2,23,37.447150,0.294000,-4.508000,1.862000,-1.568000,2.254000,-0.686000,0.354229,-4.586094,1.905385,-1.649667,2.182031,-0.654099
2,24,37.480551,0.294000,-4.704000,1.764000,-1.274000,2.254000,-0.882000,0.354229,-4.782094,1.807385,-1.355667,2.182031,-0.850099
2,25,37.513944,0.098000,-4.606000,1.960000,-1.470000,2.254000,-0.686000,0.158229,-4.684094,2.003385,-1.551667,2.182031,-0.654099
2,26,37.547369,0.490000,-4.606000,1.666000,-1.470000,2.156000,-0.686000,0.550229,-4.684094,1.709385,-1.551667,2.084031,-0.654099
2,27,37.580761,0.392000,-4.606000,1.862000,-1.372000,2.254000,-0.784000,0.452229,-4.684094,1.905385,-1.453667,2.182031,-0.752099
2,28,37.614176,0.000000,-4.704000,1.960000,-1.568000,2.254000,-0.686000,0.060229,-4.782094,2.003385,-1.649667,2.182031,-0.654099
2,29,37.647604,0.098000,-4.508000,1.862000,-1.568000,2.058000,-0.784000,0.158229,-4.586094,1.905385,-1.649667,1.986031,-0.752099
2,30,37.681001,0.196000,-4.606000,1.960000,-1.568000,2.254000,-0.686000,0.256229,-4.684094,2.003385,-1.649667,2.182031,-0.654099
2,31,37.714420,0.196000,-4.606000,1.862000,-1.372000,2.156000,-0.882000,0.256229,-4.684094,1.905385,-1.453667,2.084031,-0.850099
2,32,37.747848,0.196000,-4.508000,1.666000,-1.372000,2.254000,-0.882000,0.256229,-4.586094,1.709385,-1.453667,2.182031,-0.850099
2,33,37.781256,0.196000,-4.606000,1.764000,-1.666000,2.254000,-0.686000,0.256229,-4.684094,1.807385,-1.747667,2.182031,-0.654099
2,34,37.814667,0.000000,-4.508000,1.960000,-1.470000,2.254000,-0.686000,0.060229,-4.586094,2.003385,-1.551667,2.182031,-0.654099
2,35,37.848085,0.098000,-4.508000,1.862000,-1.666000,2.450000,-0.882000,0.158229,-4.586094,1.905385,-1.747667,2.378031,-0.850099
2,36,37.881491,0.294000,-4.508000,2.156000,-1.372000,2.254000,-0.784000,0.354229,-4.586094,2.199385,-1.453667,2.182031,-0.752099
2,37,37.914893,0.098000,-4.704000,1.764000,-1.568000,2.254000,-0.784000,0.158229,-4.782094,1.807385,-1.649667,2.182031,-0.752099
2,38,37.948318,0.294000,-4.606000,1.960000,-1.470000,2.352000,-0.784000,0.354229,-4.684094,2.003385,-1.551667,2.280031,-0.752099
2,39,37.981715,0.098000,-4.606000,1.764000,-1.372000,2.156000,-0.588000,0.158229,-4.684094,1.807385,-1.453667,2.084031,-0.556099
2,40,38.015118,0.294000,-4.606000,1.862000,-1.470000,2.254000,-0.882000,0.354229,-4.684094,1.905385,-1.551667,2.182031,-0.850099
2,41,38.048542,0.098000,-4.704000,1.764000,-1.568000,2.156000,-0.686000,0.158229,-4.782094,1.807385,-1.649667,2.084031,-0.654099
2,42,38.081946,0.196000,-4.606000,1.960000,-1.372000,2.352000,-0.686000,0.256229,-4.684094,2.003385,-1.453667,2.280031,-0.654099
2,43,38.115360,0.196000,-4.606000,1.862000,-1.372000,2.156000,-0.882000,0.256229,-4.684094,1.905385,-1.453667,2.084031,-0.850099
2,44,38.148782,0.098000,-4.802000,1.764000,-1.470000,1.960000,-0.686000,0.158229,-4.880094,1.807385,-1.551667,1.888031,-0.654099
2,45,38.182169,0.000000,-4.802000,1.862000,-1.470000,2.254000,-0.686000,0.060229,-4.880094,1.905385,-1.551667,2.182031,-0.654099
2,46,38.215560,0.098000,-4.606000,1.862000,-1.568000,2.352000,-0.784000,0.158229,-4.684094,1.905385,-1.649667,2.280031,-0.752099
2,47,38.248980,0.098000,-4.704000,1.666000,-1.372000,2.156000,-0.686000,0.158229,-4.782094,1.709385,-1.453667,2.084031,-0.654099
2,48,38.282384,0.294000,-4.606000,1.764000,-1.666000,2.156000,-0.784000,0.354229,-4.684094,1.807385,-1.747667,2.084031,-0.752099
2,49,38.315781,0.196000,-4.704000,1.764000,-1.372000,2.450000,-0.980000,0.256229,-4.782094,1.807385,-1.453667,2.378031,-0.948099
2,50,38.349197,0.196000,-4.606000,1.862000,-1.372000,2.156000,-0.784000,0.256229,-4.684094,1.905385,-1.453667,2.084031,-0.752099
2,51,38.382619,0.196000,-4.606000,1.666000,-1.372000,2.156000,-0.588000,0.256229,-4.684094,1.709385,-1.453667,2.084031,-0.556099
2,52,38.416015,0.196000,-4.410000,1.862000,-1.666000,2.156000,-0.882000,0.256229,-4.488094,1.905385,-1.747667,2.084031,-0.850099
2,53,38.449435,0.196000,-4.508000,1.960000,-1.568000,2.058000,-0.588000,0.256229,-4.586094,2.003385,-1.649667,1.986031,-0.556099
2,54,38.482828,0.098000,-4.508000,1.960000,-1.470000,1.862000,-0.784000,0.158229,-4.586094,2.003385,-1.551667,1.790031,-0.752099
2,55,38.516222,0.000000,-4.802000,1.960000,-1.372000,2.156000,-0.784000,0.060229,-4.880094,2.003385,-1.453667,2.084031,-0.752099
2,56,38.549643,0.196000,-4.606000,1.960000,-1.372000,2.352000,-0.588000,0.256229,-4.684094,2.003385,-1.453667,2.280031,-0.556099
2,57,38.583062,0.294000,-4.704000,1.960000,-1.568000,2.254000,-0.686000,0.354229,-4.782094,2.003385,-1.649667,2.182031,-0.654099
2,58,38.616484,0.294000,-4.802000,2.156000,-1.470000,2.254000,-0.784000,0.354229,-4.880094,2.199385,-1.551667,2.182031,-0.752099
2,59,38.649894,0.294000,-4.410000,1.960000,-1.470000,2.156000,-0.686000,0.354229,-4.488094,2.003385,-1.551667,2.084031,-0.654099
2,60,38.683294,0.196000,-4.508000,1.960000,-1.470000,2.254000,-0.784000,0.256229,-4.586094,2.003385,-1.551667,2.182031,-0.752099
2,61,38.716721,0.196000,-4.606000,1.764000,-1.470000,2.156000,-0.784000,0.256229,-4.684094,1.807385,-1.551667,2.084031,-0.752099
2,62,38.750130,0.098000,-4.704000,1.960000,-1.568000,2.254000,-0.686000,0.158229,-4.782094,2.003385,-1.649667,2.182031,-0.654099
2,63,38.783525,0.098000,-4.508000,1.960000,-1.666000,2.254000,-0.686000,0.158229,-4.586094,2.003385,-1.747667,2.182031,-0.654099
2,64,38.816951,0.196000,-4.704000,1.862000,-1.568000,2.156000,-0.784000,0.256229,-4.782094,1.905385,-1.649667,2.084031,-0.752099
2,65,38.850362,0.196000,-4.410000,1.764000,-1.372000,2.254000,-0.784000,0.256229,-4.488094,1.807385,-1.453667,2.182031,-0.752099
2,66,38.883778,0.490000,-4.508000,1.862000,-1.470000,2.352000,-0.686000,0.550229,-4.586094,1.905385,-1.551667,2.280031,-0.654099
2,67,38.917172,0.196000,-4.900000,1.764000,-1.470000,2.156000,-0.784000,0.256229,-4.978094,1.807385,-1.551667,2.084031,-0.752099
2,68,38.950589,0.098000,-4.606000,2.058000,-1.372000,2.156000,-0.784000,0.158229,-4.684094,2.101385,-1.453667,2.084031,-0.752099
2,69,38.984004,0.098000,-4.606000,1.764000,-1.372000,2.156000,-0.784000,0.158229,-4.684094,1.807385,-1.453667,2.084031,-0.752099
2,70,39.017396,0.098000,-4.802000,1.862000,-1.470000,2.352000,-0.686000,0.158229,-4.880094,1.905385,-1.551667,2.280031,-0.654099
2,71,39.050823,0.196000,-4.606000,1.862000,-1.568000,2.254000,-0.784000,0.256229,-4.684094,1.905385,-1.649667,2.182031,-0.752099
2,72,39.084219,0.196000,-4.508000,1.862000,-1.470000,2.352000,-0.784000,0.256229,-4.586094,1.905385,-1.551667,2.280031,-0.752099
2,73,39.117610,0.000000,-4.606000,1.862000,-1.470000,2.058000,-0.784000,0.060229,-4.684094,1.905385,-1.551667,1.986031,-0.752099
2,74,39.151052,0.294000,-4.606000,1.960000,-1.372000,2.352000,-0.686000,0.354229,-4.684094,2.003385,-1.453667,2.280031,-0.654099
2,75,39.184447,0.098000,-4.508000,1.764000,-1.568000,2.156000,-0.588000,0.158229,-4.586094,1.807385,-1.649667,2.084031,-0.556099
2,76,39.217837,0.098000,-4.606000,1.862000,-1.372000,2.352000,-0.784000,0.158229,-4.684094,1.905385,-1.453667,2.280031,-0.752099
2,77,39.251263,0.294000,-4.606000,1.764000,-1.764000,2.156000,-0.686000,0.354229,-4.684094,1.807385,-1.845667,2.084031,-0.654099
2,78,39.284675,0.294000,-4.704000,2.254000,-1.470000,2.156000,-0.882000,0.354229,-4.782094,2.297385,-1.551667,2.084031,-0.850099
2,79,39.318073,0.294000,-4.410000,1.764000,-1.274000,2.156000,-0.784000,0.354229,-4.488094,1.807385,-1.355667,2.084031,-0.752099
2,80,39.351487,0.196000,-4.802000,1.764000,-1.568000,1.960000,-0.686000,0.256229,-4.880094,1.807385,-1.649667,1.888031,-0.654099
2,81,39.384880,0.294000,-4.998000,1.960000,-1.372000,2.254000,-0.686000,0.354229,-5.076094,2.003385,-1.453667,2.182031,-0.654099
2,82,39.418267,0.098000,-4.704000,1.862000,-1.470000,2.254000,-0.784000,0.158229,-4.782094,1.905385,-1.551667,2.182031,-0.752099
2,83,39.451687,0.294000,-4.508000,1.960000,-1.372000,2.156000,-0.686000,0.354229,-4.586094,2.003385,-1.453667,2.084031,-0.654099
2,84,39.485084,0.000000,-4.508000,1.568000,-1.470000,2.254000,-0.784000,0.060229,-4.586094,1.611385,-1.551667,2.182031,-0.752099
2,85,39.518468,0.098000,-4.606000,2.058000,-1.372000,2.156000,-0.686000,0.158229,-4.684094,2.101385,-1.453667,2.084031,-0.654099
2,86,39.551887,-0.098000,-4.606000,2.058000,-1.568000,2.254000,-0.882000,-0.037771,-4.684094,2.101385,-1.649667,2.182031,-0.850099
2,87,39.585307,0.294000,-4.606000,2.058000,-1.470000,2.156000,-0.686000,0.354229,-4.684094,2.101385,-1.551667,2.084031,-0.654099
2,88,39.618700,0.294000,-4.704000,1.862000,-1.470000,2.254000,-0.686000,0.354229,-4.782094,1.905385,-1.551667,2.182031,-0.654099
2,89,39.652129,0.392000,-4.606000,1.862000,-1.372000,2.254000,-0.784000,0.452229,-4.684094,1.905385,-1.453667,2.182031,-0.752099
2,90,39.685531,0.196000,-4.606000,1.764000,-1.470000,2.352000,-0.588000,0.256229,-4.684094,1.807385,-1.551667,2.280031,-0.556099
2,91,39.718919,0.196000,-4.606000,1.960000,-1.470000,2.058000,-0.882000,0.256229,-4.684094,2.003385,-1.551667,1.986031,-0.850099
2,92,39.752352,0.196000,-4.606000,1.960000,-1.568000,2.254000,-0.784000,0.256229,-4.684094,2.003385,-1.649667,2.182031,-0.752099
2,93,39.785752,0.098000,-4.410000,1.764000,-1.372000,2.156000,-0.784000,0.158229,-4.488094,1.807385,-1.453667,2.084031,-0.752099
2,94,39.819142,0.000000,-4.704000,1.960000,-1.666000,2.156000,-0.784000,0.060229,-4.782094,2.003385,-1.747667,2.084031,-0.752099
2,95,39.852562,0.196000,-4.508000,1.862000,-1.470000,2.254000,-0.686000,0.256229,-4.586094,1.905385,-1.551667,2.182031,-0.654099
2,96,39.885954,0.294000,-4.606000,1.960000,-1.568000,2.156000,-0.686000,0.354229,-4.684094,2.003385,-1.649667,2.084031,-0.654099
2,97,39.919344,0.294000,-4.606000,2.058000,-1.372000,2.254000,-0.686000,0.354229,-4.684094,2.101385,-1.453667,2.182031,-0.654099
2,98,39.952760,0.098000,-4.312000,1.862000,-1.372000,2.254000,-0.784000,0.158229,-4.390094,1.905385,-1.453667,2.182031,-0.752099
2,99,39.986147,0.000000,-4.606000,1.862000,-1.372000,2.156000,-0.882000,0.060229,-4.684094,1.905385,-1.453667,2.084031,-0.850099
2,100,40.019532,0.098000,-4.606000,1.960000,-1.764000,2.156000,-0.686000,0.158229,-4.684094,2.003385,-1.845667,2.084031,-0.654099
2,101,40.052951,0.196000,-4.606000,1.764000,-1.372000,2.254000,-0.784000,0.256229,-4.684094,1.807385,-1.453667,2.182031,-0.752099
2,102,40.086356,0.392000,-4.704000,1.764000,-1.372000,2.156000,-0.882000,0.452229,-4.782094,1.807385,-1.453667,2.084031,-0.850099
2,103,40.119768,0.294000,-4.704000,1.764000,-1.470000,2.058000,-0.882000,0.354229,-4.782094,1.807385,-1.551667,1.986031,-0.850099
2,104,40.153185,0.098000,-4.802000,1.666000,-1.568000,2.254000,-0.784000,0.158229,-4.880094,1.709385,-1.649667,2.182031,-0.752099
2,105,40.186626,0.000000,-4.606000,2.058000,-1.470000,2.352000,-0.784000,0.060229,-4.684094,2.101385,-1.551667,2.280031,-0.752099
2,106,40.220053,0.196000,-4.606000,1.862000,-1.568000,2.156000,-0.882000,0.256229,-4.684094,1.905385,-1.649667,2.084031,-0.850099
2,107,40.253472,0.098000,-4.508000,1.764000,-1.470000,2.156000,-0.784000,0.158229,-4.586094,1.807385,-1.551667,2.084031,-0.752099
2,108,40.286891,0.196000,-4.606000,1.960000,-1.568000,2.058000,-0.686000,0.256229,-4.684094,2.003385,-1.649667,1.986031,-0.654099
2,109,40.320291,0.098000,-4.802000,1.764000,-1.666000,2.254000,-0.784000,0.158229,-4.880094,1.807385,-1.747667,2.182031,-0.752099
2,110,40.353713,-0.098000,-4.802000,1.862000,-1.372000,2.156000,-0.784000,-0.037771,-4.880094,1.905385,-1.453667,2.084031,-0.752099
2,111,40.387115,0.294000,-4.508000,1.862000,-1.372000,2.254000,-0.784000,0.354229,-4.586094,1.905385,-1.453667,2.182031,-0.752099
2,112,40.420510,0.294000,-4.704000,2.058000,-1.274000,2.254000,-0.686000,0.354229,-4.782094,2.101385,-1.355667,2.182031,-0.654099
2,113,40.453927,0.196000,-4.802000,1.764000,-1.470000,2.156000,-0.686000,0.256229,-4.880094,1.807385,-1.551667,2.084031,-0.654099
2,114,40.487331,0.294000,-4.606000,1.862000,-1.568000,2.352000,-0.686000,0.354229,-4.684094,1.905385,-1.649667,2.280031,-0.654099
2,115,40.520721,0.196000,-4.508000,1.764000,-1.274000,2.254000,-0.686000,0.256229,-4.586094,1.807385,-1.355667,2.182031,-0.654099
2,116,40.554135,0.392000,-4.704000,1.862000,-1.372000,2.156000,-0.686000,0.452229,-4.782094,1.905385,-1.453667,2.084031,-0.654099
2,117,40.587530,-0.098000,-4.410000,1.764000,-1.470000,2.254000,-0.784000,-0.037771,-4.488094,1.807385,-1.551667,2.182031,-0.752099
2,118,40.620931,0.000000,-4.606000,1.862000,-1.470000,2.058000,-0.980000,0.060229,-4.684094,1.905385,-1.551667,1.986031,-0.948099
2,119,40.654341,0.392000,-4.802000,2.058000,-1.568000,2.058000,-0.882000,0.452229,-4.880094,2.101385,-1.649667,1.986031,-0.850099
2,120,40.687740,0.098000,-4.606000,1.764000,-1.666000,2.156000,-0.784000,0.158229,-4.684094,1.807385,-1.747667,2.084031,-0.752099
2,121,40.721128,0.196000,-4.606000,1.862000,-1.666000,2.156000,-0.686000,0.256229,-4.684094,1.905385,-1.747667,2.084031,-0.654099
2,122,40.754552,0.392000,-4.606000,1.960000,-1.568000,2.254000,-0.588000,0.452229,-4.684094,2.003385,-1.649667,2.182031,-0.556099
2,123,40.787964,0.196000,-4.606000,1.862000,-1.470000,2.156000,-0.686000,0.256229,-4.684094,1.905385,-1.551667,2.084031,-0.654099
2,124,40.821360,0.000000,-4.312000,1.666000,-1.568000,2.156000,-0.882000,0.060229,-4.390094,1.709385,-1.649667,2.084031,-0.850099
2,125,40.854790,0.294000,-4.606000,1.862000,-1.568000,2.352000,-0.882000,0.354229,-4.684094,1.905385,-1.649667,2.280031,-0.850099
2,126,40.888193,0.294000,-4.606000,1.862000,-1.372000,2.156000,-0.686000,0.354229,-4.684094,1.905385,-1.453667,2.084031,-0.654099
2,127,40.921589,0.196000,-4.508000,1.960000,-1.568000,2.254000,-0.686000,0.256229,-4.586094,2.003385,-1.649667,2.182031,-0.654099
3,0,49.086829,0.392000,-4.704000,1.764000,-1.372000,2.254000,-0.784000,0.452229,-4.782094,1.807385,-1.453667,2.182031,-0.752099
3,1,49.120322,0.196000,-4.606000,2.058000,-1.372000,2.156000,-0.686000,0.256229,-4.684094,2.101385,-1.453667,2.084031,-0.654099
3,2,49.153862,0.000000,-4.508000,1.862000,-1.372000,2.156000,-0.686000,0.060229,-4.586094,1.905385,-1.453667,2.084031,-0.654099
3,3,49.187397,0.294000,-4.606000,1.666000,-1.568000,2.156000,-0.686000,0.354229,-4.684094,1.709385,-1.649667,2.084031,-0.654099
3,4,49.220806,-0.196000,-4.704000,1.960000,-1.372000,2.254000,-0.686000,-0.135771,-4.782094,2.003385,-1.453667,2.182031,-0.654099
3,5,49.254199,0.294000,-4.606000,2.156000,-1.372000,2.058000,-0.784000,0.354229,-4.684094,2.199385,-1.453667,1.986031,-0.752099
3,6,49.287653,0.098000,-4.704000,1.666000,-1.372000,2.352000,-0.784000,0.158229,-4.782094,1.709385,-1.453667,2.280031,-0.752099
3,7,49.321057,0.392000,-4.606000,1.764000,-1.568000,2.352000,-0.686000,0.452229,-4.684094,1.807385,-1.649667,2.280031,-0.654099
3,8,49.354531,0.196000,-4.508000,1.764000,-1.470000,2.254000,-0.784000,0.256229,-4.586094,1.807385,-1.551667,2.182031,-0.752099
3,9,49.387938,0.098000,-4.410000,1.960000,-1.470000,2.254000,-0.686000,0.158229,-4.488094,2.003385,-1.551667,2.182031,-0.654099
3,10,49.421332,0.588000,-4.606000,1.764000,-1.470000,2.156000,-0.882000,0.648229,-4.684094,1.807385,-1.551667,2.084031,-0.850099
3,11,49.454800,0.294000,-4.704000,2.058000,-1.470000,2.156000,-0.882000,0.354229,-4.782094,2.101385,-1.551667,2.084031,-0.850099
3,12,49.488207,0.294000,-4.802000,1.862000,-1.568000,2.058000,-0.784000,0.354229,-4.880094,1.905385,-1.649667,1.986031,-0.752099
3,13,49.521611,0.098000,-4.508000,1.960000,-1.666000,2.254000,-0.784000,0.158229,-4.586094,2.003385,-1.747667,2.182031,-0.752099
3,14,49.555061,0.098000,-4.802000,1.960000,-1.372000,2.254000,-0.686000,0.158229,-4.880094,2.003385,-1.453667,2.182031,-0.654099
3,15,49.588468,0.294000,-4.704000,2.058000,-1.470000,2.058000,-0.686000,0.354229,-4.782094,2.101385,-1.551667,1.986031,-0.654099
3,16,49.621857,0.000000,-4.802000,1.960000,-1.470000,2.254000,-0.784000,0.060229,-4.880094,2.003385,-1.551667,2.182031,-0.752099
3,17,49.655285,0.098000,-4.606000,1.764000,-1.568000,2.156000,-0.686000,0.158229,-4.684094,1.807385,-1.649667,2.084031,-0.654099
3,18,49.688705,0.098000,-4.704000,1.960000,-1.470000,2.058000,-0.686000,0.158229,-4.782094,2.003385,-1.551667,1.986031,-0.654099
3,19,49.722095,0.196000,-4.606000,2.058000,-1.470000,2.156000,-0.784000,0.256229,-4.684094,2.101385,-1.551667,2.084031,-0.752099
3,20,49.755539,0.294000,-4.802000,1.960000,-1.372000,2.156000,-0.588000,0.354229,-4.880094,2.003385,-1.453667,2.084031,-0.556099
3,21,49.788997,0.098000,-4.704000,1.960000,-1.568000,1.960000,-0.784000,0.158229,-4.782094,2.003385,-1.649667,1.888031,-0.752099
3,22,49.822401,0.294000,-4.508000,1.666000,-1.470000,2.156000,-0.784000,0.354229,-4.586094,1.709385,-1.551667,2.084031,-0.752099
3,23,49.855797,0.294000,-4.508000,1.764000,-1.470000,2.254000,-0.686000,0.354229,-4.586094,1.807385,-1.551667,2.182031,-0.654099
3,24,49.889223,0.196000,-4.606000,1.764000,-1.666000,2.156000,-0.784000,0.256229,-4.684094,1.807385,-1.747667,2.084031,-0.752099
3,25,49.922622,-0.098000,-4.410000,1.862000,-1.470000,2.254000,-0.784000,-0.037771,-4.488094,1.905385,-1.551667,2.182031,-0.752099
3,26,49.956072,0.000000,-4.606000,1.862000,-1.470000,2.254000,-0.686000,0.060229,-4.684094,1.905385,-1.551667,2.182031,-0.654099
3,27,49.989475,0.196000,-4.704000,1.862000,-1.568000,2.450000,-0.686000,0.256229,-4.782094,1.905385,-1.649667,2.378031,-0.654099
3,28,50.022879,0.294000,-4.606000,1.666000,-1.470000,2.254000,-0.686000,0.354229,-4.684094,1.709385,-1.551667,2.182031,-0.654099
3,29,50.056333,0.196000,-4.704000,1.960000,-1.568000,2.254000,-0.784000,0.256229,-4.782094,2.003385,-1.649667,2.182031,-0.752099
3,30,50.089746,0.196000,-4.606000,2.058000,-1.470000,2.156000,-0.686000,0.256229,-4.684094,2.101385,-1.551667,2.084031,-0.654099
3,31,50.123192,0.196000,-4.704000,1.764000,-1.470000,2.352000,-0.784000,0.256229,-4.782094,1.807385,-1.551667,2.280031,-0.752099
3,32,50.156611,0.098000,-4.802000,1.862000,-1.764000,2.156000,-0.784000,0.158229,-4.880094,1.905385,-1.845667,2.084031,-0.752099
3,33,50.190020,0.098000,-4.704000,1.666000,-1.470000,2.156000,-0.784000,0.158229,-4.782094,1.709385,-1.551667,2.084031,-0.752099
3,34,50.223414,0.196000,-4.606000,1.862000,-1.372000,2.254000,-0.882000,0.256229,-4.684094,1.905385,-1.453667,2.182031,-0.850099
3,35,50.256861,0.196000,-4.606000,1.764000,-1.568000,1.960000,-0.686000,0.256229,-4.684094,1.807385,-1.649667,1.888031,-0.654099
3,36,50.290285,0.098000,-4.704000,1.960000,-1.470000,2.058000,-0.686000,0.158229,-4.782094,2.003385,-1.551667,1.986031,-0.654099
3,37,50.323690,0.196000,-4.410000,1.862000,-1.568000,2.254000,-0.784000,0.256229,-4.488094,1.905385,-1.649667,2.182031,-0.752099
3,38,50.357180,0.098000,-4.606000,1.764000,-1.568000,2.156000,-0.686000,0.158229,-4.684094,1.807385,-1.649667,2.084031,-0.654099
3,39,50.390645,0.098000,-4.704000,1.862000,-1.470000,2.058000,-0.882000,0.158229,-4.782094,1.905385,-1.551667,1.986031,-0.850099
3,40,50.424060,0.000000,-4.704000,1.764000,-1.372000,2.156000,-0.784000,0.060229,-4.782094,1.807385,-1.453667,2.084031,-0.752099
3,41,50.457453,0.098000,-4.508000,1.960000,-1.470000,2.058000,-0.686000,0.158229,-4.586094,2.003385,-1.551667,1.986031,-0.654099
3,42,50.490877,0.392000,-4.508000,1.666000,-1.568000,2.058000,-0.588000,0.452229,-4.586094,1.709385,-1.649667,1.986031,-0.556099
3,43,50.524273,0.196000,-4.704000,1.862000,-1.470000,2.058000,-0.686000,0.256229,-4.782094,1.905385,-1.551667,1.986031,-0.654099
3,44,50.557731,0.000000,-4.606000,1.960000,-1.372000,2.254000,-0.882000,0.060229,-4.684094,2.003385,-1.453667,2.182031,-0.850099
3,45,50.591134,0.196000,-4.704000,1.764000,-1.372000,2.156000,-0.784000,0.256229,-4.782094,1.807385,-1.453667,2.084031,-0.752099
3,46,50.624562,0.196000,-4.704000,1.764000,-1.568000,2.254000,-0.588000,0.256229,-4.782094,1.807385,-1.649667,2.182031,-0.556099
3,47,50.658033,0.196000,-4.606000,1.764000,-1.568000,2.156000,-0.686000,0.256229,-4.684094,1.807385,-1.649667,2.084031,-0.654099
3,48,50.691440,0.000000,-4.508000,1.960000,-1.372000,2.156000,-0.784000,0.060229,-4.586094,2.003385,-1.453667,2.084031,-0.752099
3,49,50.724838,0.392000,-4.508000,1.960000,-1.470000,2.254000,-0.686000,0.452229,-4.586094,2.003385,-1.551667,2.182031,-0.654099
3,50,50.758289,0.196000,-4.410000,1.862000,-1.568000,2.058000,-0.686000,0.256229,-4.488094,1.905385,-1.649667,1.986031,-0.654099
3,51,50.791696,0.098000,-4.312000,1.764000,-1.568000,2.058000,-0.686000,0.158229,-4.390094,1.807385,-1.649667,1.986031,-0.654099
3,52,50.825088,0.196000,-4.508000,1.960000,-1.470000,2.352000,-0.686000,0.256229,-4.586094,2.003385,-1.551667,2.280031,-0.654099
3,53,50.858544,0.196000,-4.704000,1.666000,-1.372000,2.156000,-0.784000,0.256229,-4.782094,1.709385,-1.453667,2.084031,-0.752099
3,54,50.891954,0.196000,-4.704000,1.960000,-1.372000,2.156000,-0.686000,0.256229,-4.782094,2.003385,-1.453667,2.084031,-0.654099
3,55,50.925353,0.196000,-4.802000,2.058000,-1.470000,2.352000,-0.882000,0.256229,-4.880094,2.101385,-1.551667,2.280031,-0.850099
3,56,50.958805,0.196000,-4.802000,1.862000,-1.568000,2.352000,-0.784000,0.256229,-4.880094,1.905385,-1.649667,2.280031,-0.752099
3,57,50.992357,0.196000,-4.508000,1.862000,-1.666000,2.156000,-0.784000,0.256229,-4.586094,1.905385,-1.747667,2.084031,-0.752099
3,58,51.025786,0.294000,-4.704000,1.862000,-1.372000,2.156000,-0.588000,0.354229,-4.782094,1.905385,-1.453667,2.084031,-0.556099
3,59,51.059267,0.196000,-4.508000,1.862000,-1.372000,2.254000,-0.784000,0.256229,-4.586094,1.905385,-1.453667,2.182031,-0.752099
3,60,51.092676,0.196000,-4.704000,1.862000,-1.470000,2.254000,-0.686000,0.256229,-4.782094,1.905385,-1.551667,2.182031,-0.654099
3,61,51.126073,0.098000,-4.508000,1.666000,-1.372000,2.156000,-0.784000,0.158229,-4.586094,1.709385,-1.453667,2.084031,-0.752099
3,62,51.159564,0.098000,-4.704000,1.960000,-1.470000,2.254000,-0.784000,0.158229,-4.782094,2.003385,-1.551667,2.182031,-0.752099
3,63,51.192974,0.294000,-4.606000,1.862000,-1.372000,2.254000,-0.882000,0.354229,-4.684094,1.905385,-1.453667,2.182031,-0.850099
3,64,51.226367,0.098000,-4.802000,2.058000,-1.372000,2.058000,-0.784000,0.158229,-4.880094,2.101385,-1.453667,1.986031,-0.752099
3,65,51.259829,0.196000,-4.704000,1.764000,-1.568000,2.058000,-0.784000,0.256229,-4.782094,1.807385,-1.649667,1.986031,-0.752099
3,66,51.293265,0.196000,-4.508000,1.862000,-1.274000,2.156000,-0.784000,0.256229,-4.586094,1.905385,-1.355667,2.084031,-0.752099
3,67,51.326695,0.294000,-4.508000,1.960000,-1.470000,2.156000,-0.784000,0.354229,-4.586094,2.003385,-1.551667,2.084031,-0.752099
3,68,51.360163,0.392000,-4.704000,1.960000,-1.568000,2.352000,-0.784000,0.452229,-4.782094,2.003385,-1.649667,2.280031,-0.752099
3,69,51.393593,0.098000,-4.900000,1.862000,-1.470000,2.156000,-0.686000,0.158229,-4.978094,1.905385,-1.551667,2.084031,-0.654099
3,70,51.427035,0.000000,-4.802000,1.862000,-1.568000,2.058000,-0.686000,0.060229,-4.880094,1.905385,-1.649667,1.986031,-0.654099
3,71,51.460452,0.196000,-4.704000,1.862000,-1.274000,2.156000,-0.784000,0.256229,-4.782094,1.905385,-1.355667,2.084031,-0.752099
3,72,51.493849,0.294000,-4.508000,2.058000,-1.470000,2.254000,-0.784000,0.354229,-4.586094,2.101385,-1.551667,2.182031,-0.752099
3,73,51.527250,0.294000,-4.704000,1.862000,-1.372000,2.156000,-0.784000,0.354229,-4.782094,1.905385,-1.453667,2.084031,-0.752099
3,74,51.560663,0.196000,-4.704000,1.960000,-1.470000,2.254000,-0.686000,0.256229,-4.782094,2.003385,-1.551667,2.182031,-0.654099
3,75,51.594106,0.588000,-4.606000,1.862000,-1.568000,2.058000,-0.784000,0.648229,-4.684094,1.905385,-1.649667,1.986031,-0.752099
3,76,51.627547,0.098000,-4.410000,1.666000,-1.372000,2.156000,-0.686000,0.158229,-4.488094,1.709385,-1.453667,2.084031,-0.654099
3,77,51.660950,0.294000,-4.606000,1.666000,-1.470000,2.450000,-0.784000,0.354229,-4.684094,1.709385,-1.551667,2.378031,-0.752099
3,78,51.694340,0.098000,-4.704000,1.862000,-1.372000,2.156000,-0.980000,0.158229,-4.782094,1.905385,-1.453667,2.084031,-0.948099
3,79,51.727735,0.392000,-4.606000,1.666000,-1.372000,2.156000,-0.784000,0.452229,-4.684094,1.709385,-1.453667,2.084031,-0.752099
3,80,51.761154,0.294000,-4.704000,1.862000,-1.568000,2.058000,-0.882000,0.354229,-4.782094,1.905385,-1.649667,1.986031,-0.850099
3,81,51.794553,0.098000,-4.508000,2.058000,-1.470000,2.156000,-0.686000,0.158229,-4.586094,2.101385,-1.551667,2.084031,-0.654099
3,82,51.827947,0.196000,-4.802000,1.568000,-1.470000,2.058000,-0.686000,0.256229,-4.880094,1.611385,-1.551667,1.986031,-0.654099
3,83,51.861338,0.000000,-4.410000,1.960000,-1.470000,2.254000,-0.784000,0.060229,-4.488094,2.003385,-1.551667,2.182031,-0.752099
3,84,51.894728,0.196000,-4.704000,1.764000,-1.470000,2.352000,-0.784000,0.256229,-4.782094,1.807385,-1.551667,2.280031,-0.752099
3,85,51.928123,0.196000,-4.704000,1.960000,-1.568000,2.254000,-0.686000,0.256229,-4.782094,2.003385,-1.649667,2.182031,-0.654099
3,86,51.961512,0.196000,-4.508000,1.960000,-1.372000,2.254000,-0.784000,0.256229,-4.586094,2.003385,-1.453667,2.182031,-0.752099
3,87,51.994909,0.294000,-4.606000,1.960000,-1.372000,2.450000,-0.686000,0.354229,-4.684094,2.003385,-1.453667,2.378031,-0.654099
3,88,52.028304,0.196000,-4.802000,1.764000,-1.372000,2.156000,-0.784000,0.256229,-4.880094,1.807385,-1.453667,2.084031,-0.752099
3,89,52.061692,0.490000,-4.508000,1.960000,-1.470000,2.156000,-0.784000,0.550229,-4.586094,2.003385,-1.551667,2.084031,-0.752099
3,90,52.095109,0.098000,-4.410000,1.960000,-1.274000,2.352000,-0.784000,0.158229,-4.488094,2.003385,-1.355667,2.280031,-0.752099
3,91,52.128513,0.294000,-4.704000,1.862000,-1.372000,2.254000,-0.686000,0.354229,-4.782094,1.905385,-1.453667,2.182031,-0.654099
3,92,52.161899,0.098000,-4.704000,1.666000,-1.470000,1.960000,-0.784000,0.158229,-4.782094,1.709385,-1.551667,1.888031,-0.752099
3,93,52.195374,0.196000,-4.802000,2.058000,-1.666000,2.352000,-0.686000,0.256229,-4.880094,2.101385,-1.747667,2.280031,-0.654099
3,94,52.228807,0.196000,-4.410000,1.862000,-1.274000,1.960000,-0.686000,0.256229,-4.488094,1.905385,-1.355667,1.888031,-0.654099
3,95,52.262245,0.196000,-4.312000,1.960000,-1.470000,2.254000,-0.686000,0.256229,-4.390094,2.003385,-1.551667,2.182031,-0.654099
3,96,52.295664,0.098000,-4.704000,1.862000,-1.372000,2.156000,-0.784000,0.158229,-4.782094,1.905385,-1.453667,2.084031,-0.752099
3,97,52.329067,0.294000,-4.802000,1.960000,-1.274000,2.156000,-0.784000,0.354229,-4.880094,2.003385,-1.355667,2.084031,-0.752099
3,98,52.362448,0.098000,-4.704000,1.862000,-1.274000,2.254000,-0.686000,0.158229,-4.782094,1.905385,-1.355667,2.182031,-0.654099
3,99,52.395841,0.000000,-4.802000,1.862000,-1.372000,2.352000,-0.980000,0.060229,-4.880094,1.905385,-1.453667,2.280031,-0.948099
3,100,52.429263,0.294000,-4.802000,1.862000,-1.568000,2.156000,-0.588000,0.354229,-4.880094,1.905385,-1.649667,2.084031,-0.556099
3,101,52.462655,0.098000,-4.606000,2.058000,-1.372000,2.254000,-0.784000,0.158229,-4.684094,2.101385,-1.453667,2.182031,-0.752099
3,102,52.496075,0.196000,-4.410000,1.862000,-1.372000,2.254000,-0.784000,0.256229,-4.488094,1.905385,-1.453667,2.182031,-0.752099
3,103,52.529538,0.294000,-4.606000,1.960000,-1.470000,2.254000,-0.784000,0.354229,-4.684094,2.003385,-1.551667,2.182031,-0.752099
3,104,52.562980,0.196000,-4.606000,1.862000,-1.372000,2.254000,-0.882000,0.256229,-4.684094,1.905385,-1.453667,2.182031,-0.850099
3,105,52.596399,0.294000,-4.410000,1.764000,-1.666000,2.352000,-0.784000,0.354229,-4.488094,1.807385,-1.747667,2.280031,-0.752099
3,106,52.629837,0.098000,-4.606000,1.764000,-1.470000,2.058000,-0.784000,0.158229,-4.684094,1.807385,-1.551667,1.986031,-0.752099
3,107,52.663259,0.392000,-4.410000,2.058000,-1.274000,2.156000,-0.686000,0.452229,-4.488094,2.101385,-1.355667,2.084031,-0.654099
3,108,52.696720,0.196000,-4.508000,1.960000,-1.470000,2.156000,-0.882000,0.256229,-4.586094,2.003385,-1.551667,2.084031,-0.850099
3,109,52.730159,0.196000,-4.704000,1.960000,-1.470000,2.156000,-0.784000,0.256229,-4.782094,2.003385,-1.551667,2.084031,-0.752099
3,110,52.763553,0.294000,-4.508000,1.764000,-1.568000,2.254000,-0.686000,0.354229,-4.586094,1.807385,-1.649667,2.182031,-0.654099
3,111,52.797034,0.000000,-4.704000,1.862000,-1.470000,2.058000,-0.882000,0.060229,-4.782094,1.905385,-1.551667,1.986031,-0.850099
3,112,52.830463,0.294000,-4.704000,1.862000,-1.274000,2.156000,-0.686000,0.354229,-4.782094,1.905385,-1.355667,2.084031,-0.654099
3,113,52.863864,0.294000,-4.704000,1.764000,-1.470000,2.156000,-0.784000,0.354229,-4.782094,1.807385,-1.551667,2.084031,-0.752099
3,114,52.897286,0.098000,-4.606000,1.862000,-1.666000,2.352000,-0.882000,0.158229,-4.684094,1.905385,-1.747667,2.280031,-0.850099
3,115,52.930693,0.098000,-4.606000,1.862000,-1.470000,2.156000,-0.882000,0.158229,-4.684094,1.905385,-1.551667,2.084031,-0.850099
3,116,52.964084,0.196000,-4.508000,1.764000,-1.666000,2.156000,-0.784000,0.256229,-4.586094,1.807385,-1.747667,2.084031,-0.752099
3,117,52.997473,0.098000,-4.704000,1.960000,-1.666000,2.156000,-0.686000,0.158229,-4.782094,2.003385,-1.747667,2.084031,-0.654099
3,118,53.030862,0.294000,-4.508000,1.960000,-1.568000,2.058000,-0.686000,0.354229,-4.586094,2.003385,-1.649667,1.986031,-0.654099
3,119,53.064253,0.294000,-4.606000,1.862000,-1.274000,2.156000,-0.980000,0.354229,-4.684094,1.905385,-1.355667,2.084031,-0.948099
3,120,53.097800,0.392000,-4.508000,1.960000,-1.372000,2.254000,-0.882000,0.452229,-4.586094,2.003385,-1.453667,2.182031,-0.850099
3,121,53.131399,0.196000,-4.606000,1.764000,-1.470000,2.156000,-0.686000,0.256229,-4.684094,1.807385,-1.551667,2.084031,-0.654099
3,122,53.164784,0.294000,-4.802000,1.862000,-1.372000,2.352000,-0.588000,0.354229,-4.880094,1.905385,-1.453667,2.280031,-0.556099
3,123,53.198151,0.196000,-4.508000,1.862000,-1.470000,2.254000,-0.784000,0.256229,-4.586094,1.905385,-1.551667,2.182031,-0.752099
3,124,53.231573,0.392000,-4.508000,1.666000,-1.470000,2.254000,-0.686000,0.452229,-4.586094,1.709385,-1.551667,2.182031,-0.654099
3,125,53.264983,0.294000,-4.802000,1.764000,-1.568000,2.352000,-0.490000,0.354229,-4.880094,1.807385,-1.649667,2.280031,-0.458099
3,126,53.298400,0.098000,-4.508000,1.862000,-1.274000,2.156000,-0.882000,0.158229,-4.586094,1.905385,-1.355667,2.084031,-0.850099
3,127,53.331947,0.098000,-4.704000,2.058000,-1.470000,2.254000,-0.686000,0.158229,-4.782094,2.101385,-1.551667,2.182031,-0.654099
4,0,57.766396,0.294000,-4.704000,1.960000,-1.470000,2.156000,-0.784000,0.354229,-4.782094,2.003385,-1.551667,2.084031,-0.752099
4,1,57.800009,0.000000,-4.606000,1.960000,-1.274000,2.254000,-0.784000,0.060229,-4.684094,2.003385,-1.355667,2.182031,-0.752099
4,2,57.833537,0.294000,-4.802000,1.862000,-1.470000,2.254000,-0.784000,0.354229,-4.880094,1.905385,-1.551667,2.182031,-0.752099
4,3,57.866970,0.196000,-4.704000,1.862000,-1.470000,2.254000,-0.784000,0.256229,-4.782094,1.905385,-1.551667,2.182031,-0.752099
4,4,57.900399,0.294000,-4.704000,1.862000,-1.372000,2.156000,-0.784000,0.354229,-4.782094,1.905385,-1.453667,2.084031,-0.752099
4,5,57.933795,0.294000,-4.606000,1.764000,-1.470000,2.254000,-0.784000,0.354229,-4.684094,1.807385,-1.551667,2.182031,-0.752099
4,6,57.967187,0.294000,-4.508000,1.862000,-1.568000,2.254000,-0.686000,0.354229,-4.586094,1.905385,-1.649667,2.182031,-0.654099
4,7,58.000581,0.196000,-4.802000,1.862000,-1.470000,2.352000,-0.784000,0.256229,-4.880094,1.905385,-1.551667,2.280031,-0.752099
4,8,58.033966,0.294000,-4.802000,1.862000,-1.372000,2.156000,-0.784000,0.354229,-4.880094,1.905385,-1.453667,2.084031,-0.752099
4,9,58.067356,0.588000,-4.606000,1.764000,-1.470000,2.548000,-0.980000,0.648229,-4.684094,1.807385,-1.551667,2.476031,-0.948099
4,10,58.100890,0.294000,-4.606000,1.764000,-1.568000,2.352000,-0.882000,0.354229,-4.684094,1.807385,-1.649667,2.280031,-0.850099
4,11,58.134390,0.098000,-4.704000,1.764000,-1.666000,2.058000,-0.490000,0.158229,-4.782094,1.807385,-1.747667,1.986031,-0.458099
4,12,58.167795,-0.098000,-4.606000,1.764000,-1.274000,2.254000,-0.784000,-0.037771,-4.684094,1.807385,-1.355667,2.182031,-0.752099
4,13,58.201267,0.098000,-4.802000,1.862000,-1.470000,2.156000,-0.882000,0.158229,-4.880094,1.905385,-1.551667,2.084031,-0.850099
4,14,58.234685,0.000000,-4.606000,1.960000,-1.568000,2.058000,-0.784000,0.060229,-4.684094,2.003385,-1.649667,1.986031,-0.752099
4,15,58.268101,0.196000,-4.704000,1.666000,-1.470000,2.058000,-0.784000,0.256229,-4.782094,1.709385,-1.551667,1.986031,-0.752099
4,16,58.301511,0.196000,-4.704000,1.666000,-1.568000,2.156000,-0.882000,0.256229,-4.782094,1.709385,-1.649667,2.084031,-0.850099
4,17,58.334928,0.098000,-4.704000,2.058000,-1.470000,2.254000,-0.686000,0.158229,-4.782094,2.101385,-1.551667,2.182031,-0.654099
4,18,58.368325,0.196000,-4.606000,1.862000,-1.568000,2.254000,-0.784000,0.256229,-4.684094,1.905385,-1.649667,2.182031,-0.752099
4,19,58.401780,0.000000,-4.606000,1.960000,-1.568000,2.156000,-0.686000,0.060229,-4.684094,2.003385,-1.649667,2.084031,-0.654099
4,20,58.435194,0.196000,-4.802000,1.568000,-1.470000,2.058000,-0.784000,0.256229,-4.880094,1.611385,-1.551667,1.986031,-0.752099
4,21,58.468586,0.098000,-4.802000,1.862000,-1.470000,2.058000,-0.686000,0.158229,-4.880094,1.905385,-1.551667,1.986031,-0.654099
4,22,58.501983,0.196000,-4.508000,1.862000,-1.470000,2.352000,-0.784000,0.256229,-4.586094,1.905385,-1.551667,2.280031,-0.752099
4,23,58.535375,0.196000,-4.606000,1.862000,-1.372000,2.156000,-0.784000,0.256229,-4.684094,1.905385,-1.453667,2.084031,-0.752099
4,24,58.568793,0.294000,-4.802000,1.862000,-1.470000,2.156000,-0.686000,0.354229,-4.880094,1.905385,-1.551667,2.084031,-0.654099
4,25,58.602180,0.000000,-4.606000,1.960000,-1.470000,2.254000,-0.686000,0.060229,-4.684094,2.003385,-1.551667,2.182031,-0.654099
4,26,58.635572,0.098000,-4.508000,1.960000,-1.568000,2.254000,-0.882000,0.158229,-4.586094,2.003385,-1.649667,2.182031,-0.850099
4,27,58.668963,0.294000,-4.410000,1.764000,-1.372000,2.450000,-0.882000,0.354229,-4.488094,1.807385,-1.453667,2.378031,-0.850099
4,28,58.702357,0.294000,-4.704000,1.666000,-1.372000,2.156000,-0.882000,0.354229,-4.782094,1.709385,-1.453667,2.084031,-0.850099
4,29,58.735772,0.196000,-4.606000,1.960000,-1.470000,2.156000,-0.588000,0.256229,-4.684094,2.003385,-1.551667,2.084031,-0.556099
4,30,58.769166,0.098000,-4.410000,1.764000,-1.764000,2.156000,-0.784000,0.158229,-4.488094,1.807385,-1.845667,2.084031,-0.752099
4,31,58.802622,0.196000,-4.606000,1.862000,-1.666000,2.352000,-0.784000,0.256229,-4.684094,1.905385,-1.747667,2.280031,-0.752099
4,32,58.836043,-0.098000,-4.704000,1.862000,-1.372000,2.156000,-0.882000,-0.037771,-4.782094,1.905385,-1.453667,2.084031,-0.850099
4,33,58.869437,0.098000,-4.606000,1.764000,-1.568000,2.058000,-0.686000,0.158229,-4.684094,1.807385,-1.649667,1.986031,-0.654099
4,34,58.902843,0.196000,-4.508000,1.862000,-1.470000,2.156000,-0.686000,0.256229,-4.586094,1.905385,-1.551667,2.084031,-0.654099
4,35,58.936229,0.294000,-4.508000,1.764000,-1.470000,2.156000,-0.784000,0.354229,-4.586094,1.807385,-1.551667,2.084031,-0.752099
4,36,58.969615,0.196000,-4.508000,1.960000,-1.470000,2.156000,-0.784000,0.256229,-4.586094,2.003385,-1.551667,2.084031,-0.752099
4,37,59.003015,0.000000,-4.606000,1.862000,-1.568000,2.352000,-0.784000,0.060229,-4.684094,1.905385,-1.649667,2.280031,-0.752099
4,38,59.036402,0.196000,-4.704000,1.666000,-1.470000,2.352000,-0.686000,0.256229,-4.782094,1.709385,-1.551667,2.280031,-0.654099
4,39,59.069790,0.294000,-4.508000,1.960000,-1.372000,2.156000,-0.588000,0.354229,-4.586094,2.003385,-1.453667,2.084031,-0.556099
4,40,59.103199,0.000000,-4.704000,1.764000,-1.470000,2.254000,-0.784000,0.060229,-4.782094,1.807385,-1.551667,2.182031,-0.752099
4,41,59.136727,0.098000,-4.606000,1.764000,-1.372000,2.156000,-0.882000,0.158229,-4.684094,1.807385,-1.453667,2.084031,-0.850099
4,42,59.170119,0.294000,-4.606000,1.862000,-1.470000,2.156000,-0.686000,0.354229,-4.684094,1.905385,-1.551667,2.084031,-0.654099
4,43,59.203533,0.294000,-4.606000,1.862000,-1.470000,2.156000,-0.882000,0.354229,-4.684094,1.905385,-1.551667,2.084031,-0.850099
4,44,59.236928,0.196000,-4.410000,1.960000,-1.470000,2.156000,-0.686000,0.256229,-4.488094,2.003385,-1.551667,2.084031,-0.654099
4,45,59.270332,0.196000,-4.606000,1.862000,-1.470000,2.156000,-0.588000,0.256229,-4.684094,1.905385,-1.551667,2.084031,-0.556099
4,46,59.303731,0.196000,-4.704000,1.960000,-1.568000,2.254000,-0.686000,0.256229,-4.782094,2.003385,-1.649667,2.182031,-0.654099
4,47,59.337149,0.294000,-4.508000,2.156000,-1.470000,2.156000,-0.784000,0.354229,-4.586094,2.199385,-1.551667,2.084031,-0.752099
4,48,59.370547,0.196000,-4.704000,1.960000,-1.372000,2.254000,-0.784000,0.256229,-4.782094,2.003385,-1.453667,2.182031,-0.752099
4,49,59.404022,0.196000,-4.704000,1.960000,-1.666000,2.254000,-0.882000,0.256229,-4.782094,2.003385,-1.747667,2.182031,-0.850099
4,50,59.437444,0.000000,-4.606000,2.058000,-1.470000,2.254000,-0.980000,0.060229,-4.684094,2.101385,-1.551667,2.182031,-0.948099
4,51,59.470841,0.098000,-4.704000,1.764000,-1.372000,2.058000,-0.980000,0.158229,-4.782094,1.807385,-1.453667,1.986031,-0.948099
4,52,59.504238,0.196000,-4.606000,1.862000,-1.372000,2.254000,-0.686000,0.256229,-4.684094,1.905385,-1.453667,2.182031,-0.654099
4,53,59.537629,0.196000,-4.606000,1.862000,-1.470000,2.254000,-0.784000,0.256229,-4.684094,1.905385,-1.551667,2.182031,-0.752099
4,54,59.571021,0.196000,-4.704000,1.764000,-1.568000,2.058000,-0.784000,0.256229,-4.782094,1.807385,-1.649667,1.986031,-0.752099
4,55,59.604416,0.196000,-4.900000,1.764000,-1.372000,2.254000,-0.784000,0.256229,-4.978094,1.807385,-1.453667,2.182031,-0.752099
4,56,59.637805,0.098000,-4.508000,1.862000,-1.372000,2.254000,-0.784000,0.158229,-4.586094,1.905385,-1.453667,2.182031,-0.752099
4,57,59.671191,0.392000,-4.606000,1.764000,-1.568000,2.254000,-0.686000,0.452229,-4.684094,1.807385,-1.649667,2.182031,-0.654099
4,58,59.704591,0.294000,-4.704000,1.764000,-1.470000,2.156000,-0.882000,0.354229,-4.782094,1.807385,-1.551667,2.084031,-0.850099
4,59,59.737980,0.196000,-4.410000,1.862000,-1.568000,2.058000,-0.686000,0.256229,-4.488094,1.905385,-1.649667,1.986031,-0.654099
4,60,59.771371,0.000000,-4.606000,1.764000,-1.470000,2.156000,-0.784000,0.060229,-4.684094,1.807385,-1.551667,2.084031,-0.752099
4,61,59.804763,0.098000,-4.606000,1.862000,-1.666000,2.058000,-0.784000,0.158229,-4.684094,1.905385,-1.747667,1.986031,-0.752099
4,62,59.838149,0.196000,-4.606000,1.960000,-1.372000,2.058000,-0.686000,0.256229,-4.684094,2.003385,-1.453667,1.986031,-0.654099
4,63,59.871538,-0.098000,-4.606000,1.862000,-1.470000,2.156000,-0.686000,-0.037771,-4.684094,1.905385,-1.551667,2.084031,-0.654099
4,64,59.904935,0.392000,-4.704000,1.568000,-1.372000,2.254000,-0.784000,0.452229,-4.782094,1.611385,-1.453667,2.182031,-0.752099
4,65,59.938320,0.490000,-4.704000,1.960000,-1.666000,2.156000,-0.784000,0.550229,-4.782094,2.003385,-1.747667,2.084031,-0.752099
4,66,59.971711,0.196000,-4.606000,1.862000,-1.568000,2.254000,-0.784000,0.256229,-4.684094,1.905385,-1.649667,2.182031,-0.752099
4,67,60.005152,0.196000,-4.606000,1.764000,-1.470000,2.058000,-0.882000,0.256229,-4.684094,1.807385,-1.551667,1.986031,-0.850099
4,68,60.038570,0.392000,-4.508000,1.862000,-1.666000,2.254000,-0.980000,0.452229,-4.586094,1.905385,-1.747667,2.182031,-0.948099
4,69,60.071966,0.196000,-4.508000,1.764000,-1.568000,2.254000,-0.784000,0.256229,-4.586094,1.807385,-1.649667,2.182031,-0.752099
4,70,60.105367,0.196000,-4.508000,1.960000,-1.470000,1.960000,-0.784000,0.256229,-4.586094,2.003385,-1.551667,1.888031,-0.752099
4,71,60.138768,0.098000,-4.704000,1.960000,-1.470000,2.254000,-0.784000,0.158229,-4.782094,2.003385,-1.551667,2.182031,-0.752099
4,72,60.172151,0.294000,-4.802000,2.058000,-1.470000,2.254000,-0.686000,0.354229,-4.880094,2.101385,-1.551667,2.182031,-0.654099
4,73,60.205544,0.000000,-4.704000,1.862000,-1.470000,2.058000,-0.882000,0.060229,-4.782094,1.905385,-1.551667,1.986031,-0.850099
4,74,60.238925,0.000000,-4.704000,1.862000,-1.470000,2.156000,-0.882000,0.060229,-4.782094,1.905385,-1.551667,2.084031,-0.850099
4,75,60.272327,0.196000,-4.508000,1.764000,-1.470000,2.156000,-0.882000,0.256229,-4.586094,1.807385,-1.551667,2.084031,-0.850099
4,76,60.305723,0.196000,-4.606000,1.862000,-1.372000,2.156000,-0.686000,0.256229,-4.684094,1.905385,-1.453667,2.084031,-0.654099
4,77,60.339115,0.294000,-4.900000,1.862000,-1.568000,2.254000,-0.784000,0.354229,-4.978094,1.905385,-1.649667,2.182031,-0.752099
4,78,60.372508,0.294000,-4.606000,2.058000,-1.372000,2.254000,-0.784000,0.354229,-4.684094,2.101385,-1.453667,2.182031,-0.752099
4,79,60.405897,0.098000,-4.900000,1.862000,-1.568000,2.156000,-0.686000,0.158229,-4.978094,1.905385,-1.649667,2.084031,-0.654099
4,80,60.439314,0.196000,-4.606000,1.764000,-1.470000,2.254000,-0.686000,0.256229,-4.684094,1.807385,-1.551667,2.182031,-0.654099
4,81,60.472710,0.196000,-4.508000,1.960000,-1.470000,2.352000,-0.784000,0.256229,-4.586094,2.003385,-1.551667,2.280031,-0.752099
4,82,60.506108,0.294000,-4.606000,1.960000,-1.568000,2.254000,-0.980000,0.354229,-4.684094,2.003385,-1.649667,2.182031,-0.948099
4,83,60.539499,0.294000,-4.606000,2.058000,-1.372000,2.156000,-0.686000,0.354229,-4.684094,2.101385,-1.453667,2.084031,-0.654099
4,84,60.572889,0.294000,-4.606000,1.960000,-1.372000,2.156000,-0.686000,0.354229,-4.684094,2.003385,-1.453667,2.084031,-0.654099
4,85,60.606356,0.392000,-4.606000,1.764000,-1.470000,2.352000,-0.882000,0.452229,-4.684094,1.807385,-1.551667,2.280031,-0.850099
4,86,60.639779,0.098000,-4.508000,1.862000,-1.568000,2.156000,-0.588000,0.158229,-4.586094,1.905385,-1.649667,2.084031,-0.556099
4,87,60.673174,0.098000,-4.802000,1.764000,-1.568000,2.156000,-0.784000,0.158229,-4.880094,1.807385,-1.649667,2.084031,-0.752099
4,88,60.706579,0.196000,-4.606000,1.764000,-1.372000,2.352000,-0.784000,0.256229,-4.684094,1.807385,-1.453667,2.280031,-0.752099
4,89,60.739968,0.098000,-4.704000,2.058000,-1.372000,2.156000,-0.686000,0.158229,-4.782094,2.101385,-1.453667,2.084031,-0.654099
4,90,60.773356,0.196000,-4.802000,1.764000,-1.470000,2.254000,-0.686000,0.256229,-4.880094,1.807385,-1.551667,2.182031,-0.654099
4,91,60.806753,0.098000,-4.410000,1.960000,-1.470000,2.254000,-0.882000,0.158229,-4.488094,2.003385,-1.551667,2.182031,-0.850099
4,92,60.840164,0.000000,-4.410000,1.764000,-1.568000,2.254000,-0.686000,0.060229,-4.488094,1.807385,-1.649667,2.182031,-0.654099
4,93,60.873561,0.294000,-4.606000,1.960000,-1.470000,2.254000,-0.784000,0.354229,-4.684094,2.003385,-1.551667,2.182031,-0.752099
4,94,60.906963,0.294000,-4.508000,1.764000,-1.568000,2.254000,-0.784000,0.354229,-4.586094,1.807385,-1.649667,2.182031,-0.752099
4,95,60.940348,0.098000,-4.802000,1.960000,-1.568000,2.352000,-0.686000,0.158229,-4.880094,2.003385,-1.649667,2.280031,-0.654099
4,96,60.973738,0.196000,-4.606000,1.862000,-1.568000,2.156000,-0.686000,0.256229,-4.684094,1.905385,-1.649667,2.084031,-0.654099
4,97,61.007175,0.000000,-4.606000,1.862000,-1.568000,2.156000,-0.686000,0.060229,-4.684094,1.905385,-1.649667,2.084031,-0.654099
4,98,61.040582,0.196000,-4.704000,1.862000,-1.470000,2.156000,-0.882000,0.256229,-4.782094,1.905385,-1.551667,2.084031,-0.850099
4,99,61.073970,0.392000,-4.802000,1.862000,-1.666000,2.058000,-0.784000,0.452229,-4.880094,1.905385,-1.747667,1.986031,-0.752099
4,100,61.107371,0.196000,-4.508000,1.960000,-1.764000,2.254000,-0.686000,0.256229,-4.586094,2.003385,-1.845667,2.182031,-0.654099
4,101,61.140764,0.000000,-4.802000,1.862000,-1.568000,2.156000,-0.784000,0.060229,-4.880094,1.905385,-1.649667,2.084031,-0.752099
4,102,61.174148,0.098000,-4.704000,1.862000,-1.470000,2.156000,-0.784000,0.158229,-4.782094,1.905385,-1.551667,2.084031,-0.752099
4,103,61.207601,0.098000,-4.606000,1.666000,-1.666000,2.156000,-0.686000,0.158229,-4.684094,1.709385,-1.747667,2.084031,-0.654099
4,104,61.240998,0.392000,-4.704000,1.764000,-1.372000,2.254000,-0.784000,0.452229,-4.782094,1.807385,-1.453667,2.182031,-0.752099
4,105,61.274389,0.294000,-4.704000,1.960000,-1.372000,2.156000,-0.686000,0.354229,-4.782094,2.003385,-1.453667,2.084031,-0.654099
4,106,61.307791,0.098000,-4.312000,1.764000,-1.470000,2.156000,-0.784000,0.158229,-4.390094,1.807385,-1.551667,2.084031,-0.752099
4,107,61.341175,0.098000,-4.508000,1.862000,-1.470000,2.254000,-0.784000,0.158229,-4.586094,1.905385,-1.551667,2.182031,-0.752099
4,108,61.374576,0.196000,-4.410000,1.960000,-1.568000,2.254000,-0.784000,0.256229,-4.488094,2.003385,-1.649667,2.182031,-0.752099
4,109,61.407972,0.490000,-4.704000,1.666000,-1.666000,2.254000,-0.784000,0.550229,-4.782094,1.709385,-1.747667,2.182031,-0.752099
4,110,61.441388,0.098000,-4.606000,1.960000,-1.470000,2.254000,-0.784000,0.158229,-4.684094,2.003385,-1.551667,2.182031,-0.752099
4,111,61.474791,0.098000,-4.704000,1.960000,-1.470000,2.058000,-0.882000,0.158229,-4.782094,2.003385,-1.551667,1.986031,-0.850099
4,112,61.508195,0.294000,-4.508000,1.764000,-1.372000,2.156000,-0.686000,0.354229,-4.586094,1.807385,-1.453667,2.084031,-0.654099
4,113,61.541583,0.098000,-4.606000,1.862000,-1.372000,2.254000,-0.882000,0.158229,-4.684094,1.905385,-1.453667,2.182031,-0.850099
4,114,61.574973,0.294000,-4.704000,1.862000,-1.568000,2.450000,-1.078000,0.354229,-4.782094,1.905385,-1.649667,2.378031,-1.046099
4,115,61.608367,0.196000,-4.704000,1.568000,-1.372000,2.450000,-0.686000,0.256229,-4.782094,1.611385,-1.453667,2.378031,-0.654099
4,116,61.641759,-0.098000,-4.410000,1.862000,-1.470000,2.156000,-0.980000,-0.037771,-4.488094,1.905385,-1.551667,2.084031,-0.948099
4,117,61.675149,0.294000,-4.704000,1.862000,-1.568000,2.156000,-0.686000,0.354229,-4.782094,1.905385,-1.649667,2.084031,-0.654099
4,118,61.708548,0.196000,-4.704000,1.764000,-1.568000,2.254000,-0.686000,0.256229,-4.782094,1.807385,-1.649667,2.182031,-0.654099
4,119,61.741931,0.196000,-4.508000,1.960000,-1.372000,2.254000,-0.784000,0.256229,-4.586094,2.003385,-1.453667,2.182031,-0.752099
4,120,61.775320,0.098000,-4.606000,1.764000,-1.568000,2.352000,-0.588000,0.158229,-4.684094,1.807385,-1.649667,2.280031,-0.556099
4,121,61.808771,0.196000,-4.704000,1.764000,-1.568000,2.254000,-0.686000,0.256229,-4.782094,1.807385,-1.649667,2.182031,-0.654099
4,122,61.842161,0.098000,-4.312000,2.058000,-1.568000,1.960000,-0.784000,0.158229,-4.390094,2.101385,-1.649667,1.888031,-0.752099
4,123,61.875559,0.294000,-4.508000,1.862000,-1.372000,2.352000,-0.686000,0.354229,-4.586094,1.905385,-1.453667,2.280031,-0.654099
4,124,61.908959,0.196000,-4.606000,2.058000,-1.372000,2.352000,-0.784000,0.256229,-4.684094,2.101385,-1.453667,2.280031,-0.752099
4,125,61.942345,0.000000,-4.606000,1.764000,-1.568000,2.156000,-0.686000,0.060229,-4.684094,1.807385,-1.649667,2.084031,-0.654099
4,126,61.975736,0.196000,-4.704000,1.960000,-1.470000,1.960000,-0.784000,0.256229,-4.782094,2.003385,-1.551667,1.888031,-0.752099
4,127,62.009128,0.294000,-4.508000,1.960000,-1.666000,2.254000,-0.686000,0.354229,-4.586094,2.003385,-1.747667,2.182031,-0.654099
