pose_id,session_id,yaw_deg,pitch_deg,roll_deg,S1_Bx_measured_mT,S1_By_measured_mT,S1_Bz_measured_mT,S2_Bx_measured_mT,S2_By_measured_mT,S2_Bz_measured_mT,S1_Bx_predicted_mT,S1_By_predicted_mT,S1_Bz_predicted_mT,S2_Bx_predicted_mT,S2_By_predicted_mT,S2_Bz_predicted_mT,S1_Bx_residual_mT,S1_By_residual_mT,S1_Bz_residual_mT,S2_Bx_residual_mT,S2_By_residual_mT,S2_Bz_residual_mT
0,cal-20260717T104800Z,57.451909,9.962713,9.727038,1.023896000,-1.173703000,0.508120000,-1.113729000,-3.229917000,1.437333000,1.101285880,-1.061157252,0.442297250,-1.402399174,-3.876169828,1.524364288,0.077389880,0.112545748,-0.065822750,-0.288670174,-0.646252828,0.087031288
1,cal-20260717T104800Z,47.730531,9.853860,9.752513,0.895271000,-1.461578000,0.685745000,-1.570042000,-2.614354000,1.308708000,0.969421937,-1.385843584,0.591670256,-1.859524848,-3.129698133,1.382339361,0.074150937,0.075734416,-0.094074744,-0.289482848,-0.515344133,0.073631361
2,cal-20260717T104800Z,38.097827,9.667772,9.799391,0.757458000,-1.657578000,0.743932000,-1.946729000,-1.900792000,1.097396000,0.805600801,-1.673275594,0.722539915,-2.235704838,-2.275188520,1.181073251,0.048142801,-0.015697594,-0.021392085,-0.288975838,-0.374396520,0.083677251
3,cal-20260717T104800Z,27.422684,9.454594,9.888255,0.518583000,-1.936266000,0.878682000,-2.317292000,-1.027979000,0.818708000,0.591086598,-1.935356181,0.839570795,-2.535254699,-1.265104720,0.906647524,0.072503598,0.000909819,-0.039111205,-0.217962699,-0.237125720,0.087939524
4,cal-20260717T104800Z,17.723935,9.383954,10.044756,0.344021000,-2.123078000,0.909307000,-2.553104000,-0.176604000,0.530833000,0.373965589,-2.101704383,0.911386789,-2.698066290,-0.356416081,0.637202532,0.029944589,0.021373617,0.002079789,-0.144962290,-0.179812081,0.106369532
5,cal-20260717T104800Z,7.797236,9.380624,10.185850,0.086771000,-2.196578000,0.906245000,-2.632729000,0.644146000,0.252146000,0.145007042,-2.203255528,0.952007280,-2.768749730,0.540829889,0.350577862,0.058236042,-0.006677528,0.045762280,-0.136020730,-0.103316111,0.098431862
6,cal-20260717T104800Z,-2.844210,9.359810,10.279346,-0.115354000,-2.193516000,0.952182000,-2.681729000,1.516958000,-0.118417000,-0.100137142,-2.243956539,0.963333703,-2.736062817,1.438360622,0.039144782,0.015216858,-0.050440539,0.011151703,-0.054333817,-0.078597378,0.157561782
7,cal-20260717T104800Z,-13.678179,9.268674,10.454953,-0.348104000,-2.169016000,0.933807000,-2.537792000,2.316271000,-0.421604000,-0.351178282,-2.209669518,0.939339480,-2.587256851,2.224694579,-0.259086471,-0.003074282,-0.040653518,0.005532480,-0.049464851,-0.091576421,0.162517529
8,cal-20260717T104800Z,-23.350441,9.263685,10.616755,-0.586979000,-2.107766000,0.912370000,-2.357104000,2.928771000,-0.648229000,-0.562490875,-2.107489279,0.884972806,-2.400954778,2.812484873,-0.496993208,0.024488125,0.000276721,-0.027397194,-0.043850778,-0.116286127,0.151235792
9,cal-20260717T104800Z,-33.081557,9.329614,10.753455,-0.792167000,-1.969953000,0.820495000,-2.173354000,3.382021000,-0.877917000,-0.755047160,-1.941857583,0.801719098,-2.180773544,3.301940474,-0.709045753,0.037119840,0.028095417,-0.018775902,-0.007419544,-0.080080526,0.168871247
10,cal-20260717T104800Z,-43.333772,9.349484,10.902285,-0.951417000,-1.758641000,0.734745000,-1.851792000,3.734208000,-1.061667000,-0.936223722,-1.709489635,0.686783410,-1.910066867,3.692891004,-0.901379058,0.015193278,0.049151365,-0.047961590,-0.058274867,-0.041316996,0.160287942
11,cal-20260717T104800Z,-53.949302,8.926594,9.324903,-1.171917000,-1.587141000,0.639807000,-1.398542000,4.162958000,-1.309729000,-1.104948651,-1.533748228,0.604579642,-1.485494289,4.181399266,-1.179677555,0.066968349,0.053392772,-0.035227358,-0.086952289,0.018441266,0.130051445
12,cal-20260717T104800Z,-63.153472,9.028317,9.520948,-1.297479000,-1.283953000,0.526495000,-1.076979000,4.313021000,-1.413854000,-1.214122083,-1.213979754,0.451799196,-1.206834301,4.327555117,-1.291033151,0.083356917,0.069973246,-0.074695804,-0.129855301,0.014534117,0.122820849
13,cal-20260717T104800Z,56.828070,9.824138,5.152891,1.232146000,-1.094078000,0.492807000,-1.680292000,-3.569854000,1.532271000,1.314903487,-1.045198916,0.379956725,-2.169743711,-4.076853155,1.597045289,0.082757487,0.048879084,-0.112850275,-0.489451711,-0.506999155,0.064774289
14,cal-20260717T104800Z,46.685745,9.615962,5.229551,1.140271000,-1.476891000,0.627557000,-2.151917000,-2.804229000,1.327083000,1.197711095,-1.444211286,0.568878628,-2.607824529,-3.069606637,1.355827266,0.057440095,0.032679714,-0.058678372,-0.455907529,-0.265377637,0.028744266
15,cal-20260717T104800Z,36.845903,9.490364,5.312919,0.987146000,-1.749453000,0.713307000,-2.556167000,-1.891604000,1.030021000,1.037139180,-1.782592481,0.729122871,-2.926165724,-2.016900833,1.073604132,0.049993180,-0.033139481,0.015815871,-0.369998724,-0.125296833,0.043583132
16,cal-20260717T104800Z,26.645575,9.458814,5.502804,0.775833000,-1.994453000,0.848057000,-2.853229000,-0.877917000,0.729896000,0.827147876,-2.063518237,0.863143441,-3.123212208,-0.902863210,0.751371166,0.051314876,-0.069065237,0.015086441,-0.269983208,-0.024946210,0.021475166
17,cal-20260717T104800Z,17.263713,9.389135,5.630189,0.607396000,-2.175141000,0.967495000,-3.046167000,0.114333000,0.414458000,0.614101750,-2.264537283,0.958510009,-3.187043723,0.121519753,0.429698969,0.006705750,-0.089396283,-0.008984991,-0.140876723,0.007186753,0.015240969
18,cal-20260717T104800Z,7.092358,9.276308,5.802885,0.389958000,-2.386453000,1.007307000,-3.067604000,1.094333000,0.056146000,0.363779279,-2.414161731,1.029694066,-3.122979330,1.164170712,0.078747467,-0.026178721,-0.027708731,0.022387066,-0.055375330,0.069837712,0.022601467
19,cal-20260717T104800Z,-3.536870,9.258421,6.019779,0.099021000,-2.441578000,1.089995000,-2.938979000,2.150896000,-0.341979000,0.092075397,-2.477663263,1.060867673,-2.954493546,2.128916870,-0.262660513,-0.006945603,-0.036085263,-0.029127327,-0.015514546,-0.021979130,0.079318487
20,cal-20260717T104800Z,-13.956163,10.369132,4.903788,-0.020417000,-2.374203000,1.056307000,-2.984917000,3.314646000,-0.743167000,-0.070316738,-2.429941663,1.042987109,-2.928766404,3.302331808,-0.655482279,-0.049899738,-0.055738663,-0.013319891,0.056150596,-0.012314192,0.087684721
21,cal-20260717T104800Z,-24.012079,10.398533,5.006214,-0.259292000,-2.346641000,1.007307000,-2.644979000,4.034333000,-1.055542000,-0.315843865,-2.352779691,1.012452461,-2.594470093,4.008091854,-0.937765232,-0.056551865,-0.006138691,0.005145461,0.050508907,-0.026241146,0.117776768
22,cal-20260717T104800Z,-34.635879,10.432943,5.178080,-0.537979000,-2.205766000,0.988932000,-2.210104000,4.640708000,-1.309729000,-0.568044853,-2.190467511,0.942262792,-2.206923209,4.568954892,-1.182586453,-0.030065853,0.015298489,-0.046669208,0.003180791,-0.071753108,0.127142547
23,cal-20260717T104800Z,-44.199080,10.483110,5.269907,-0.758479000,-2.040391000,0.875620000,-1.811979000,4.980646000,-1.524104000,-0.775962822,-1.982234629,0.849668689,-1.844676805,4.950521412,-1.368921631,-0.017483822,0.058156371,-0.025951311,-0.032697805,-0.030124588,0.155182369
24,cal-20260717T104800Z,-54.528997,10.575012,5.368018,-0.960604000,-1.715766000,0.746995000,-1.364854000,5.234833000,-1.637417000,-0.973392237,-1.692142616,0.718514110,-1.452156835,5.237974682,-1.533845425,-0.012788237,0.023623384,-0.028480890,-0.087302835,0.003141682,0.103571575
25,cal-20260717T104800Z,-64.273462,10.664798,5.365085,-1.132104000,-1.403391000,0.615307000,-0.969792000,5.338958000,-1.753792000,-1.126284972,-1.372964888,0.573093650,-1.068217672,5.414433699,-1.666998946,0.005819028,0.030426112,-0.042213350,-0.098425672,0.075475699,0.086793054
26,cal-20260717T104800Z,56.248947,10.208614,0.107746,1.501646000,-0.996078000,0.364182000,-2.684792000,-3.891417000,1.565958000,1.534221000,-0.941332447,0.250458545,-3.251358444,-4.272479690,1.606184356,0.032575000,0.054745553,-0.113723455,-0.566566444,-0.381062690,0.040226356
27,cal-20260717T104800Z,46.657621,10.096435,0.134346,1.449583000,-1.424828000,0.547932000,-3.079854000,-2.868542000,1.268896000,1.465912053,-1.365563518,0.453409807,-3.625661638,-3.063087549,1.280656789,0.016329053,0.059264482,-0.094522193,-0.545807638,-0.194545549,0.011760789
28,cal-20260717T104800Z,36.961579,9.929687,0.196237,1.302583000,-1.795391000,0.679620000,-3.428979000,-1.704792000,0.892208000,1.346201008,-1.761262039,0.645953844,-3.838590891,-1.741194957,0.895855868,0.043618008,0.034128961,-0.033666156,-0.409611891,-0.036402957,0.003647868
29,cal-20260717T104800Z,26.268487,9.795604,0.237138,1.094333000,-2.123078000,0.869495000,-3.624979000,-0.381792000,0.460396000,1.162506439,-2.132788504,0.829511602,-3.896607712,-0.272786008,0.440415396,0.068173439,-0.009710504,-0.039983398,-0.271628712,0.109005992,-0.019980604
30,cal-20260717T104800Z,16.738047,9.690529,0.316646,0.913646000,-2.346641000,1.001182000,-3.628042000,0.830958000,0.046958000,0.959034632,-2.397345990,0.963910840,-3.784514282,0.975209909,0.033451830,0.045388632,-0.050704990,-0.037271160,-0.156472282,0.144251909,-0.013506170
32,cal-20260717T104800Z,6.899693,9.589203,0.413160,0.736021000,-2.570203000,1.089995000,-3.499417000,2.055958000,-0.348104000,0.720686687,-2.598238627,1.070024430,-3.533546836,2.147660724,-0.366814146,-0.015334313,-0.028035627,-0.019970570,-0.034129836,0.091702724,-0.018710146
33,cal-20260717T104800Z,-3.329109,9.562757,0.619230,0.457333000,-2.704953000,1.151245000,-3.196229000,3.155396000,-0.767667000,0.445385840,-2.712719832,1.138430716,-3.177543159,3.185217278,-0.731620835,-0.011947160,-0.007766832,-0.012814284,0.018685841,0.029821278,0.036046165
34,cal-20260717T104800Z,-13.814724,9.557809,0.763637,0.200083000,-2.677391000,1.166557000,-2.810354000,4.080271000,-1.095354000,0.156369235,-2.742729610,1.167827685,-2.744399362,4.073384071,-1.060796062,-0.043713765,-0.065338610,0.001270685,0.065954638,-0.006886929,0.034557938
35,cal-20260717T104800Z,-23.400833,9.556814,0.907290,-0.008167000,-2.701891000,1.157370000,-2.384667000,4.827521000,-1.386292000,-0.112792804,-2.691872240,1.158581718,-2.314536351,4.708646751,-1.310432786,-0.104625804,0.010018760,0.001211718,0.070130649,-0.118874249,0.075859214
36,cal-20260717T104800Z,-33.380569,9.631072,1.082401,-0.348104000,-2.606953000,1.148182000,-1.864042000,5.314458000,-1.585354000,-0.388970722,-2.551711478,1.108522794,-1.872160651,5.214662921,-1.520493761,-0.040866722,0.055241522,-0.039659206,-0.008118651,-0.099795079,0.064860239
37,cal-20260717T104800Z,-43.642777,9.782097,0.377559,-0.611479000,-2.447703000,1.062432000,-1.236229000,5.908583000,-1.857917000,-0.617641963,-2.384201372,1.047614820,-1.336195642,5.785743239,-1.774325992,-0.006162963,0.063501628,-0.014817180,-0.099966642,-0.122839761,0.083591008
38,cal-20260717T104800Z,-53.449272,9.885662,0.481014,-0.825854000,-2.172078000,0.973620000,-0.749292000,6.064771000,-1.931417000,-0.861819384,-2.104066424,0.932002112,-0.895928296,6.016294322,-1.902467707,-0.035965384,0.068011576,-0.041617888,-0.146636296,-0.048476678,0.028949293
39,cal-20260717T104800Z,-63.493175,9.968253,0.458737,-1.129042000,-1.826016000,0.835807000,-0.274604000,6.052521000,-1.998792000,-1.081474766,-1.762487349,0.786386949,-0.431194142,6.147720321,-2.009679538,0.047567234,0.063528651,-0.049420051,-0.156590142,0.095199321,-0.010887538
40,cal-20260717T104800Z,57.633802,9.988737,-5.063479,1.817083000,-0.873578000,0.214120000,-3.683167000,-3.894479000,1.363833000,1.770013601,-0.700598926,0.031926700,-4.400753338,-4.199547082,1.401161112,-0.047069399,0.172979074,-0.182193300,-0.717586338,-0.305068082,0.037328112
41,cal-20260717T104800Z,46.885831,9.844209,-4.953770,1.792583000,-1.378891000,0.471370000,-4.111917000,-2.433667000,0.919771000,1.761446749,-1.255140280,0.296679031,-4.627950723,-2.551946410,0.919174473,-0.031136251,0.123750720,-0.174690969,-0.516033723,-0.118279410,-0.000596527
42,cal-20260717T104800Z,37.924135,9.728174,-4.927489,1.679271000,-1.755578000,0.603057000,-4.286479000,-1.144354000,0.509396000,1.698162951,-1.684810544,0.506289042,-4.649949107,-1.114487078,0.477942362,0.018891951,0.070767456,-0.096767958,-0.363470107,0.029866922,-0.031453638
43,cal-20260717T104800Z,27.755890,9.633858,-4.905173,1.498583000,-2.175141000,0.780682000,-4.252792000,0.350146000,0.037771000,1.566189927,-2.116959632,0.723348850,-4.483136876,0.491714696,-0.030725216,0.067606927,0.058181368,-0.057333150,-0.230344876,0.141568696,-0.068496216
44,cal-20260717T104800Z,17.056279,9.485534,-4.766318,1.324021000,-2.505891000,0.988932000,-4.026167000,1.936521000,-0.461417000,1.362522056,-2.501068674,0.925410296,-4.082158358,2.036478531,-0.531223759,0.038501056,0.004822326,-0.063521704,-0.055991358,0.099957531,-0.069806759
45,cal-20260717T104800Z,7.540957,9.377709,-4.663867,1.137208000,-2.769266000,1.108370000,-3.600479000,3.219708000,-0.880979000,1.140728668,-2.763624790,1.070782963,-3.605316914,3.242482143,-0.933600629,0.003520668,0.005641210,-0.037587037,-0.004837914,0.022774143,-0.052621629
46,cal-20260717T104800Z,-2.333684,9.349855,-4.493456,0.886083000,-2.925453000,1.181870000,-3.092104000,4.334458000,-1.285229000,0.872528674,-2.941260616,1.181267387,-3.052686621,4.286521515,-1.285470808,-0.013554326,-0.015807616,-0.000602613,0.039417379,-0.047936485,-0.000241808
47,cal-20260717T104800Z,-12.614813,9.359115,-4.279253,0.641083000,-3.023453000,1.301307000,-2.513292000,5.222583000,-1.573104000,0.566563382,-3.027253914,1.252529407,-2.449646264,5.147368615,-1.581938245,-0.074519618,-0.003800914,-0.048777593,0.063645736,-0.075214385,-0.008834245
48,cal-20260717T104800Z,-23.434860,9.937923,-4.770294,0.334833000,-3.020391000,1.252307000,-1.787479000,6.355708000,-1.925292000,0.294699122,-2.980371543,1.261954511,-1.820327718,6.174438606,-1.934285199,-0.040133878,0.040019457,0.009647511,-0.032848718,-0.181269394,-0.008993199
49,cal-20260717T104800Z,-32.616954,9.934276,-4.589310,0.111271000,-2.910141000,1.249245000,-1.205604000,6.784458000,-2.084542000,0.003053979,-2.899967247,1.255293138,-1.270712398,6.572086891,-2.086749642,-0.108217021,0.010173753,0.006048138,-0.065108398,-0.212371109,-0.002207642
50,cal-20260717T104800Z,-42.718847,10.040003,-4.470935,-0.265417000,-2.766203000,1.209432000,-0.531854000,7.066208000,-2.203979000,-0.310359310,-2.718820856,1.204329740,-0.704815917,6.903742385,-2.222876748,-0.044942310,0.047382144,-0.005102260,-0.172961917,-0.162465615,-0.018897748
51,cal-20260717T104800Z,-52.550905,10.109771,-4.361421,-0.565542000,-2.545703000,1.178807000,0.019396000,7.139708000,-2.246854000,-0.608740516,-2.465494502,1.116872332,-0.179425147,7.071992181,-2.313530707,-0.043198516,0.080208498,-0.061934668,-0.198821147,-0.067715819,-0.066676707
52,cal-20260717T104800Z,-62.850206,10.181871,-4.236250,-0.902417000,-2.107766000,0.998120000,0.619646000,7.084583000,-2.280542000,-0.902222367,-2.118497047,0.983712377,0.344840568,7.110887261,-2.372606488,0.000194633,-0.010731047,-0.014407623,-0.274805432,0.026304261,-0.092064488
53,cal-20260717T104800Z,58.590943,9.731779,-10.237247,2.022271000,-0.616328000,-0.012505000,-4.767292000,-3.523917000,0.953458000,1.940596932,-0.383074710,-0.242768382,-5.570504770,-3.628129689,0.898850169,-0.081674068,0.233253290,-0.230263382,-0.803212770,-0.104212689,-0.054607831
54,cal-20260717T104800Z,47.911290,9.539500,-10.137309,2.055958000,-1.213516000,0.299870000,-4.911229000,-1.802792000,0.442021000,2.034959379,-1.007528544,0.044905343,-5.495878091,-1.708642060,0.312615403,-0.020998621,0.205987456,-0.254964657,-0.584649091,0.094149940,-0.129405597
55,cal-20260717T104800Z,37.983085,9.368445,-10.063523,2.019208000,-1.706578000,0.511182000,-4.834667000,-0.152104000,-0.118417000,2.042235624,-1.565399565,0.313184179,-5.184429444,0.072372541,-0.237930695,0.023027624,0.141178435,-0.197997821,-0.349762444,0.224476541,-0.119513695
56,cal-20260717T104800Z,28.263302,9.226307,-10.021839,1.954896000,-2.190453000,0.701057000,-4.546792000,1.400583000,-0.590042000,1.976398088,-2.064394674,0.562879568,-4.684384784,1.720957843,-0.752205399,0.021502088,0.126058326,-0.138177432,-0.137592784,0.320374843,-0.162163399
57,cal-20260717T104800Z,18.059003,9.088242,-9.894503,1.810958000,-2.582453000,0.897057000,-4.016979000,3.042083000,-1.058604000,1.829726473,-2.521205584,0.804743832,-3.996204033,3.238938357,-1.220680300,0.018768473,0.061247416,-0.092313168,0.020774967,0.196855357,-0.162076300
58,cal-20260717T104800Z,7.415602,9.005971,-9.738202,1.614958000,-2.937703000,1.086932000,-3.324854000,4.475333000,-1.505729000,1.604920953,-2.897175615,1.018762555,-3.191425352,4.561974319,-1.625693324,-0.010037047,0.040527385,-0.068169445,0.133428648,0.086641319,-0.119964324
59,cal-20260717T104800Z,-2.749172,8.912154,-9.648693,1.385271000,-3.136766000,1.184932000,-2.534729000,5.565583000,-1.815042000,1.346292014,-3.162792809,1.183267285,-2.372515034,5.564419479,-1.934269487,-0.038978986,-0.026026809,-0.001664715,0.162213966,-0.001163521,-0.119227487
60,cal-20260717T104800Z,-12.843782,8.941160,-9.513571,1.106583000,-3.271516000,1.341120000,-1.790542000,6.420021000,-2.060042000,1.043383803,-3.309408396,1.298741692,-1.602440160,6.331498067,-2.163966872,-0.063199197,-0.037892396,-0.042378308,0.188101840,-0.088522933,-0.103924872
61,cal-20260717T104800Z,-23.365264,8.988455,-9.354520,0.830958000,-3.369516000,1.393182000,-0.966729000,7.023333000,-2.249917000,0.696126483,-3.354071220,1.372468775,-0.850631826,6.894382941,-2.330732234,-0.134831517,0.015444780,-0.020713225,0.116097174,-0.128950059,-0.080815234
62,cal-20260717T104800Z,-33.277397,9.045253,-9.188585,0.429771000,-3.320516000,1.426870000,-0.265417000,7.390833000,-2.341792000,0.347075969,-3.295226236,1.397090259,-0.205373240,7.235039918,-2.432357023,-0.082695031,0.025289764,-0.029779741,0.060043760,-0.155793082,-0.090565023
63,cal-20260717T104800Z,-43.716499,9.166271,-9.053024,0.092896000,-3.188828000,1.371745000,0.442021000,7.586833000,-2.354042000,-0.028400804,-3.123963711,1.372484953,0.418777515,7.460391301,-2.503166174,-0.121296804,0.064864289,0.000739953,-0.023243485,-0.126441699,-0.149124174
64,cal-20260717T104800Z,-53.880015,9.291970,-8.937903,-0.317479000,-2.940766000,1.298245000,1.057583000,7.550083000,-2.335667000,-0.393600339,-2.859147066,1.301190104,0.984927536,7.543102065,-2.537286561,-0.076121339,0.081618934,0.002945104,-0.072655464,-0.006980935,-0.201619561
65,cal-20260717T104800Z,-63.264940,9.441936,-8.866258,-0.684979000,-2.634516000,1.249245000,1.599646000,7.341833000,-2.280542000,-0.716432849,-2.531801952,1.193572984,1.490882834,7.523995537,-2.546118842,-0.031453849,0.102714048,-0.055672016,-0.108763166,0.182162537,-0.265576842
66,cal-20260717T104800Z,56.481118,5.487811,10.172501,1.072896000,-1.458516000,0.728620000,-1.104542000,-2.436729000,1.143333000,1.170130631,-1.374748687,0.611470573,-1.387780706,-2.893533460,1.190496343,0.097234631,0.083767313,-0.117149427,-0.283238706,-0.456804460,0.047163343
67,cal-20260717T104800Z,46.473917,5.234236,10.417129,0.867708000,-1.761703000,0.811307000,-1.450604000,-1.925292000,0.981021000,0.968717965,-1.757785423,0.783937359,-1.692799490,-2.220322245,1.028754193,0.101009965,0.003917577,-0.027369641,-0.242195490,-0.295030245,0.047733193
68,cal-20260717T104800Z,37.087261,5.067029,10.592114,0.671708000,-2.113891000,0.906245000,-1.698667000,-1.309729000,0.800333000,0.747642555,-2.058740162,0.914296742,-1.922936753,-1.548958431,0.847999883,0.075934555,0.055150838,0.008051742,-0.224269753,-0.239229431,0.047666883
69,cal-20260717T104800Z,26.628276,4.932444,10.695110,0.411396000,-2.325203000,1.031807000,-1.965104000,-0.611479000,0.564521000,0.481220155,-2.321870005,1.022064703,-2.107072481,-0.773488749,0.618169587,0.069824155,0.003332995,-0.009742297,-0.141968481,-0.162009749,0.053648587
70,cal-20260717T104800Z,17.158541,4.834439,10.725193,0.206208000,-2.444641000,1.105307000,-2.096792000,0.004083000,0.304208000,0.230904875,-2.492574180,1.086132004,-2.198289110,-0.068468119,0.391336058,0.024696875,-0.047933180,-0.019174996,-0.101497110,-0.072551119,0.087128058
71,cal-20260717T104800Z,6.428453,4.792585,10.750310,-0.087792000,-2.545703000,1.108370000,-2.161104000,0.763583000,0.056146000,-0.055212950,-2.599055260,1.117807395,-2.214237564,0.697547895,0.128606615,0.032579050,-0.053352260,0.009437395,-0.053133564,-0.066035105,0.072460615
72,cal-20260717T104800Z,-3.644314,4.742712,10.869318,-0.326667000,-2.600828000,1.114495000,-2.118229000,1.354646000,-0.201104000,-0.325644387,-2.614440947,1.108453599,-2.141856182,1.348612259,-0.109402603,0.001022613,-0.013612947,-0.006041401,-0.023627182,-0.006033741,0.091701397
73,cal-20260717T104800Z,-14.250722,5.103363,9.922603,-0.568604000,-2.570203000,1.102245000,-2.026354000,2.129458000,-0.479792000,-0.534987636,-2.591052093,1.085836929,-2.060223828,2.093482551,-0.394107902,0.033616364,-0.020849093,-0.016408071,-0.033869828,-0.035975449,0.085684098
74,cal-20260717T104800Z,-24.543857,5.008537,10.047997,-0.782979000,-2.459953000,0.961370000,-1.857917000,2.628646000,-0.718667000,-0.793031344,-2.454816552,1.008882035,-1.844017760,2.584862722,-0.601884565,-0.010052344,0.005136448,0.047512035,0.013899240,-0.043783278,0.116782435
75,cal-20260717T104800Z,-35.000607,4.987414,10.230138,-1.006542000,-2.248641000,0.893995000,-1.563917000,2.968583000,-0.880979000,-1.028004625,-2.224191368,0.888929311,-1.599555228,2.972760404,-0.778692619,-0.021462625,0.024449632,-0.005065689,-0.035638228,0.004177404,0.102286381
76,cal-20260717T104800Z,-44.946546,5.074844,10.389831,-1.257667000,-1.969953000,0.826620000,-1.364854000,3.262583000,-1.052479000,-1.211610736,-1.928451986,0.741430873,-1.358449782,3.257944227,-0.920988390,0.046056264,0.041501014,-0.085189127,0.006404218,-0.004638773,0.131490610
77,cal-20260717T104800Z,-55.252486,5.169391,10.487298,-1.444479000,-1.584078000,0.642870000,-1.055542000,3.394271000,-1.144354000,-1.358930997,-1.565196827,0.563865651,-1.092340434,3.469967157,-1.046786033,0.085548003,0.018881173,-0.079004349,-0.036798434,0.075696157,0.097567967
78,cal-20260717T104800Z,-64.832434,5.209757,10.617172,-1.511854000,-1.268641000,0.495870000,-0.792167000,3.486146000,-1.202542000,-1.453349419,-1.180460851,0.377533791,-0.831906121,3.575829158,-1.138943469,0.058504581,0.088180149,-0.118336209,-0.039739121,0.089683158,0.063598531
79,cal-20260717T104800Z,55.720181,5.794407,5.610976,1.400583000,-1.434016000,0.639807000,-1.668042000,-2.715417000,1.232146000,1.427274749,-1.369068801,0.548177340,-1.988457075,-3.019532912,1.230399768,0.026691749,0.064947199,-0.091629660,-0.320415075,-0.304115912,-0.001746232
80,cal-20260717T104800Z,46.047230,5.806446,5.608986,1.167833000,-1.813766000,0.780682000,-2.004917000,-2.047792000,0.977958000,1.265110455,-1.780221654,0.736902136,-2.299442457,-2.256441159,1.027933519,0.097277455,0.033544346,-0.043779864,-0.294525457,-0.208649159,0.049975519
81,cal-20260717T104800Z,35.621848,5.778443,5.638483,0.974896000,-2.141453000,0.946057000,-2.271354000,-1.230104000,0.736021000,1.044501998,-2.164844382,0.912582705,-2.533298300,-1.346431934,0.761987499,0.069605998,-0.023391382,-0.033474295,-0.261944300,-0.116327934,0.025966499
82,cal-20260717T104800Z,25.846129,5.715006,5.721442,0.775833000,-2.444641000,1.050182000,-2.445917000,-0.418542000,0.438958000,0.801518950,-2.458081594,1.045518076,-2.640107855,-0.461782269,0.483549352,0.025685950,-0.013440594,-0.004663924,-0.194190855,-0.043240269,0.044591352
83,cal-20260717T104800Z,15.538860,5.613703,5.786047,0.521646000,-2.652891000,1.191057000,-2.522479000,0.429771000,0.129646000,0.523251319,-2.691150038,1.148994657,-2.640123975,0.455175323,0.175299903,0.001605319,-0.038259038,-0.042062343,-0.117644975,0.025404323,0.045653903
84,cal-20260717T104800Z,5.449903,5.566673,5.887339,0.242958000,-2.775391000,1.172682000,-2.491854000,1.226021000,-0.167417000,0.235644146,-2.827131718,1.207471175,-2.543022758,1.285728723,-0.117451054,-0.007313854,-0.051740718,0.034789175,-0.051168758,0.059707723,0.049965946
85,cal-20260717T104800Z,-5.150997,5.121222,5.633282,-0.047979000,-2.946891000,1.243120000,-2.292792000,2.062083000,-0.534917000,-0.064555633,-2.950837291,1.255901897,-2.305606360,2.085122105,-0.434439354,-0.016576633,-0.003946291,0.012781897,-0.012814360,0.023039105,0.100477646
86,cal-20260717T104800Z,-14.592373,5.086062,5.752020,-0.338917000,-2.925453000,1.252307000,-2.060042000,2.601083000,-0.737042000,-0.342987546,-2.914987850,1.235495913,-2.073556516,2.656410245,-0.658138869,-0.004070546,0.010465150,-0.016811087,-0.013514516,0.055327245,0.078903131
87,cal-20260717T104800Z,-25.381320,5.074302,5.873624,-0.626792000,-2.802953000,1.200245000,-1.778292000,3.173771000,-0.966729000,-0.648851687,-2.779067542,1.168654386,-1.770901973,3.186509252,-0.878111187,-0.022059687,0.023885458,-0.031590614,0.007390027,0.012738252,0.088617813
88,cal-20260717T104800Z,-34.966084,5.082249,5.939977,-0.877917000,-2.625328000,1.129807000,-1.465917000,3.541271000,-1.132104000,-0.901697052,-2.578568694,1.072740167,-1.481174739,3.553604660,-1.043090224,-0.023780052,0.046759306,-0.057066833,-0.015257739,0.012333660,0.089013776
89,cal-20260717T104800Z,-45.230506,5.144981,6.001988,-1.153542000,-2.276203000,1.007307000,-1.125979000,3.810771000,-1.263792000,-1.143041100,-2.278893798,0.931395073,-1.164246570,3.846459712,-1.188722177,0.010500900,-0.002690798,-0.075911927,-0.038267570,0.035688712,0.075069823
90,cal-20260717T104800Z,-55.612126,5.174105,6.062884,-1.377104000,-1.908703000,0.835807000,-0.789104000,3.970021000,-1.374042000,-1.351904414,-1.900620976,0.753052776,-0.833628859,4.030647964,-1.303930315,0.025199586,0.008082024,-0.082754224,-0.044524859,0.060626964,0.070111685
91,cal-20260717T104800Z,-65.149748,5.527222,5.058551,-1.542479000,-1.541203000,0.697995000,-0.381792000,4.150708000,-1.475104000,-1.477693625,-1.565506509,0.609622714,-0.463120703,4.305032020,-1.458507678,0.064785375,-0.024303509,-0.088372286,-0.081328703,0.154324020,0.016596322
92,cal-20260717T104800Z,55.431567,5.257709,0.526611,1.719083000,-1.464641000,0.624495000,-2.216229000,-2.599042000,1.115771000,1.785410734,-1.343996555,0.443276563,-2.695435831,-2.861772744,1.113609413,0.066327734,0.120644445,-0.181218437,-0.479206831,-0.262730744,-0.002161587
93,cal-20260717T104800Z,45.617980,5.818353,-0.553988,1.590458000,-1.887266000,0.731682000,-2.703167000,-1.802792000,0.843208000,1.707007534,-1.782158660,0.626808481,-3.143975900,-1.949982914,0.822506666,0.116549534,0.105107340,-0.104873519,-0.440808900,-0.147190914,-0.020701334
94,cal-20260717T104800Z,35.201427,5.379318,0.134429,1.388333000,-2.368078000,0.976682000,-2.758292000,-0.865667000,0.494083000,1.479651660,-2.314679302,0.893416629,-3.101212588,-0.842156943,0.478044006,0.091318660,0.053398698,-0.083265371,-0.342920588,0.023510057,-0.016038994
95,cal-20260717T104800Z,24.818442,5.187637,-0.677110,1.244396000,-2.741703000,1.105307000,-2.966542000,0.313396000,0.050021000,1.311315071,-2.755801704,1.088750444,-3.096819264,0.359473428,0.048254214,0.066919071,-0.014098704,-0.016556556,-0.130277264,0.046077428,-0.001766786
96,cal-20260717T104800Z,15.379642,5.101047,-1.000643,1.039208000,-3.084703000,1.264557000,-2.856292000,1.247458000,-0.305229000,1.085135495,-3.072077798,1.238143021,-2.925188847,1.358547343,-0.309702671,0.045927495,0.012625202,-0.026413979,-0.068896847,0.111089343,-0.004473671
97,cal-20260717T104800Z,5.830837,5.181254,-0.294686,0.720708000,-3.182703000,1.331932000,-2.641917000,2.034521000,-0.547167000,0.733621672,-3.235595006,1.335734908,-2.663504982,2.125732515,-0.561339814,0.012913672,-0.052892006,0.003802908,-0.021587982,0.091211515,-0.014172814
98,cal-20260717T104800Z,-4.934055,4.881253,-0.858914,0.500208000,-3.409328000,1.411557000,-2.268292000,2.944083000,-0.905479000,0.439847586,-3.448035333,1.437739511,-2.234037171,3.033609638,-0.917582166,-0.060360414,-0.038707333,0.026182511,0.034254829,0.089526638,-0.012103166
99,cal-20260717T104800Z,-14.614614,5.223930,-0.876575,0.181708000,-3.449141000,1.426870000,-1.971229000,3.685208000,-1.178042000,0.132671502,-3.422173208,1.442951586,-1.892290531,3.708277200,-1.160964573,-0.049036498,0.026967792,0.016081586,0.078938469,0.023069200,0.017077427
100,cal-20260717T104800Z,-24.635977,5.627200,-0.062856,-0.219479000,-3.262328000,1.377870000,-1.576167000,4.175208000,-1.367917000,-0.242556695,-3.229484970,1.377412503,-1.578081812,4.159744596,-1.311852884,-0.023077695,0.032843030,-0.000457497,-0.001914812,-0.015463404,0.056064116
101,cal-20260717T104800Z,-34.815213,5.653478,-0.219570,-0.522667000,-3.127578000,1.353370000,-1.119854000,4.539646000,-1.542479000,-0.555569786,-3.072729896,1.320093394,-1.137264265,4.579238414,-1.490678129,-0.032902786,0.054848104,-0.033276606,-0.017410265,0.039592414,0.051800871
102,cal-20260717T104800Z,-44.628678,5.274822,0.279444,-0.890167000,-2.885641000,1.285995000,-0.703354000,4.674396000,-1.563917000,-0.912132433,-2.815223725,1.209889122,-0.743475162,4.666701147,-1.557181899,-0.021965433,0.070417275,-0.076105878,-0.040121162,-0.007694853,0.006735101
103,cal-20260717T104800Z,-54.301367,5.010351,0.454522,-1.227042000,-2.567141000,1.099182000,-0.268479000,4.665208000,-1.600667000,-1.216365527,-2.480826419,1.062467025,-0.359080352,4.717682531,-1.616872985,0.010676473,0.086314581,-0.036714975,-0.090601352,0.052474531,-0.016205985
104,cal-20260717T104800Z,-64.046827,5.741350,-0.185363,-1.459792000,-2.095516000,0.946057000,0.129646000,4.790771000,-1.671104000,-1.384681942,-2.062961441,0.893614435,0.049251174,5.017266998,-1.756539388,0.075110058,0.032554559,-0.052442565,-0.080394826,0.226495998,-0.085435388
105,cal-20260717T104800Z,56.661485,5.231227,-5.833065,2.227458000,-1.207391000,0.354995000,-3.134979000,-2.412229000,0.867708000,2.204521770,-1.021449776,0.126821632,-3.647748653,-2.628902819,0.852807845,-0.022936230,0.185941224,-0.228173368,-0.512769653,-0.216673819,-0.014900155
106,cal-20260717T104800Z,46.386065,5.092856,-5.832256,2.101896000,-1.847453000,0.652057000,-3.303417000,-1.321979000,0.506333000,2.174246377,-1.690267917,0.439605995,-3.697712735,-1.399379476,0.450033154,0.072350377,0.157185083,-0.212451005,-0.394295735,-0.077400476,-0.056299846
107,cal-20260717T104800Z,37.073149,4.961182,-5.810668,2.006958000,-2.444641000,0.866432000,-3.291167000,-0.283792000,0.105146000,2.069813424,-2.253993064,0.710473489,-3.594847728,-0.269365224,0.072795567,0.062855424,0.190647936,-0.155958511,-0.303680728,0.014426776,-0.032350433
108,cal-20260717T104800Z,26.445838,4.755809,-5.731761,1.798708000,-2.916266000,1.123682000,-3.144167000,0.901396000,-0.247042000,1.869290307,-2.828677842,0.994769016,-3.308813632,0.960581459,-0.343418313,0.070582307,0.087588158,-0.128912984,-0.164646632,0.059185459,-0.096376313
109,cal-20260717T104800Z,16.320118,4.594440,-5.658068,1.544521000,-3.317453000,1.282932000,-2.883854000,1.936521000,-0.645167000,1.609629123,-3.274912640,1.223363331,-2.920962874,2.017826064,-0.705935934,0.065108123,0.042540360,-0.059568669,-0.037108874,0.081305064,-0.060768934
110,cal-20260717T104800Z,6.912659,4.517596,-5.567236,1.281146000,-3.562453000,1.411557000,-2.525542000,2.809333000,-0.963667000,1.319132753,-3.580740544,1.389742114,-2.498683113,2.870880536,-0.999315870,0.037986753,-0.018287544,-0.021814886,0.026858887,0.061547536,-0.035648870
111,cal-20260717T104800Z,-3.725025,4.414967,-5.396180,0.984083000,-3.786016000,1.546307000,-2.026354000,3.703583000,-1.263792000,0.946105831,-3.809427876,1.527674798,-1.973422153,3.650629449,-1.268368479,-0.037977169,-0.023411876,-0.018632202,0.052931847,-0.052953551,-0.004576479
112,cal-20260717T104800Z,-13.928213,4.386495,-5.258739,0.598208000,-3.914641000,1.586120000,-1.542479000,4.257896000,-1.472042000,0.565209401,-3.898388965,1.602013990,-1.463623064,4.241846193,-1.474345345,-0.032998599,0.016252035,0.015893990,0.078855936,-0.016049807,-0.002303345
113,cal-20260717T104800Z,-23.815670,4.413030,-5.101029,0.264396000,-3.893203000,1.619807000,-1.015729000,4.750958000,-1.619042000,0.179325894,-3.862117636,1.619934174,-0.986444009,4.671058810,-1.625513090,-0.085070106,0.031085364,0.000127174,0.029284991,-0.079899190,-0.006471090
114,cal-20260717T104800Z,-34.153784,4.475797,-4.972001,-0.179667000,-3.733953000,1.616745000,-0.504292000,5.029646000,-1.729292000,-0.226350538,-3.705311182,1.584463016,-0.507768115,4.990298603,-1.742943033,-0.046683538,0.028641818,-0.032281984,-0.003476115,-0.039347397,-0.013651033
115,cal-20260717T104800Z,-43.996857,4.555127,-4.759267,-0.577792000,-3.537953000,1.530995000,0.016333000,5.179708000,-1.799729000,-0.616434398,-3.434641361,1.494467730,-0.090506618,5.166328591,-1.814236429,-0.038642398,0.103311639,-0.036527270,-0.106839618,-0.013379409,-0.014507429
116,cal-20260717T104800Z,-54.443080,4.635899,-4.607861,-0.960604000,-3.145953000,1.414620000,0.460396000,5.228708000,-1.772167000,-1.006608136,-3.041782357,1.347114518,0.338392085,5.246351592,-1.861156097,-0.046004136,0.104170643,-0.067505482,-0.122003915,0.017643592,-0.088989097
117,cal-20260717T104800Z,-63.661368,4.773707,-4.583891,-1.321979000,-2.680453000,1.252307000,0.815646000,5.139896000,-1.808917000,-1.310829112,-2.609656608,1.175488403,0.716807027,5.254092364,-1.887103728,0.011149888,0.070796392,-0.076818597,-0.098838973,0.114196364,-0.078186728
118,cal-20260717T104800Z,56.783181,5.432202,-10.670688,2.493896000,-0.962391000,0.116120000,-3.817917000,-2.115167000,0.552271000,2.420262097,-0.678368234,-0.186829542,-4.388674231,-2.111762901,0.445311959,-0.073633903,0.284022766,-0.302949542,-0.570757231,0.003404099,-0.106959041
119,cal-20260717T104800Z,46.332603,5.239256,-10.537859,2.506146000,-1.694328000,0.443807000,-3.863854000,-0.789104000,0.086771000,2.495843354,-1.446819027,0.167523922,-4.196141979,-0.698942379,-0.016972140,-0.010302646,0.247508973,-0.276283078,-0.332287979,0.090161621,-0.103743140
120,cal-20260717T104800Z,36.793018,5.073880,-10.469048,2.432646000,-2.227203000,0.710245000,-3.670917000,0.356271000,-0.302167000,2.470799348,-2.109842982,0.484306809,-3.867018271,0.564814300,-0.432858433,0.038153348,0.117360018,-0.225938191,-0.196101271,0.208543300,-0.130691433
121,cal-20260717T104800Z,26.503745,4.949304,-10.392357,2.331583000,-2.873391000,0.949120000,-3.321792000,1.624146000,-0.706417000,2.342631466,-2.748134519,0.803102732,-3.379826795,1.826642198,-0.845327447,0.011048466,0.125256481,-0.146017268,-0.058034795,0.202496198,-0.138910447
122,cal-20260717T104800Z,16.826395,4.826176,-10.301560,2.123333000,-3.299078000,1.203307000,-2.883854000,2.696021000,-1.070854000,2.142235982,-3.260584565,1.071644819,-2.821071205,2.867285740,-1.180742547,0.018902982,0.038493435,-0.131662181,0.062782795,0.171264740,-0.109888547
123,cal-20260717T104800Z,6.300195,4.742071,-10.137241,1.850771000,-3.727828000,1.368682000,-2.268292000,3.746458000,-1.386292000,1.842408084,-3.692809837,1.316422214,-2.168472823,3.803625031,-1.474461075,-0.008362916,0.035018163,-0.052259786,0.099819177,0.057167031,-0.088169075
124,cal-20260717T104800Z,-3.392586,4.680631,-9.978691,1.562896000,-3.991203000,1.558557000,-1.680292000,4.472271000,-1.591479000,1.514040483,-3.972572992,1.492659638,-1.557097442,4.484257535,-1.682844081,-0.048855517,0.018630008,-0.065897362,0.123194558,0.011986535,-0.091365081
125,cal-20260717T104800Z,-14.394996,4.660484,-9.779047,1.226021000,-4.171891000,1.632057000,-0.988167000,5.121521000,-1.796667000,1.092930298,-4.143061752,1.630577352,-0.892844138,5.060751500,-1.853567496,-0.133090702,0.028829248,-0.001479648,0.095322862,-0.060769500,-0.056900496
126,cal-20260717T104800Z,-24.543160,4.711403,-9.624942,0.821771000,-4.205578000,1.745370000,-0.381792000,5.531896000,-1.879354000,0.676910375,-4.159670447,1.696397611,-0.320549080,5.443361218,-1.963692061,-0.144860625,0.045907553,-0.048972389,0.061242920,-0.088534782,-0.084338061
127,cal-20260717T104800Z,-34.128725,4.747752,-9.574652,0.405271000,-4.196391000,1.736182000,0.169458000,5.755458000,-1.946729000,0.275579343,-4.074234047,1.712243644,0.197299893,5.678518952,-2.030866109,-0.129691657,0.122156953,-0.023938356,0.027841893,-0.076939048,-0.084137109
128,cal-20260717T104800Z,-44.098963,4.774548,-9.464012,0.004083000,-3.988141000,1.717807000,0.708458000,5.810583000,-1.965104000,-0.163460602,-3.867744417,1.676343907,0.684582953,5.788100189,-2.060409895,-0.167543602,0.120396583,-0.041463093,-0.023875047,-0.022482811,-0.095305895
129,cal-20260717T104800Z,-54.539552,4.854036,-9.367598,-0.513479000,-3.660453000,1.635120000,1.198458000,5.767708000,-1.919167000,-0.621366630,-3.517453411,1.576026252,1.159648113,5.800486397,-2.063624378,-0.107887630,0.142999589,-0.059093748,-0.038809887,0.032778397,-0.144457378
130,cal-20260717T104800Z,-64.183736,5.007086,-9.277694,-0.957542000,-3.250078000,1.512620000,1.639458000,5.623771000,-1.821167000,-1.023800224,-3.072292940,1.424072946,1.575709271,5.733323401,-2.046493407,-0.066258224,0.177785060,-0.088547054,-0.063748729,0.109552401,-0.225326407
131,cal-20260717T104800Z,56.478390,0.131216,10.003807,1.170896000,-1.875016000,0.912370000,-1.098417000,-1.839542000,0.876896000,1.294237441,-1.829404486,0.848865032,-1.315499097,-2.133654254,0.896608431,0.123341441,0.045611514,-0.063504968,-0.217082097,-0.294112254,0.019712431
132,cal-20260717T104800Z,46.046115,-0.056054,10.169912,0.928958000,-2.349703000,1.080807000,-1.386292000,-1.358729000,0.742146000,1.002946874,-2.297578430,1.046846678,-1.533620500,-1.567243509,0.740772091,0.073988874,0.052124570,-0.033960322,-0.147328500,-0.208514509,-0.001373909
133,cal-20260717T104800Z,35.611097,-0.175447,10.238563,0.616583000,-2.735578000,1.172682000,-1.548604000,-0.859542000,0.546146000,0.679618446,-2.677180441,1.197153122,-1.696560933,-0.961825736,0.558254140,0.063035446,0.058397559,0.024471122,-0.147956933,-0.102283736,0.012108140
134,cal-20260717T104800Z,25.991497,-0.185021,10.219728,0.350146000,-2.864203000,1.276807000,-1.686417000,-0.296042000,0.365458000,0.371360220,-2.936368554,1.290273425,-1.793107450,-0.387347860,0.373044530,0.021214220,-0.072165554,0.013466425,-0.106690450,-0.091305860,0.007586530
135,cal-20260717T104800Z,5.762340,-0.273474,10.376611,-0.299104000,-3.204141000,1.347245000,-1.738479000,0.794208000,-0.130667000,-0.300268450,-3.201061626,1.354335789,-1.776812719,0.776870237,-0.035508874,-0.001164450,0.003079374,0.007090789,-0.038333719,-0.017337763,0.095158126
136,cal-20260717T104800Z,-3.704742,-0.275387,10.333917,-0.559417000,-3.194953000,1.341120000,-1.649667000,1.284208000,-0.277667000,-0.593711093,-3.202044753,1.328442516,-1.690069499,1.270411664,-0.222706128,-0.034294093,-0.007091753,-0.012677484,-0.040402499,-0.013796336,0.054960872
137,cal-20260717T104800Z,-14.674291,-0.264408,10.410012,-0.945292000,-3.096953000,1.264557000,-1.511854000,1.728271000,-0.458354000,-0.920080686,-3.088227426,1.247498074,-1.534562531,1.761304637,-0.417441894,0.025211314,0.008725574,-0.017058926,-0.022708531,0.033033637,0.040912106
138,cal-20260717T104800Z,-25.263602,-0.265524,10.497641,-1.187229000,-2.861141000,1.181870000,-1.343417000,2.150896000,-0.666604000,-1.208654058,-2.875722427,1.123804805,-1.343972331,2.149490501,-0.581793823,-0.021425058,-0.014581427,-0.058065195,-0.000555331,-0.001405499,0.084810177
139,cal-20260717T104800Z,-34.976662,-0.174077,10.495301,-1.462854000,-2.628391000,1.007307000,-1.138229000,2.383646000,-0.795229000,-1.431654931,-2.595429918,0.975232106,-1.150877177,2.445085158,-0.715128339,0.031199069,0.032961082,-0.032074894,-0.012648177,0.061439158,0.080100661
140,cal-20260717T104800Z,-44.850844,-0.131892,10.522747,-1.674167000,-2.282328000,0.838870000,-0.905479000,2.607208000,-0.902417000,-1.623752862,-2.233090740,0.789941713,-0.934885120,2.666257456,-0.827555598,0.050414138,0.049237260,-0.048928287,-0.029406120,0.059049456,0.074861402
141,cal-20260717T104800Z,-54.855720,-0.126775,10.705902,-1.827292000,-1.801516000,0.639807000,-0.700292000,2.723583000,-0.982042000,-1.768105648,-1.780359164,0.563887024,-0.709099533,2.800385262,-0.912927247,0.059186352,0.021156836,-0.075919976,-0.008807533,0.076802262,0.069114753
142,cal-20260717T104800Z,-64.885456,0.123543,10.704450,-1.934479000,-1.290078000,0.425432000,-0.449167000,2.763396000,-1.009604000,-1.831688882,-1.280005349,0.326999307,-0.481756449,2.907869853,-0.992548134,0.102790118,0.010072651,-0.098432693,-0.032589449,0.144473853,0.017055866
143,cal-20260717T104800Z,55.277138,-0.031918,5.494074,1.572083000,-2.037328000,0.897057000,-1.478167000,-1.827292000,0.867708000,1.651793621,-1.951098680,0.837633359,-1.740926577,-2.055982929,0.852515576,0.079710621,0.086229320,-0.059423641,-0.262759577,-0.228690929,-0.015192424
144,cal-20260717T104800Z,45.407082,-0.283303,5.785762,1.265833000,-2.539578000,1.117557000,-1.744604000,-1.355667000,0.644146000,1.370358753,-2.493824257,1.080712639,-1.885641546,-1.422910127,0.659472447,0.104525753,0.045753743,-0.036844361,-0.141037546,-0.067243127,0.015326447
145,cal-20260717T104800Z,35.591958,-0.399961,5.985498,0.971833000,-2.922391000,1.264557000,-1.836479000,-0.694167000,0.448146000,1.045361320,-2.930589161,1.268606068,-1.976109425,-0.780109543,0.452786171,0.073528320,-0.008198161,0.004049068,-0.139630425,-0.085942543,0.004640171
146,cal-20260717T104800Z,25.883929,-0.526384,6.124502,0.693146000,-3.253141000,1.359495000,-1.906917000,-0.081667000,0.203146000,0.698704018,-3.271127446,1.408087094,-1.997798317,-0.138627296,0.235152450,0.005558018,-0.017986446,0.048592094,-0.090881317,-0.056960296,0.032006450
147,cal-20260717T104800Z,15.175874,-0.619017,6.266691,0.359333000,-3.504266000,1.521807000,-1.931417000,0.561458000,-0.054104000,0.300844649,-3.524518438,1.503320164,-1.946315340,0.540729341,-0.005202276,-0.058488351,-0.020252438,-0.018486836,-0.014898340,-0.020728659,0.048901724
148,cal-20260717T104800Z,4.888300,-0.632693,6.212223,0.013271000,-3.684953000,1.558557000,-1.830354000,1.201521000,-0.299104000,-0.065158149,-3.659776423,1.543831647,-1.836991507,1.158812049,-0.234350569,-0.078429149,0.025176577,-0.014725353,-0.006637507,-0.042708951,0.064753431
149,cal-20260717T104800Z,-4.488024,-0.558886,5.382837,-0.234792000,-3.776828000,1.558557000,-1.720104000,1.771146000,-0.537979000,-0.331605365,-3.762180713,1.570724750,-1.689786289,1.743578188,-0.467647635,-0.096813365,0.014647287,0.012167750,0.030317711,-0.027567812,0.070331365
150,cal-20260717T104800Z,-15.490868,-0.508001,5.442481,-0.635979000,-3.706391000,1.540182000,-1.447542000,2.310146000,-0.697229000,-0.718239469,-3.667253433,1.511291865,-1.452470250,2.247396813,-0.666553005,-0.082260469,0.039137567,-0.028890135,-0.004928250,-0.062749187,0.030675995
151,cal-20260717T104800Z,-25.533687,-0.435086,5.485038,-0.985104000,-3.507328000,1.439120000,-1.217854000,2.610271000,-0.887104000,-1.049385832,-3.469005727,1.407965516,-1.209238456,2.620813792,-0.821202548,-0.064281832,0.038322273,-0.031154484,0.008615544,0.010542792,0.065901452
152,cal-20260717T104800Z,-35.526085,-0.358176,5.524260,-1.331167000,-3.259266000,1.347245000,-0.957542000,2.913458000,-1.018792000,-1.352341365,-3.169837037,1.259978363,-0.951707981,2.907488274,-0.948455849,-0.021174365,0.089428963,-0.087266637,0.005834019,-0.005969726,0.070336151
153,cal-20260717T104800Z,-45.944581,-0.284287,5.596084,-1.646604000,-2.806016000,1.117557000,-0.666604000,3.091083000,-1.116792000,-1.630299084,-2.750526188,1.057437056,-0.676288193,3.114484166,-1.052156841,0.016304916,0.055489812,-0.060119944,-0.009684193,0.023401166,0.064635159
154,cal-20260717T104800Z,-55.846757,-0.168058,5.623251,-1.916104000,-2.383391000,0.949120000,-0.351167000,3.198271000,-1.171917000,-1.838326874,-2.263661835,0.827129603,-0.411614061,3.241671978,-1.130145732,0.077777126,0.119729165,-0.121990397,-0.060447061,0.043400978,0.041771268
155,cal-20260717T104800Z,-66.084605,-0.001491,5.625214,-2.093729000,-1.724953000,0.642870000,-0.069417000,3.207458000,-1.178042000,-1.984249856,-1.687064525,0.558834927,-0.135239619,3.303995614,-1.191048314,0.109479144,0.037888475,-0.084035073,-0.065822619,0.096537614,-0.013006314
156,cal-20260717T104800Z,54.349688,0.827961,-0.999969,2.135583000,-1.982203000,0.759245000,-2.161104000,-1.824229000,0.736021000,2.203592368,-1.834721616,0.627759562,-2.471002565,-1.937871881,0.734495972,0.068009368,0.147481384,-0.131485438,-0.309898565,-0.113642881,-0.001525028
157,cal-20260717T104800Z,44.333268,0.389705,-0.372381,1.872208000,-2.689641000,1.074682000,-2.185604000,-1.070854000,0.478771000,1.961616949,-2.554182131,0.974858921,-2.467913873,-1.125580498,0.472987586,0.089408949,0.135458869,-0.099823079,-0.282309873,-0.054726498,-0.005783414
158,cal-20260717T104800Z,34.248352,-0.903526,-0.597685,1.663958000,-3.433828000,1.420745000,-2.158042000,-0.243979000,0.135771000,1.748616985,-3.365315876,1.333271468,-2.338384343,-0.225388142,0.141408600,0.084658985,0.068512124,-0.087473532,-0.180342343,0.018590858,0.005637600
159,cal-20260717T104800Z,24.628760,0.519983,-0.343349,1.287271000,-3.562453000,1.454432000,-2.240729000,0.396083000,-0.066354000,1.355811549,-3.522929986,1.421693592,-2.401638607,0.455221532,-0.073468246,0.068540549,0.039523014,-0.032738408,-0.160909607,0.059138532,-0.007114246
160,cal-20260717T104800Z,14.511867,0.370792,0.532645,0.818708000,-3.816641000,1.573870000,-2.130479000,0.996333000,-0.265417000,0.887532217,-3.829537195,1.578822488,-2.193460952,1.124987743,-0.297873242,0.068824217,-0.012896195,0.004952488,-0.062981952,0.128654743,-0.032456242
161,cal-20260717T104800Z,4.650776,-0.059421,0.482629,0.497146000,-4.089203000,1.671870000,-1.903854000,1.719083000,-0.577792000,0.504577809,-4.122483511,1.706924998,-1.921404434,1.771270007,-0.545114883,0.007431809,-0.033280511,0.035054998,-0.017550434,0.052187007,0.032677117
162,cal-20260717T104800Z,-5.766596,-0.794241,-0.738108,0.209271000,-4.551641000,1.867870000,-1.566979000,2.411208000,-0.841167000,0.187812957,-4.506179998,1.857066733,-1.517652810,2.430211967,-0.828289747,-0.021458043,0.045461002,-0.010803267,0.049326190,0.019003967,0.012877253
163,cal-20260717T104800Z,-6.136538,-0.840435,-0.713875,0.200083000,-4.508766000,1.824995000,-1.557792000,2.423458000,-0.835042000,0.166852566,-4.514945499,1.860778207,-1.502510833,2.441193674,-0.832842424,-0.033230434,-0.006179499,0.035783207,0.055281167,0.017735674,0.002199576
164,cal-20260717T104800Z,-6.879879,0.214881,-0.162985,0.203146000,-4.223953000,1.708620000,-1.631292000,2.512271000,-0.871792000,0.131572306,-4.234153776,1.756179491,-1.603961117,2.522706304,-0.834515830,-0.071573694,-0.010200776,0.047559491,0.027330883,0.010435304,0.037276170
165,cal-20260717T104800Z,-6.798860,0.217769,-0.177189,0.154146000,-4.227016000,1.726995000,-1.597604000,2.552083000,-0.835042000,0.136470923,-4.234883239,1.756358969,-1.606320985,2.520499993,-0.833858077,-0.017675077,-0.007867239,0.029363969,-0.008716985,-0.031583007,0.001183923
166,cal-20260717T104800Z,-6.056154,-0.659238,-0.317014,0.144958000,-4.432203000,1.794370000,-1.536354000,2.432646000,-0.841167000,0.134872305,-4.429544335,1.829727704,-1.536997054,2.411387066,-0.811629424,-0.010085695,0.002658665,0.035357704,-0.000643054,-0.021258934,0.029537576
167,cal-20260717T104800Z,-16.180575,0.130967,-0.586411,-0.173542000,-4.303578000,1.760682000,-1.288292000,3.042083000,-1.055542000,-0.202979273,-4.275821876,1.775934435,-1.268243936,2.991366198,-1.023257060,-0.029437273,0.027756124,0.015252435,0.020048064,-0.050716802,0.032284940
168,cal-20260717T104800Z,-26.237501,0.973371,-0.699479,-0.446104000,-4.012641000,1.681057000,-0.969792000,3.507583000,-1.205604000,-0.531991582,-3.999201228,1.672776206,-0.979985267,3.492107230,-1.204298743,-0.085887582,0.013439772,-0.008280794,-0.010193267,-0.015475770,0.001305257
169,cal-20260717T104800Z,-36.207554,0.035600,-0.020130,-1.061667000,-3.865641000,1.598370000,-0.642104000,3.522896000,-1.260729000,-1.053367584,-3.820429726,1.584382493,-0.615498615,3.527755499,-1.240046062,0.008299416,0.045211274,-0.013987507,0.026605385,0.004859499,0.020682938
170,cal-20260717T104800Z,-45.964106,-0.025599,0.181380,-1.450604000,-3.574703000,1.460557000,-0.283792000,3.630083000,-1.309729000,-1.429397171,-3.429959499,1.411092347,-0.306076897,3.655332306,-1.304925264,0.021206829,0.144743501,-0.049464653,-0.022284897,0.025249306,0.004803736
171,cal-20260717T104800Z,-55.405491,1.012697,-0.133358,-1.637417000,-2.928516000,1.218620000,0.004083000,3.872021000,-1.401604000,-1.610773359,-2.893770084,1.196382000,-0.017101796,3.944928932,-1.422987155,0.026643641,0.034745916,-0.022238000,-0.021184796,0.072907932,-0.021383155
172,cal-20260717T104800Z,-66.050331,0.874793,-0.369226,-2.017167000,-2.374203000,1.053245000,0.405271000,3.810771000,-1.392417000,-1.918926320,-2.332128283,0.947588583,0.362911070,3.928064128,-1.453777890,0.098240680,0.042074717,-0.105656417,-0.042359930,0.117293128,-0.061360890
173,cal-20260717T104800Z,55.164209,-0.539320,-5.121692,2.674583000,-2.089391000,0.743932000,-2.412229000,-1.462854000,0.546146000,2.769364076,-1.791397595,0.456434265,-2.708517859,-1.577356563,0.504645644,0.094781076,0.297993405,-0.287497735,-0.296288859,-0.114502563,-0.041500356
174,cal-20260717T104800Z,45.455108,-0.947913,-4.919049,2.579646000,-2.876453000,1.059370000,-2.467354000,-0.709479000,0.197021000,2.639519382,-2.663635754,0.860624356,-2.639895331,-0.749441570,0.219290084,0.059873382,0.212817246,-0.198745644,-0.172541331,-0.039962570,0.022269084
175,cal-20260717T104800Z,35.421813,0.230838,-5.420064,2.294833000,-3.296016000,1.233932000,-2.608229000,0.080646000,-0.090854000,2.358955730,-3.149108042,1.084978191,-2.718589596,0.099501871,-0.086901911,0.064122730,0.146907958,-0.148953809,-0.110360596,0.018855871,0.003952089
176,cal-20260717T104800Z,25.462074,0.711094,-5.906824,2.013083000,-3.779891000,1.426870000,-2.513292000,1.008583000,-0.375667000,2.102489972,-3.644364500,1.315615490,-2.574951939,1.031655084,-0.426326937,0.089406972,0.135526500,-0.111254510,-0.061659939,0.023072084,-0.050659937
177,cal-20260717T104800Z,15.549022,0.731290,-5.847649,1.725208000,-4.113703000,1.564682000,-2.268292000,1.743583000,-0.684979000,1.755546096,-4.104814021,1.549514126,-2.257481436,1.840504249,-0.709184510,0.030338096,0.008888979,-0.015167874,0.010810564,0.096921249,-0.024205510
178,cal-20260717T104800Z,5.596303,-0.880434,-5.529045,1.339333000,-4.830328000,1.907682000,-1.704792000,2.334646000,-0.899354000,1.340611979,-4.835973657,1.887751396,-1.700662345,2.344438512,-0.895932416,0.001278979,-0.005645657,-0.019930604,0.004129655,0.009792512,0.003421584
179,cal-20260717T104800Z,-4.187006,-1.007158,-5.310438,0.910583000,-5.060016000,2.017932000,-1.306667000,2.898146000,-1.089229000,0.866533310,-5.054088062,2.014684576,-1.321401469,2.838570556,-1.067384122,-0.044049690,0.005927938,-0.003247424,-0.014734469,-0.059575444,0.021844878
180,cal-20260717T104800Z,-15.586218,0.264589,-5.308637,0.445083000,-4.854828000,1.959745000,-0.948354000,3.571896000,-1.340354000,0.389634874,-4.799060582,1.956594010,-0.965189558,3.531200605,-1.298275870,-0.055448126,0.055767418,-0.003150990,-0.016835558,-0.040695395,0.042078130
181,cal-20260717T104800Z,-25.015082,-0.065140,-4.939967,-0.023479000,-4.900766000,1.993432000,-0.553292000,3.783208000,-1.380167000,-0.105928216,-4.766894781,1.970049947,-0.587772691,3.743948252,-1.373118635,-0.082449216,0.133871219,-0.023382053,-0.034480691,-0.039259748,0.007048365
182,cal-20260717T104800Z,-35.180043,-0.904733,-5.901216,-0.504292000,-5.069203000,2.060807000,0.010208000,3.884271000,-1.429167000,-0.538577672,-4.891392372,2.033581506,-0.050296561,3.888509020,-1.446142570,-0.034285672,0.177810628,-0.027225494,-0.060504561,0.004238020,-0.016975570
183,cal-20260717T104800Z,-45.358232,0.282053,-5.824161,-0.896292000,-4.398516000,1.864807000,0.347083000,4.215021000,-1.514917000,-0.927610780,-4.268695758,1.815401088,0.286423826,4.235014429,-1.561220104,-0.031318780,0.129820242,-0.049405912,-0.060659174,0.019993429,-0.046303104
184,cal-20260717T104800Z,-54.852030,0.315720,-5.680019,-1.386292000,-3.969766000,1.684120000,0.665583000,4.178271000,-1.533292000,-1.369752766,-3.799921518,1.637460732,0.614018585,4.249164355,-1.573906961,0.016539234,0.169844482,-0.046659268,-0.051564415,0.070893355,-0.040614961
185,cal-20260717T104800Z,-64.508205,0.457966,-5.614353,-1.851792000,-3.394016000,1.512620000,1.026958000,4.107833000,-1.438354000,-1.761559549,-3.199731944,1.398744504,0.941194625,4.211182669,-1.573203058,0.090232451,0.194284056,-0.113875496,-0.085763375,0.103349669,-0.134849058
186,cal-20260717T104800Z,55.553658,-0.412946,-10.093686,3.271771000,-1.777016000,0.388682000,-2.856292000,-1.174979000,0.276646000,3.233623337,-1.360505628,0.030643949,-3.119136429,-1.188835956,0.209888852,-0.038147663,0.416510372,-0.358038051,-0.262844429,-0.013856956,-0.066757148
187,cal-20260717T104800Z,44.741186,-0.535324,-10.016585,3.207458000,-2.723328000,0.829682000,-2.749104000,-0.207229000,-0.081667000,3.218161523,-2.417642181,0.511704396,-2.938786394,-0.184306872,-0.142564444,0.010703523,0.305685819,-0.317977604,-0.189682394,0.022922128,-0.060897444
188,cal-20260717T104800Z,35.826458,-0.642166,-10.032216,3.106396000,-3.495078000,1.093057000,-2.562292000,0.576771000,-0.341979000,3.101352685,-3.218516940,0.884505488,-2.692245524,0.630532525,-0.428908803,-0.005043315,0.276561060,-0.208551512,-0.129953524,0.053761525,-0.086929803
189,cal-20260717T104800Z,25.226042,-0.727530,-9.875359,2.781771000,-4.233141000,1.396245000,-2.271354000,1.464896000,-0.666604000,2.813719104,-4.044969142,1.293353347,-2.311071520,1.507930548,-0.727475312,0.031948104,0.188171858,-0.102891653,-0.039717520,0.043034548,-0.060871312
190,cal-20260717T104800Z,15.129076,-0.877356,-9.737618,2.463271000,-4.787453000,1.736182000,-1.876292000,2.206021000,-0.936104000,2.450753817,-4.697235557,1.627730628,-1.875136373,2.235951386,-0.970898798,-0.012517183,0.090217443,-0.108451372,0.001155627,0.029930386,-0.034794798
191,cal-20260717T104800Z,4.951434,-0.969620,-9.571223,2.068208000,-5.222328000,1.889307000,-1.462854000,2.876708000,-1.144354000,2.004143156,-5.174426677,1.891870400,-1.412261584,2.847280122,-1.169502958,-0.064064844,0.047901323,0.002563400,0.050592416,-0.029427878,-0.025148958
192,cal-20260717T104800Z,-4.822953,-1.033962,-9.479364,1.676208000,-5.504078000,2.082245000,-0.991229000,3.357521000,-1.272979000,1.539779417,-5.475314416,2.076244871,-0.956998679,3.322354244,-1.320523585,-0.136428583,0.028763584,-0.006000129,0.034230321,-0.035166756,-0.047544585
193,cal-20260717T104800Z,-15.501051,-1.069366,-9.388105,1.164771000,-5.700078000,2.174120000,-0.510417000,3.764833000,-1.447542000,0.995355899,-5.626746853,2.202642930,-0.472575991,3.712577974,-1.439537258,-0.169415101,0.073331147,0.028522930,0.037841009,-0.052255026,0.008004742
194,cal-20260717T104800Z,-26.059282,-1.004565,-9.218061,0.644146000,-5.700078000,2.250682000,-0.026542000,4.064958000,-1.508792000,0.415854456,-5.565677999,2.241140252,-0.032612578,3.982863781,-1.516550057,-0.228291544,0.134400001,-0.009541748,-0.006070578,-0.082094219,-0.007758057
195,cal-20260717T104800Z,-35.416808,-0.679133,-10.467779,0.356271000,-5.730703000,2.253745000,0.494083000,4.303833000,-1.560854000,0.128125856,-5.488462554,2.248125239,0.510890260,4.283056128,-1.614059903,-0.228145144,0.242240446,-0.005619761,0.016807260,-0.020776872,-0.053205903
196,cal-20260717T104800Z,-45.932727,-0.600092,-10.337793,-0.332792000,-5.430578000,2.216995000,0.947333000,4.349771000,-1.533292000,-0.485787674,-5.132634985,2.166641508,0.905943564,4.337706794,-1.618464756,-0.152995674,0.297943015,-0.050353492,-0.041389436,-0.012064206,-0.085172756
197,cal-20260717T104800Z,-55.764368,-0.513371,-10.304710,-0.923854000,-4.983453000,2.103682000,1.275021000,4.248708000,-1.484292000,-1.045846067,-4.650530017,2.021277012,1.260216030,4.305345250,-1.598705805,-0.121992067,0.332922983,-0.082404988,-0.014804970,0.056637250,-0.114413805
198,cal-20260717T104800Z,-66.648702,-0.429381,-10.347400,-1.625167000,-4.254578000,1.886245000,1.614958000,4.040458000,-1.386292000,-1.634181940,-3.958015033,1.784605096,1.637139117,4.165046828,-1.545729466,-0.009014940,0.296562967,-0.101639904,0.022181117,0.124588828,-0.159437466
199,cal-20260717T104800Z,53.672669,-5.495003,10.125547,1.115771000,-2.720266000,1.230870000,-1.052479000,-1.306667000,0.659458000,1.253745298,-2.654321102,1.253451838,-1.223304764,-1.459469331,0.631411755,0.137974298,0.065944898,0.022581838,-0.170825764,-0.152802331,-0.028046245
200,cal-20260717T104800Z,44.194766,-5.620143,10.216010,0.791146000,-3.130641000,1.396245000,-1.227042000,-0.942229000,0.491021000,0.871574159,-3.128874307,1.431041259,-1.348002692,-1.039213853,0.502784036,0.080428159,0.001766693,0.034796259,-0.120960692,-0.096984853,0.011763036
201,cal-20260717T104800Z,34.371043,-5.647932,10.201775,0.393021000,-3.394016000,1.527932000,-1.334229000,-0.537979000,0.340958000,0.464528429,-3.511549121,1.558699927,-1.438734525,-0.582169901,0.354155365,0.071507429,-0.117533121,0.030767927,-0.104505525,-0.044190901,0.013197365
202,cal-20260717T104800Z,23.875474,-5.642296,10.221154,-0.020417000,-3.733953000,1.589182000,-1.383229000,-0.051042000,0.163333000,0.022990704,-3.791773272,1.634132510,-1.478270970,-0.084859016,0.183988135,0.043407704,-0.057820272,0.044950510,-0.095041970,-0.033817016,0.020655135
203,cal-20260717T104800Z,14.237786,-5.722198,10.283384,-0.433854000,-3.923828000,1.598370000,-1.407729000,0.368521000,0.004083000,-0.383752513,-3.947587779,1.655631054,-1.456744077,0.361321708,0.023413924,0.050101487,-0.023759779,0.057261054,-0.049015077,-0.007199292,0.019330924
204,cal-20260717T104800Z,3.693111,-5.697121,10.336113,-0.786042000,-3.951391000,1.641245000,-1.361792000,0.772771000,-0.194979000,-0.798537615,-3.981327315,1.619730600,-1.388152329,0.818548719,-0.146745811,-0.012495615,-0.029936315,-0.021514400,-0.026360329,0.045777719,0.048233189
205,cal-20260717T104800Z,-6.499928,-5.720225,10.390301,-1.147417000,-3.877891000,1.549370000,-1.263792000,1.167833000,-0.354229000,-1.177627811,-3.904443653,1.536676110,-1.275041658,1.214345108,-0.300943087,-0.030210811,-0.026552653,-0.012693890,-0.011249658,0.046512108,0.053285913
206,cal-20260717T104800Z,-16.854941,-5.740554,10.383424,-1.536354000,-3.721703000,1.442182000,-1.171917000,1.486333000,-0.510417000,-1.528143165,-3.718155234,1.406254938,-1.125029216,1.562971918,-0.443577131,0.008210835,0.003547766,-0.035927062,0.046887784,0.076638918,0.066839869
207,cal-20260717T104800Z,-26.926105,-5.691718,10.411723,-1.821167000,-3.464453000,1.298245000,-1.006542000,1.789521000,-0.608417000,-1.823340311,-3.411070308,1.227849994,-0.958074451,1.842350723,-0.563245599,-0.002173311,0.053382692,-0.070395006,0.048467549,0.052829723,0.045171401
208,cal-20260717T104800Z,-36.926728,-5.664021,10.429612,-2.096792000,-3.066328000,1.047120000,-0.773792000,1.991646000,-0.703354000,-2.070544131,-3.003812896,1.007902781,-0.774278099,2.058062952,-0.663497129,0.026247869,0.062515104,-0.039217219,-0.000486099,0.066416952,0.039856871
209,cal-20260717T104800Z,-47.471667,-5.630090,10.410529,-2.338729000,-2.533453000,0.854182000,-0.580854000,2.114146000,-0.789104000,-2.265409613,-2.471244615,0.735357771,-0.567906157,2.222093009,-0.750134216,0.073319387,0.062208385,-0.118824229,0.012947843,0.107947009,0.038969784
210,cal-20260717T104800Z,-57.330556,-5.467646,10.412695,-2.464292000,-1.924016000,0.550995000,-0.415479000,2.172333000,-0.816667000,-2.357074598,-1.879669513,0.449856143,-0.373868261,2.325302264,-0.815189501,0.107217402,0.044346487,-0.101138857,0.041610739,0.152969264,0.001477499
211,cal-20260717T104800Z,-66.914979,-5.404734,10.643711,-2.546979000,-1.271703000,0.275370000,-0.179667000,2.251958000,-0.871792000,-2.365947848,-1.229955011,0.141677539,-0.186788419,2.351129811,-0.854184883,0.181031152,0.041747989,-0.133692461,-0.007121419,0.099171811,0.017607117
212,cal-20260717T104800Z,54.376591,-5.615189,5.494908,1.614958000,-2.851953000,1.292120000,-1.349542000,-1.309729000,0.592083000,1.814694794,-2.819045138,1.259354599,-1.498099789,-1.428458623,0.591600017,0.199736794,0.032907862,-0.032765401,-0.148557789,-0.118729623,-0.000482983
213,cal-20260717T104800Z,44.323684,-5.554615,5.482608,1.324021000,-3.470578000,1.524870000,-1.481229000,-0.850354000,0.457333000,1.413520606,-3.434350710,1.506231617,-1.609475174,-0.930031265,0.428446339,0.089499606,0.036227290,-0.018638383,-0.128246174,-0.079677265,-0.028886661
214,cal-20260717T104800Z,34.375896,-5.455427,5.499526,0.873833000,-3.914641000,1.668807000,-1.536354000,-0.351167000,0.270521000,0.976792804,-3.911161039,1.687869946,-1.662093970,-0.410740918,0.251543015,0.102959804,0.003479961,0.019062946,-0.125739970,-0.059573918,-0.018977985
215,cal-20260717T104800Z,23.704189,-5.485624,5.524619,0.448146000,-4.321953000,1.803557000,-1.579229000,0.166396000,0.053083000,0.485269260,-4.306023615,1.826877962,-1.642658233,0.155840856,0.049752549,0.037123260,0.015929385,0.023320962,-0.063429233,-0.010555144,-0.003330451
216,cal-20260717T104800Z,13.936160,-5.516406,5.548492,-0.002042000,-4.554703000,1.864807000,-1.530229000,0.607396000,-0.161292000,0.032471893,-4.536507519,1.893974735,-1.566284868,0.652598509,-0.132940544,0.034513893,0.018195481,0.029167735,-0.036055868,0.045202509,0.028351456
217,cal-20260717T104800Z,4.129659,-5.579253,5.550176,-0.488979000,-4.668016000,1.867870000,-1.407729000,1.100458000,-0.308292000,-0.414822314,-4.653646810,1.909455032,-1.438670432,1.112036317,-0.307388474,0.074156686,0.014369190,0.041585032,-0.030941432,0.011578317,0.000903526
218,cal-20260717T104800Z,-5.982491,-5.600034,5.604107,-0.853417000,-4.646578000,1.870932000,-1.303604000,1.532271000,-0.504292000,-0.861381661,-4.628907869,1.862532540,-1.269266278,1.526478476,-0.468217777,-0.007964661,0.017670131,-0.008399460,0.034337722,-0.005792524,0.036074223
219,cal-20260717T104800Z,-16.510577,-5.583740,5.732287,-1.306667000,-4.487328000,1.726995000,-1.086167000,1.847708000,-0.654354000,-1.301887394,-4.445738201,1.745990442,-1.065961855,1.884421642,-0.610787536,0.004779606,0.041589799,0.018995442,0.020205145,0.036713642,0.043566464
220,cal-20260717T104800Z,-26.408335,-5.581834,5.860529,-1.668042000,-4.248453000,1.641245000,-0.844229000,2.108021000,-0.749292000,-1.685515904,-4.145676510,1.580248055,-0.857258259,2.150303310,-0.721951934,-0.017473904,0.102776490,-0.060996945,-0.013029259,0.042282310,0.027340066
221,cal-20260717T104800Z,-36.343796,-5.509564,5.892929,-2.078417000,-3.816641000,1.417682000,-0.629854000,2.307083000,-0.825854000,-2.015674598,-3.726018130,1.365495940,-0.638869857,2.362262977,-0.816568580,0.062742402,0.090622870,-0.052186060,-0.009015857,0.055179977,0.009285420
222,cal-20260717T104800Z,-47.111211,-5.408058,6.036456,-2.427542000,-3.256203000,1.145120000,-0.403229000,2.392833000,-0.896292000,-2.307248221,-3.118123582,1.067579533,-0.402741097,2.513294701,-0.892671380,0.120293779,0.138079418,-0.077540467,0.000487903,0.120461701,0.003620620
223,cal-20260717T104800Z,-56.629711,-5.336841,6.160258,-2.626604000,-2.594703000,0.844995000,-0.155167000,2.515333000,-0.951417000,-2.492717205,-2.482947893,0.763379811,-0.192350531,2.583976531,-0.940848640,0.133886795,0.111755107,-0.081615189,-0.037183531,0.068643531,0.010568360
224,cal-20260717T104800Z,-67.136445,-5.166121,6.178533,-2.813417000,-1.755578000,0.529557000,0.080646000,2.500021000,-0.960604000,-2.592363939,-1.710974892,0.406542508,0.043682398,2.613276975,-0.980868679,0.221053061,0.044603108,-0.123014492,-0.036963602,0.113255975,-0.020264679
225,cal-20260717T104800Z,55.070320,-5.462378,-0.374597,2.475521000,-3.054078000,1.282932000,-1.680292000,-1.181104000,0.509396000,2.668593375,-2.822625062,1.093963574,-1.881845205,-1.314496804,0.486110995,0.193072375,0.231452938,-0.188968426,-0.201553205,-0.133392804,-0.023285005
226,cal-20260717T104800Z,45.317851,-5.505331,-0.362052,2.104958000,-3.835016000,1.561620000,-1.769104000,-0.678854000,0.258271000,2.316249400,-3.650465516,1.451447130,-1.920674401,-0.741923642,0.285317373,0.211291400,0.184550484,-0.110172870,-0.151570401,-0.063069642,0.027046373
227,cal-20260717T104800Z,34.975871,-5.496665,-0.275236,1.673146000,-4.527141000,1.788245000,-1.762979000,-0.093917000,0.068396000,1.846791034,-4.368714402,1.760189447,-1.888554223,-0.126484897,0.066363158,0.173645034,0.158426598,-0.028055553,-0.125575223,-0.032567897,-0.002032842
228,cal-20260717T104800Z,25.479738,-5.467599,-0.270120,1.207646000,-4.989578000,2.002620000,-1.710917000,0.411396000,-0.142917000,1.383874498,-4.879768376,1.974302127,-1.798821151,0.433935769,-0.137443559,0.176228498,0.109809624,-0.028317873,-0.087904151,0.022539769,0.005473441
229,cal-20260717T104800Z,14.744879,-5.502561,-0.162370,0.690083000,-5.350953000,2.158807000,-1.573104000,1.005521000,-0.348104000,0.817644666,-5.291269597,2.143646270,-1.624562789,1.021449426,-0.352879701,0.127561666,0.059683403,-0.015160730,-0.051458789,0.015928426,-0.004775701
230,cal-20260717T104800Z,4.884939,-5.524943,-0.101539,0.233771000,-5.629641000,2.207807000,-1.370979000,1.492458000,-0.544104000,0.296738584,-5.510571454,2.227830386,-1.417364389,1.506166578,-0.533257017,0.062967584,0.119069546,0.020023386,-0.046385389,0.013708578,0.010846983
231,cal-20260717T104800Z,-5.691044,-5.623725,-0.022679,-0.308292000,-5.709266000,2.195557000,-1.119854000,1.890583000,-0.746229000,-0.268673458,-5.599887816,2.252319037,-1.154509985,1.942717189,-0.698238589,0.039618542,0.109378184,0.056762037,-0.034655985,0.052134189,0.047990411
232,cal-20260717T104800Z,-15.961002,-5.695999,0.070496,-0.856479000,-5.592891000,2.204745000,-0.887104000,2.239708000,-0.807479000,-0.811491619,-5.514474523,2.201109892,-0.882486654,2.281338105,-0.828083719,0.044987381,0.078416477,-0.003635108,0.004617346,0.041630105,-0.020604719
233,cal-20260717T104800Z,-25.682631,-5.712019,0.191465,-1.325042000,-5.436703000,2.063870000,-0.553292000,2.506146000,-0.945292000,-1.309078728,-5.264156137,2.079809693,-0.623576433,2.526779484,-0.924163471,0.015963272,0.172546863,0.015939693,-0.070284433,0.020633484,0.021128529
234,cal-20260717T104800Z,-35.814100,-5.738115,0.419948,-1.870167000,-5.017141000,1.922995000,-0.335854000,2.686833000,-1.024917000,-1.810219041,-4.826107555,1.874205870,-0.361488537,2.697894756,-0.994649375,0.059947959,0.191033445,-0.048789130,-0.025634537,0.011061756,0.030267625
235,cal-20260717T104800Z,-45.593977,-5.684229,0.539212,-2.341792000,-4.423016000,1.699432000,-0.051042000,2.738896000,-1.049417000,-2.229127163,-4.255730909,1.613018848,-0.111764133,2.809037169,-1.046331134,0.112664837,0.167285091,-0.086413152,-0.060722133,0.070141169,0.003085866
236,cal-20260717T104800Z,-55.738212,-5.659766,0.638900,-2.727667000,-3.681891000,1.399307000,0.175583000,2.766458000,-1.070854000,-2.600184587,-3.525961562,1.280085601,0.142558342,2.852594916,-1.077663374,0.127482413,0.155929438,-0.119221399,-0.033024658,0.086136916,-0.006809374
237,cal-20260717T104800Z,-65.830780,-5.592068,0.706677,-3.119667000,-2.766203000,0.998120000,0.435896000,2.720521000,-1.061667000,-2.867711894,-2.671494372,0.895433959,0.389439402,2.834707287,-1.090387234,0.251955106,0.094708628,-0.102686041,-0.046456598,0.114186287,-0.028720234
238,cal-20260717T104800Z,55.425756,-5.663999,-5.038147,3.271771000,-3.170453000,1.154307000,-1.928354000,-1.003479000,0.359333000,3.463043660,-2.699687838,0.821512429,-2.148404625,-1.096054328,0.325823674,0.191272660,0.470765162,-0.332794571,-0.220050625,-0.092575328,-0.033509326
239,cal-20260717T104800Z,45.436553,-5.910349,-4.958736,2.959396000,-4.156578000,1.521807000,-1.946729000,-0.394042000,0.120458000,3.185854227,-3.820367985,1.315641638,-2.088768620,-0.450237542,0.092819402,0.226458227,0.336210015,-0.206165362,-0.142039620,-0.056195542,-0.027638598
240,cal-20260717T104800Z,35.584412,-6.098018,-4.881633,2.567396000,-4.949766000,1.864807000,-1.845667000,0.209271000,-0.152104000,2.774510908,-4.778675495,1.740843356,-1.960701086,0.173055261,-0.133375295,0.207114908,0.171090505,-0.123963644,-0.115034086,-0.036215739,0.018728705
241,cal-20260717T104800Z,25.230919,-6.212353,-4.794119,2.077396000,-5.672516000,2.097557000,-1.723167000,0.766646000,-0.326667000,2.236146787,-5.574317600,2.097635435,-1.763842496,0.790226673,-0.357297718,0.158750787,0.098198400,0.000078435,-0.040675496,0.023580673,-0.030630718
242,cal-20260717T104800Z,16.123173,-6.247234,-4.747701,1.575146000,-6.119641000,2.290495000,-1.527167000,1.275021000,-0.525729000,1.718737815,-6.083715383,2.328786005,-1.547783784,1.289909936,-0.538439018,0.143591815,0.035925617,0.038291005,-0.020616784,0.014888936,-0.012710018
243,cal-20260717T104800Z,5.453513,-6.297111,-4.543453,1.011646000,-6.505516000,2.400745000,-1.223979000,1.807896000,-0.733979000,1.053423503,-6.461146262,2.509805195,-1.257088306,1.790165462,-0.716152180,0.041777503,0.044369738,0.109060195,-0.033109306,-0.017730538,0.017826820
244,cal-20260717T104800Z,-4.584758,-6.249299,-4.404320,0.442021000,-6.634141000,2.544682000,-0.972854000,2.181521000,-0.841167000,0.434761610,-6.595829246,2.584786134,-0.966024821,2.191468461,-0.858066600,-0.007259390,0.038311754,0.040104134,0.006829179,0.009947461,-0.016899600
245,cal-20260717T104800Z,-15.231213,-6.233930,-4.230500,-0.179667000,-6.677016000,2.517120000,-0.642104000,2.521458000,-0.982042000,-0.228707652,-6.552814551,2.583037917,-0.647401587,2.522625036,-0.974143055,-0.049040652,0.124201449,0.065917917,-0.005297587,0.001167036,0.007898945
246,cal-20260717T104800Z,-25.921804,-6.175134,-4.048473,-0.841167000,-6.533078000,2.428307000,-0.308292000,2.766458000,-1.064729000,-0.886080267,-6.293433990,2.488459238,-0.333552467,2.767563137,-1.059819551,-0.044913267,0.239644010,0.060152238,-0.025260467,0.001105137,0.004909449
247,cal-20260717T104800Z,-35.633478,-6.091631,-3.910458,-1.404667000,-6.147203000,2.345620000,-0.002042000,2.879771000,-1.095354000,-1.461535222,-5.878943259,2.324700547,-0.056769723,2.919643508,-1.114298748,-0.056868222,0.268259741,-0.020919453,-0.054727723,0.039872508,-0.018944748
248,cal-20260717T104800Z,-45.677636,-5.236681,-4.977619,-1.766042000,-5.693953000,2.244557000,0.353208000,3.143146000,-1.162729000,-1.770775628,-5.360807011,2.150189306,0.309104442,3.176859501,-1.212930284,-0.004733628,0.333145989,-0.094367694,-0.044103558,0.033713501,-0.050201284
249,cal-20260717T104800Z,-56.041127,-5.148732,-4.871288,-2.372417000,-4.928328000,1.968932000,0.644146000,3.127833000,-1.138229000,-2.324131029,-4.597422603,1.841399951,0.594175322,3.184771362,-1.220205022,0.048285971,0.330905397,-0.127532049,-0.049970678,0.056938362,-0.081976022
250,cal-20260717T104800Z,-65.437755,-5.042766,-4.773119,-2.960417000,-4.086141000,1.656557000,0.867708000,3.020646000,-1.119854000,-2.750366034,-3.748628125,1.490037550,0.839729990,3.129371947,-1.208082283,0.210050966,0.337512875,-0.166519450,-0.027978010,0.108725947,-0.088228283
251,cal-20260717T104800Z,53.833680,-5.589753,-9.990047,4.190521000,-2.998953000,0.820495000,-2.167229000,-0.639042000,0.126583000,4.250776166,-2.470779695,0.392911475,-2.379190931,-0.656472718,0.051076311,0.060255166,0.528173305,-0.427583525,-0.211961931,-0.017430718,-0.075506689
252,cal-20260717T104800Z,44.496017,-5.747120,-9.840895,4.000646000,-4.095328000,1.292120000,-2.109042000,-0.093917000,-0.103104000,4.106232386,-3.712696254,0.945644367,-2.221948817,-0.016895280,-0.178315254,0.105586386,0.382631746,-0.346475633,-0.112906817,0.077021720,-0.075211254
253,cal-20260717T104800Z,34.686063,-5.926881,-9.732089,3.721958000,-5.109016000,1.705557000,-1.891604000,0.533896000,-0.341979000,3.796293325,-4.887471851,1.479077359,-1.986103989,0.630226268,-0.408728804,0.074335325,0.221544149,-0.226479641,-0.094499989,0.096330268,-0.066749804
254,cal-20260717T104800Z,24.167372,-6.073473,-9.617177,3.241146000,-6.116578000,2.033245000,-1.658854000,1.192333000,-0.562479000,3.304894552,-5.928215809,1.968218231,-1.673882576,1.264495448,-0.630590408,0.063748552,0.188362191,-0.065026769,-0.015028576,0.072162448,-0.068111408
255,cal-20260717T104800Z,14.437371,-6.195260,-9.554308,2.754208000,-6.719891000,2.324182000,-1.380167000,1.728271000,-0.773792000,2.763431231,-6.677255857,2.331623181,-1.343406869,1.781183302,-0.807772124,0.009223231,0.042635143,0.007441181,0.036760131,0.052912302,-0.033980124
256,cal-20260717T104800Z,4.160002,-6.261924,-9.434334,2.196833000,-7.255828000,2.581432000,-1.018792000,2.196833000,-0.899354000,2.112330740,-7.213221998,2.615005877,-0.977826422,2.237733434,-0.958363937,-0.084502260,0.042606002,0.033573877,0.040965578,0.040900434,-0.059009937
257,cal-20260717T104800Z,-6.761025,-5.626004,-10.604033,1.893646000,-7.519203000,2.642682000,-0.580854000,2.806271000,-1.147417000,1.720467721,-7.417585423,2.726619808,-0.511714460,2.798023608,-1.158234973,-0.173178279,0.101617577,0.083937808,0.069139540,-0.008247392,-0.010817973
258,cal-20260717T104800Z,-17.181039,-5.619156,-10.390906,1.253583000,-7.684578000,2.762120000,-0.179667000,3.066583000,-1.193354000,0.985437249,-7.506011407,2.842382367,-0.133782970,3.061726435,-1.230316733,-0.268145751,0.178566593,0.080262367,0.045884030,-0.004856565,-0.036962733
259,cal-20260717T104800Z,-27.483792,-5.518034,-10.188553,0.509396000,-7.660078000,2.826432000,0.233771000,3.268708000,-1.223979000,0.240909588,-7.342575705,2.852715437,0.216234404,3.245335442,-1.275779034,-0.268486412,0.317502295,0.026283437,-0.017536596,-0.023372558,-0.051800034
260,cal-20260717T104800Z,-37.327718,-5.425568,-10.061362,-0.170479000,-7.445703000,2.774370000,0.536958000,3.348333000,-1.266854000,-0.472689994,-7.006676645,2.782848293,0.534380449,3.343884299,-1.294943220,-0.302210994,0.439026355,0.008478293,-0.002577551,-0.004448701,-0.028089220
261,cal-20260717T104800Z,-47.403410,-5.337473,-9.996180,-0.982042000,-6.958766000,2.651870000,0.837083000,3.375896000,-1.239292000,-1.199946547,-6.475527253,2.628684255,0.843145745,3.368975861,-1.291233728,-0.217904547,0.483238747,-0.023185745,0.006062745,-0.006920139,-0.051941728
262,cal-20260717T104800Z,-57.544367,-5.307466,-9.918184,-1.787479000,-6.269703000,2.452807000,1.140271000,3.247271000,-1.144354000,-1.932279331,-5.739651433,2.381900564,1.128153368,3.306746375,-1.260520676,-0.144800331,0.530051567,-0.070906436,-0.012117632,0.059475375,-0.116166676
263,cal-20260717T104800Z,-67.414228,-5.315558,-9.826358,-2.586792000,-5.366266000,2.207807000,1.373021000,3.069646000,-1.067792000,-2.608066615,-4.817124467,2.044963341,1.380407777,3.165666509,-1.206091378,-0.021274615,0.549141533,-0.162843659,0.007386777,0.096020509,-0.138299378
264,cal-20260717T104800Z,52.026730,-10.643543,9.427292,1.033083000,-3.706391000,1.714745000,-0.991229000,-0.929979000,0.460396000,1.177097168,-3.711928336,1.731631032,-1.135988353,-1.049924073,0.452316982,0.144014168,-0.005537336,0.016886032,-0.144759353,-0.119945073,-0.008079018
265,cal-20260717T104800Z,42.885898,-10.696781,9.526820,0.564521000,-4.196391000,1.870932000,-1.098417000,-0.629854000,0.396083000,0.663556301,-4.216363467,1.889775716,-1.208183452,-0.708674331,0.340553948,0.099035301,-0.019972467,0.018843716,-0.109766452,-0.078820331,-0.055529052
266,cal-20260717T104800Z,32.329142,-10.692394,9.542043,-0.020417000,-4.640453000,1.953620000,-1.165792000,-0.271542000,0.206208000,0.080135195,-4.644335509,1.997192113,-1.252676676,-0.297933176,0.199515073,0.100552195,-0.003882509,0.043572113,-0.086884676,-0.026391176,-0.006692927
267,cal-20260717T104800Z,22.313961,-10.800830,9.576162,-0.510417000,-4.897703000,1.950557000,-1.156604000,0.086771000,0.037771000,-0.472959851,-4.922543663,2.038215106,-1.243309853,0.094624368,0.058302057,0.037457149,-0.024840663,0.087658106,-0.086705853,0.007853368,0.020531057
268,cal-20260717T104800Z,12.053523,-10.858056,9.525124,-1.009604000,-5.023266000,1.947495000,-1.147417000,0.463458000,-0.136792000,-1.000237168,-5.063860980,2.017520214,-1.192426504,0.482871333,-0.086555052,0.009366832,-0.040594980,0.070025214,-0.045009504,0.019413333,0.050236948
269,cal-20260717T104800Z,2.169512,-10.894906,9.529222,-1.444479000,-4.998766000,1.938307000,-1.064729000,0.751333000,-0.228667000,-1.476620950,-5.049829427,1.934577528,-1.104885956,0.826126460,-0.218178938,-0.032141950,-0.051063427,-0.003729472,-0.040156956,0.074793460,0.010488062
270,cal-20260717T104800Z,-7.926321,-10.967098,9.568553,-1.870167000,-4.909953000,1.788245000,-0.963667000,1.082083000,-0.329729000,-1.931231999,-4.897673005,1.791026193,-0.982280020,1.134069905,-0.340189751,-0.061064999,0.012279995,0.002781193,-0.018613020,0.051986905,-0.010460751
271,cal-20260717T104800Z,-19.586317,-9.447211,10.749291,-2.139667000,-4.122891000,1.497307000,-0.923854000,1.397521000,-0.458354000,-2.133992309,-4.082905152,1.422443980,-0.897844629,1.442683957,-0.442704317,0.005674691,0.039985848,-0.074863020,0.026009371,0.045162957,0.015649683
272,cal-20260717T104800Z,-28.951561,-9.521072,10.801643,-2.442854000,-3.792141000,1.334995000,-0.749292000,1.572083000,-0.562479000,-2.424004306,-3.704155091,1.198130334,-0.747934001,1.642941135,-0.531104640,0.018849694,0.087985909,-0.136864666,0.001357999,0.070858135,0.031374360
273,cal-20260717T104800Z,-38.714435,-9.490828,10.919060,-2.675604000,-3.286828000,1.034870000,-0.571667000,1.743583000,-0.648229000,-2.643884098,-3.172197604,0.913971218,-0.586985114,1.804368453,-0.606996606,0.031719902,0.114630396,-0.120898782,-0.015318114,0.060785453,0.041232394
274,cal-20260717T104800Z,-49.488768,-10.031976,9.531807,-3.125792000,-2.836641000,0.774557000,-0.338917000,1.853833000,-0.694167000,-2.970569263,-2.738242694,0.652636285,-0.332002712,1.956899106,-0.699242280,0.155222737,0.098398306,-0.121920715,0.006914288,0.103066106,-0.005075280
275,cal-20260717T104800Z,-59.240427,-9.948069,9.668036,-3.226854000,-2.074078000,0.471370000,-0.158229000,1.896708000,-0.727854000,-3.014326751,-1.953391637,0.279959401,-0.159385909,2.010222418,-0.739383946,0.212527249,0.120686363,-0.191410599,-0.001156909,0.113514418,-0.011529946
276,cal-20260717T104800Z,-69.462223,-9.862334,9.629874,-3.196229000,-1.127766000,0.109995000,-0.008167000,1.908958000,-0.733979000,-2.958198074,-1.094918852,-0.110571860,0.030275955,2.021865710,-0.769593665,0.238030926,0.032847148,-0.220566860,0.038442955,0.112907710,-0.035614665
277,cal-20260717T104800Z,51.485650,-10.173513,5.572640,1.547583000,-4.012641000,1.788245000,-1.184167000,-0.917729000,0.417521000,1.723512433,-3.992005811,1.789981223,-1.331612406,-0.987153484,0.408754331,0.175929433,0.020635189,0.001736223,-0.147445406,-0.069424484,-0.008766669
278,cal-20260717T104800Z,41.277222,-10.095630,5.508757,0.996333000,-4.612891000,1.981182000,-1.251542000,-0.516542000,0.295021000,1.156746199,-4.661047614,2.023445409,-1.392993211,-0.557505589,0.260379242,0.160413199,-0.048156614,0.042263409,-0.141451211,-0.040963589,-0.034641758
279,cal-20260717T104800Z,31.321912,-10.208545,5.596887,0.491021000,-5.127391000,2.103682000,-1.263792000,-0.170479000,0.083708000,0.549954889,-5.181426904,2.188923279,-1.387900299,-0.124426263,0.105799529,0.058933889,-0.054035904,0.085241279,-0.124108299,0.046052737,0.022091529
280,cal-20260717T104800Z,21.123641,-10.300595,5.598889,-0.078604000,-5.476516000,2.164932000,-1.263792000,0.252146000,-0.075542000,-0.057942941,-5.550605641,2.281513403,-1.335511295,0.311727031,-0.054934548,0.020661059,-0.074089641,0.116581403,-0.071719295,0.059581031,0.020607452
281,cal-20260717T104800Z,11.263515,-10.375341,5.656219,-0.620667000,-5.727641000,2.210870000,-1.217854000,0.634958000,-0.182729000,-0.633952955,-5.733388323,2.295007632,-1.240571450,0.704984922,-0.202656853,-0.013285955,-0.005747323,0.084137632,-0.022717450,0.070026922,-0.019927853
282,cal-20260717T104800Z,0.577993,-10.458350,5.721480,-1.153542000,-5.712328000,2.189432000,-1.110667000,0.996333000,-0.351167000,-1.228464819,-5.758958830,2.235025641,-1.097623830,1.087081746,-0.349465338,-0.074922819,-0.046630830,0.045593641,0.013043170,0.090748746,0.001701662
283,cal-20260717T104800Z,-8.508478,-10.488997,5.749865,-1.658854000,-5.620453000,2.088370000,-0.936104000,1.268896000,-0.449167000,-1.696250344,-5.638688432,2.125146078,-0.952681591,1.370756320,-0.460962460,-0.037396344,-0.018235432,0.036776078,-0.016577591,0.101860320,-0.011795460
284,cal-20260717T104800Z,-19.287451,-10.503583,5.792846,-2.167229000,-5.412203000,1.956682000,-0.758479000,1.572083000,-0.550229000,-2.207523419,-5.323868016,1.923609880,-0.760995187,1.649790854,-0.573690107,-0.040294419,0.088334984,-0.033072120,-0.002516187,0.077707854,-0.023461107
285,cal-20260717T104800Z,-29.756619,-10.493217,5.860367,-2.632729000,-5.014078000,1.720870000,-0.602292000,1.792583000,-0.681917000,-2.646121524,-4.831899528,1.651590205,-0.563601295,1.858171379,-0.661684605,-0.013392524,0.182178472,-0.069279795,0.038690705,0.065588379,0.020232395
286,cal-20260717T104800Z,-39.591097,-10.481382,5.947817,-3.040042000,-4.453641000,1.463620000,-0.384854000,1.918146000,-0.718667000,-2.990213356,-4.206366263,1.329367637,-0.373903880,1.996665225,-0.725120407,0.049828644,0.247274737,-0.134252363,0.010950120,0.078519225,-0.006453407
287,cal-20260717T104800Z,-49.372761,-9.725838,4.968381,-3.202354000,-3.847266000,1.264557000,-0.204167000,2.126396000,-0.807479000,-3.139164990,-3.597096274,1.074441644,-0.156092445,2.190658340,-0.814927318,0.063189010,0.250169726,-0.190115356,0.048074555,0.064262340,-0.007448318
288,cal-20260717T104800Z,-59.694900,-9.621861,5.061656,-3.508604000,-2.855016000,0.854182000,0.025521000,2.135583000,-0.856479000,-3.310732292,-2.665624027,0.641048715,0.049190149,2.229633765,-0.847071676,0.197871708,0.189391973,-0.213133285,0.023669149,0.094050765,0.009407324
289,cal-20260717T104800Z,-69.523319,-9.411249,5.200616,-3.634167000,-1.881141000,0.376432000,0.203146000,2.114146000,-0.825854000,-3.322519583,-1.685644063,0.204725229,0.237825353,2.221385597,-0.863797956,0.311647417,0.195496937,-0.171706771,0.034679353,0.107239597,-0.037943956
290,cal-20260717T104800Z,50.853480,-10.194785,0.196349,2.527583000,-4.496516000,1.883182000,-1.377104000,-0.795229000,0.374646000,2.714696014,-4.459280780,1.825848453,-1.570422177,-0.798770507,0.287108642,0.187113014,0.037235220,-0.057333547,-0.193318177,-0.003541507,-0.087537358
291,cal-20260717T104800Z,39.995598,-10.352738,0.345982,1.863021000,-5.418328000,2.213932000,-1.423042000,-0.335854000,0.154146000,2.027273561,-5.473321459,2.226197466,-1.548571573,-0.285634583,0.102178226,0.164252561,-0.054993459,0.012265466,-0.125529573,0.050219417,-0.051967774
292,cal-20260717T104800Z,29.300171,-10.498017,0.466775,1.275021000,-6.144141000,2.363995000,-1.429167000,0.089833000,-0.041854000,1.287406473,-6.232979962,2.508127120,-1.466672303,0.212311953,-0.080424920,0.012385473,-0.088838962,0.144132120,-0.037505303,0.122478953,-0.038570920
293,cal-20260717T104800Z,20.466718,-10.579848,0.519408,0.693146000,-6.591266000,2.520182000,-1.309729000,0.463458000,-0.219479000,0.671890127,-6.673287053,2.656102356,-1.359926356,0.604364580,-0.226149577,-0.021255873,-0.082021053,0.135920356,-0.050197356,0.140906580,-0.006670577
294,cal-20260717T104800Z,10.369872,-10.672956,0.627207,0.059208000,-6.964891000,2.612057000,-1.181104000,0.895271000,-0.345042000,-0.034282501,-6.973929279,2.737798318,-1.199085927,1.011918809,-0.378224560,-0.093490501,-0.009038279,0.125741318,-0.017981927,0.116647809,-0.033182560
295,cal-20260717T104800Z,0.433020,-10.756609,0.762962,-0.586979000,-7.127203000,2.639620000,-1.049417000,1.238271000,-0.492042000,-0.713805187,-7.067564678,2.731491580,-1.011876972,1.360608199,-0.508884031,-0.126826187,0.059638322,0.091871580,0.037540028,0.122337199,-0.016842031
296,cal-20260717T104800Z,-9.732320,-10.799425,0.875428,-1.233167000,-7.139453000,2.547745000,-0.822792000,1.565958000,-0.635979000,-1.372319739,-6.965144340,2.641579508,-0.802113533,1.661575049,-0.622687103,-0.139152739,0.174308660,0.093834508,0.020678467,0.095617049,0.013291897
297,cal-20260717T104800Z,-19.735294,-10.822604,0.928833,-1.808917000,-6.903641000,2.446682000,-0.642104000,1.832396000,-0.688042000,-1.982685049,-6.688050353,2.478743787,-0.583677125,1.900467870,-0.714772664,-0.173768049,0.215590647,0.032061787,0.058426875,0.068071870,-0.026730664
298,cal-20260717T104800Z,-30.199031,-10.405101,0.272038,-2.323417000,-6.582078000,2.318057000,-0.403229000,2.046771000,-0.807479000,-2.432909182,-6.282734623,2.288546841,-0.331220024,2.156346176,-0.818226927,-0.109492182,0.299343377,-0.029510159,0.072008976,0.109575176,-0.010747927
299,cal-20260717T104800Z,-39.785857,-10.379892,0.390663,-2.874667000,-6.049203000,2.103682000,-0.161292000,2.172333000,-0.862604000,-2.945894592,-5.624777624,1.975922955,-0.118291438,2.266978006,-0.864111386,-0.071227592,0.424425376,-0.127759045,0.043000562,0.094645006,-0.001507386
300,cal-20260717T104800Z,-49.954198,-10.294924,0.474046,-3.481042000,-5.158016000,1.769870000,0.056146000,2.251958000,-0.880979000,-3.393260472,-4.731309119,1.567215317,0.102728403,2.332664799,-0.896320062,0.087781528,0.426706881,-0.202654683,0.046582403,0.080706799,-0.015341062
301,cal-20260717T104800Z,-59.743834,-10.229787,0.577716,-3.897542000,-4.147391000,1.380932000,0.258271000,2.239708000,-0.884042000,-3.716167740,-3.698186952,1.102964786,0.307713268,2.337645847,-0.908661386,0.181374260,0.449204048,-0.277967214,0.049442268,0.097937847,-0.024619386
302,cal-20260717T104800Z,-69.654103,-10.122127,0.636643,-4.212979000,-2.891766000,0.875620000,0.469583000,2.166208000,-0.859542000,-3.892431100,-2.530646277,0.591817008,0.510359715,2.293133541,-0.906042424,0.320547900,0.361119723,-0.283802992,0.040776715,0.126925541,-0.046500424
303,cal-20260717T104800Z,51.523002,-9.820178,-4.922731,3.743396000,-4.689453000,1.766807000,-1.603729000,-0.675792000,0.224583000,3.944087362,-4.404384393,1.519555776,-1.790078649,-0.624364824,0.150694670,0.200691362,0.285068607,-0.247251224,-0.186349649,0.051427176,-0.073888330
304,cal-20260717T104800Z,41.677953,-10.007098,-4.717815,3.176833000,-5.782766000,2.161870000,-1.585354000,-0.188854000,0.031646000,3.376524838,-5.664725471,2.055388724,-1.703883412,-0.115250489,-0.034527145,0.199691838,0.118040529,-0.106481276,-0.118529412,0.073603511,-0.066173145
305,cal-20260717T104800Z,31.944334,-10.135492,-4.551718,2.604146000,-6.716828000,2.461995000,-1.527167000,0.227646000,-0.155167000,2.698728784,-6.663247910,2.476209307,-1.570658560,0.372185338,-0.212310899,0.094582784,0.053580090,0.014214307,-0.043491560,0.144539338,-0.057143899
306,cal-20260717T104800Z,21.091290,-10.219847,-4.417498,1.853833000,-7.528391000,2.740682000,-1.383229000,0.781958000,-0.341979000,1.882908366,-7.471395155,2.812107050,-1.372898670,0.880533589,-0.397613940,0.029075366,0.056995845,0.071425050,0.010330330,0.098575589,-0.055634940
307,cal-20260717T104800Z,11.791775,-9.859499,-5.106886,1.446521000,-7.920391000,2.838682000,-1.184167000,1.250521000,-0.556354000,1.403927642,-7.896698832,2.966005400,-1.173898785,1.342437772,-0.575644282,-0.042593358,0.023692168,0.127323400,0.010268215,0.091916772,-0.019290282
308,cal-20260717T104800Z,1.899017,-9.933285,-5.042778,0.723771000,-8.306266000,3.010182000,-0.939167000,1.636396000,-0.669667000,0.656597346,-8.215597318,3.099798665,-0.917654332,1.708419499,-0.706062023,-0.067173654,0.090668682,0.089616665,0.021512668,0.072023499,-0.036395023
309,cal-20260717T104800Z,-8.201767,-9.897699,-4.958861,0.004083000,-8.468578000,3.077557000,-0.681917000,1.973271000,-0.786042000,-0.095929018,-8.267905719,3.127683048,-0.648835658,2.019528327,-0.814660079,-0.100012018,0.200672281,0.050126048,0.033081342,0.046257327,-0.028618079
310,cal-20260717T104800Z,-18.703694,-9.975288,-4.798788,-0.733979000,-8.407328000,3.120432000,-0.424667000,2.233583000,-0.893229000,-0.907671139,-8.129948717,3.070881111,-0.366507613,2.253279996,-0.894002548,-0.173692139,0.277379283,-0.049550889,0.058159387,0.019696996,-0.000773548
311,cal-20260717T104800Z,-28.782471,-9.963044,-4.678404,-1.493479000,-8.137828000,2.951995000,-0.109229000,2.374458000,-0.982042000,-1.659348586,-7.743501945,2.912428214,-0.103610175,2.416022293,-0.948600080,-0.165869586,0.394326055,-0.039566786,0.005618825,0.041564293,0.033441920
312,cal-20260717T104800Z,-38.664860,-9.991897,-4.590685,-2.305042000,-7.592703000,2.759057000,0.138833000,2.472458000,-0.972854000,-2.386123337,-7.164359603,2.668751583,0.145973679,2.507579277,-0.979196062,-0.081081337,0.428343397,-0.090305417,0.007140679,0.035121277,-0.006342062
313,cal-20260717T104800Z,-48.419872,-9.967666,-4.481814,-3.073729000,-6.802578000,2.437495000,0.374646000,2.509208000,-1.000417000,-3.053628998,-6.333969261,2.321740014,0.377439929,2.542487060,-0.991271699,0.020100002,0.468608739,-0.115754986,0.002793929,0.033279060,0.009145301
314,cal-20260717T104800Z,-58.605278,-9.847272,-4.324540,-3.817917000,-5.690891000,2.036307000,0.567583000,2.441833000,-0.975917000,-3.635956785,-5.191253871,1.847939117,0.602574051,2.527282788,-0.987997691,0.181960215,0.499637129,-0.188367883,0.034991051,0.085449788,-0.012080691
315,cal-20260717T104800Z,-67.994158,-9.683547,-4.265875,-4.369167000,-4.496516000,1.610620000,0.760521000,2.328521000,-0.902417000,-4.029880730,-3.981807232,1.349736159,0.805532631,2.466468283,-0.971031521,0.339286270,0.514708768,-0.260883841,0.045011631,0.137947283,-0.068614521
316,cal-20260717T104800Z,52.770582,-8.982039,-9.104306,4.600896000,-4.251516000,1.383995000,-1.799729000,-0.507354000,0.126583000,4.883798590,-3.706064536,0.893294030,-1.993249725,-0.488615661,0.022694894,0.282902590,0.545451464,-0.490700970,-0.193520725,0.018738339,-0.103888106
317,cal-20260717T104800Z,42.236304,-9.055182,-8.906030,4.169083000,-5.595953000,1.861745000,-1.723167000,0.034708000,-0.096979000,4.458102431,-5.277768143,1.580834699,-1.844670647,0.104379652,-0.192603403,0.289019431,0.318184857,-0.280910301,-0.121503647,0.069671652,-0.095624403
318,cal-20260717T104800Z,33.377124,-9.128277,-8.766484,3.651521000,-6.572891000,2.195557000,-1.640479000,0.478771000,-0.305229000,3.952178760,-6.402956022,2.082500926,-1.667646934,0.585813215,-0.365577852,0.300657760,0.169934978,-0.113056074,-0.027167934,0.107042215,-0.060348852
319,cal-20260717T104800Z,23.479440,-9.180366,-8.631347,2.965521000,-7.390578000,2.550807000,-1.416917000,1.005521000,-0.467542000,3.274962118,-7.396484165,2.537028162,-1.426563211,1.085863028,-0.542606112,0.309441118,-0.005906165,-0.013778838,-0.009646211,0.080342028,-0.075064112
320,cal-20260717T104800Z,12.871514,-9.231281,-8.404474,2.242771000,-8.061266000,2.826432000,-1.159667000,1.501646000,-0.635979000,2.448923807,-8.147408664,2.900970236,-1.133280682,1.552790618,-0.702526336,0.206152807,-0.086142664,0.074538236,0.026386318,0.051144618,-0.066547336
321,cal-20260717T104800Z,3.858192,-9.296101,-8.206643,1.663958000,-8.431828000,3.004057000,-0.899354000,1.878333000,-0.807479000,1.717425404,-8.561963936,3.114111357,-0.866872290,1.886434600,-0.813349663,0.053467404,-0.130135936,0.110054357,0.032481710,0.008101600,-0.005870663
322,cal-20260717T104800Z,-7.282012,-9.375084,-7.789661,0.864646000,-8.686016000,3.095932000,-0.599229000,2.206021000,-0.933042000,0.748678475,-8.757091507,3.249620776,-0.543425405,2.204768621,-0.912851706,-0.115967525,-0.071075507,0.153688776,0.055803595,-0.001252379,0.020190294
323,cal-20260717T104800Z,-17.455990,-9.732350,-7.222523,-0.044917000,-8.823828000,3.200057000,-0.247042000,2.389771000,-0.978979000,-0.230745454,-8.767628628,3.284403610,-0.262216043,2.376437382,-0.959904741,-0.185828454,0.056199372,0.084346610,-0.015174043,-0.013333618,0.019074259
324,cal-20260717T104800Z,-27.332237,-10.428597,-5.698838,-1.343417000,-8.646203000,3.120432000,-0.038792000,2.411208000,-0.951417000,-1.473555282,-8.347017324,3.118697185,-0.068601587,2.393777553,-0.948449799,-0.130138282,0.299185676,-0.001734815,-0.029809587,-0.017430447,0.002967201
325,cal-20260717T104800Z,-29.034561,-5.889283,-9.986257,0.261333000,-7.675391000,2.777432000,0.233771000,3.222771000,-1.217854000,0.052037612,-7.430099490,2.890431460,0.253259208,3.195774705,-1.255045906,-0.209295388,0.245291510,0.112999460,0.019488208,-0.026996295,-0.037191906
326,cal-20260717T104800Z,-27.605732,-10.347385,-6.421921,-1.181104000,-8.793203000,3.203120000,-0.011229000,2.460208000,-0.960604000,-1.331791240,-8.543154403,3.192973192,-0.016133095,2.436810746,-0.968238844,-0.150687240,0.250048597,-0.010146808,-0.004904095,-0.023397254,-0.007634844
327,cal-20260717T104800Z,-35.443227,-10.264297,-6.473271,-1.851792000,-8.395078000,3.010182000,0.190896000,2.469396000,-1.009604000,-1.926219516,-8.128816771,3.038776351,0.193962929,2.525824742,-0.995539060,-0.074427516,0.266261229,0.028594351,0.003066929,0.056428742,0.014064940
328,cal-20260717T104800Z,-46.843851,-7.763610,-8.169867,-1.824229000,-7.225203000,2.682495000,0.638021000,2.870583000,-1.095354000,-1.929779087,-6.905497481,2.707025089,0.626221970,2.937827371,-1.139978894,-0.105550087,0.319705519,0.024530089,-0.011799030,0.067244371,-0.044624894
329,cal-20260717T104800Z,-57.137017,-7.674410,-8.126800,-2.746042000,-6.364641000,2.477307000,0.895271000,2.846083000,-1.055542000,-2.667041829,-5.991566195,2.370475313,0.891618967,2.904504821,-1.122974567,0.079000171,0.373074805,-0.106831687,-0.003652033,0.058421821,-0.067432567
330,cal-20260717T104800Z,-65.897924,-7.581230,-8.103556,-3.428979000,-5.375453000,2.112870000,1.069833000,2.751146000,-1.012667000,-3.226615346,-5.026595936,2.001978735,1.104286371,2.821805242,-1.091724533,0.202363654,0.348857064,-0.110891265,0.034453371,0.070659242,-0.079057533
331,cal-grid-repair-01,14.401519,0.324651,-10.172869,2.365271000,-4.530203000,1.607557000,-1.971229000,2.398958000,-1.006542000,2.404285500,-4.405177969,1.510242885,-1.965182858,2.477179750,-1.063882097,0.039014500,0.125025031,-0.097314115,0.006046142,0.078221750,-0.057340097
332,cal-grid-repair-01,11.540427,-0.533385,10.240725,-0.152104000,-3.139828000,1.285995000,-1.710917000,0.445083000,0.028583000,-0.120311267,-3.209162044,1.371877821,-1.790049665,0.467126745,0.070727197,0.031792733,-0.069334044,0.085882821,-0.079132665,0.022043745,0.042144197
