pose_id,session_id,yaw_deg,pitch_deg,roll_deg,S1_Bx_measured_mT,S1_By_measured_mT,S1_Bz_measured_mT,S2_Bx_measured_mT,S2_By_measured_mT,S2_Bz_measured_mT,S1_Bx_predicted_mT,S1_By_predicted_mT,S1_Bz_predicted_mT,S2_Bx_predicted_mT,S2_By_predicted_mT,S2_Bz_predicted_mT,S1_Bx_residual_mT,S1_By_residual_mT,S1_Bz_residual_mT,S2_Bx_residual_mT,S2_By_residual_mT,S2_Bz_residual_mT
0,cal-20260717T104800Z,62.631833,9.962713,9.727038,1.023896000,-1.173703000,0.508120000,-1.113729000,-3.229917000,1.437333000,1.098911165,-1.066807023,0.446686557,-1.407262179,-3.861507271,1.526671161,0.075015165,0.106895977,-0.061433443,-0.293533179,-0.631590271,0.089338161
1,cal-20260717T104800Z,52.917705,9.853860,9.752513,0.895271000,-1.461578000,0.685745000,-1.570042000,-2.614354000,1.308708000,0.966246382,-1.390763457,0.595354246,-1.862753976,-3.115245360,1.382990780,0.070975382,0.070814543,-0.090390754,-0.292711976,-0.500891360,0.074282780
2,cal-20260717T104800Z,43.292987,9.667772,9.799391,0.757458000,-1.657578000,0.743932000,-1.946729000,-1.900792000,1.097396000,0.801797658,-1.677202744,0.725422405,-2.237142654,-2.261680874,1.180299375,0.044339658,-0.019624744,-0.018509595,-0.290413654,-0.360888874,0.082903375
3,cal-20260717T104800Z,32.620847,9.454594,9.888255,0.518583000,-1.936266000,0.878682000,-2.317292000,-1.027979000,0.818708000,0.586707632,-1.938074739,0.841559850,-2.534883173,-1.252780305,0.904502516,0.068124632,-0.001808739,-0.037122150,-0.217591173,-0.224801305,0.085794516
4,cal-20260717T104800Z,22.925230,9.383954,10.044756,0.344021000,-2.123078000,0.909307000,-2.553104000,-0.176604000,0.530833000,0.369320780,-2.103113500,0.912534444,-2.696109871,-0.345647644,0.634181626,0.025299780,0.019964500,0.003227444,-0.143005871,-0.169043644,0.103348626
5,cal-20260717T104800Z,13.001331,9.380624,10.185850,0.086771000,-2.196578000,0.906245000,-2.632729000,0.644146000,0.252146000,0.140306767,-2.203253296,0.952345366,-2.765355964,0.549691847,0.346995701,0.053535767,-0.006675296,0.046100366,-0.132626964,-0.094454153,0.094849701
6,cal-20260717T104800Z,2.364355,9.359810,10.279346,-0.115354000,-2.193516000,0.952182000,-2.681729000,1.516958000,-0.118417000,-0.104669237,-2.242435009,0.962898362,-2.731450721,1.444807931,0.035373833,0.010684763,-0.048919009,0.010716362,-0.049721721,-0.072150069,0.153790833
7,cal-20260717T104800Z,-8.460428,9.268674,10.454953,-0.348104000,-2.169016000,0.933807000,-2.537792000,2.316271000,-0.421604000,-0.355261072,-2.206665571,0.938246257,-2.581931940,2.228347855,-0.262581093,-0.007157072,-0.037649571,0.004439257,-0.044139940,-0.087923145,0.159022907
8,cal-20260717T104800Z,-18.128689,9.263685,10.616755,-0.586979000,-2.107766000,0.912370000,-2.357104000,2.928771000,-0.648229000,-0.566123948,-2.103251759,0.883418183,-2.395307301,2.814148431,-0.500153672,0.020855052,0.004514241,-0.028951817,-0.038203301,-0.114622569,0.148075328
9,cal-20260717T104800Z,-27.856590,9.329614,10.753455,-0.792167000,-1.969953000,0.820495000,-2.173354000,3.382021000,-0.877917000,-0.758132421,-1.936488690,0.799825983,-2.175075034,3.301893505,-0.711749886,0.034034579,0.033464310,-0.020669017,-0.001721034,-0.080127495,0.166167114
10,cal-20260717T104800Z,-38.105643,9.349484,10.902285,-0.951417000,-1.758641000,0.734745000,-1.851792000,3.734208000,-1.061667000,-0.938631518,-1.703057340,0.684663034,-1.904593166,3.691417252,-0.903504364,0.012785482,0.055583660,-0.050081966,-0.052801166,-0.042790748,0.158162636
11,cal-20260717T104800Z,-48.714766,8.926594,9.324903,-1.171917000,-1.587141000,0.639807000,-1.398542000,4.162958000,-1.309729000,-1.106858616,-1.526357725,0.602358973,-1.480813394,4.179138393,-1.180875897,0.065058384,0.060783275,-0.037448027,-0.082271394,0.016180393,0.128853103
12,cal-20260717T104800Z,-57.915312,9.028317,9.520948,-1.297479000,-1.283953000,0.526495000,-1.076979000,4.313021000,-1.413854000,-1.215240808,-1.206002647,0.449659905,-1.202694175,4.324814218,-1.291632681,0.082238192,0.077950353,-0.076835095,-0.125715175,0.011793218,0.122221319
13,cal-20260717T104800Z,62.083269,9.824138,5.152891,1.232146000,-1.094078000,0.492807000,-1.680292000,-3.569854000,1.532271000,1.314045719,-1.048826564,0.383688315,-2.170706733,-4.068535461,1.599929571,0.081899719,0.045251436,-0.109118685,-0.490414733,-0.498681461,0.067658571
14,cal-20260717T104800Z,51.942999,9.615962,5.229551,1.140271000,-1.476891000,0.627557000,-2.151917000,-2.804229000,1.327083000,1.196064788,-1.447682310,0.572128816,-2.607876546,-3.061953331,1.357305284,0.055793788,0.029208690,-0.055428184,-0.455959546,-0.257724331,0.030222284
15,cal-20260717T104800Z,42.105406,9.490364,5.312919,0.987146000,-1.749453000,0.713307000,-2.556167000,-1.891604000,1.030021000,1.034807187,-1.785587024,0.731774459,-2.925274947,-2.010160560,1.073910864,0.047661187,-0.036134024,0.018467459,-0.369107947,-0.118556560,0.043889864
16,cal-20260717T104800Z,31.908938,9.458814,5.502804,0.775833000,-1.994453000,0.848057000,-2.853229000,-0.877917000,0.729896000,0.824287107,-2.065682153,0.865062083,-3.121327221,-0.897466668,0.750773033,0.048454107,-0.071229153,0.017005083,-0.268098221,-0.019549668,0.020877033
17,cal-20260717T104800Z,22.530713,9.389135,5.630189,0.607396000,-2.175141000,0.967495000,-3.046167000,0.114333000,0.414458000,0.610923993,-2.265798862,0.959752501,-3.184392507,0.125491745,0.428504365,0.003527993,-0.090657862,-0.007742499,-0.138225507,0.011158745,0.014046365
18,cal-20260717T104800Z,12.362600,9.276308,5.802885,0.389958000,-2.386453000,1.007307000,-3.067604000,1.094333000,0.056146000,0.360420884,-2.414356415,1.030239509,-3.119702319,1.166616789,0.077145281,-0.029537116,-0.027903415,0.022932509,-0.052098319,0.072283789,0.020999281
19,cal-20260717T104800Z,1.735976,9.258421,6.019779,0.099021000,-2.441578000,1.089995000,-2.938979000,2.150896000,-0.341979000,0.088717698,-2.476694682,1.060766343,-2.950772585,2.129858500,-0.264430081,-0.010303302,-0.035116682,-0.029228657,-0.011793585,-0.021037500,0.077548919
20,cal-20260717T104800Z,-8.677563,10.369132,4.903788,-0.020417000,-2.374203000,1.056307000,-2.984917000,3.314646000,-0.743167000,-0.073361903,-2.428103100,1.042537591,-2.925032739,3.301296080,-0.656908267,-0.052944903,-0.053900100,-0.013769409,0.059884261,-0.013349920,0.086258733
21,cal-20260717T104800Z,-18.730684,10.398533,5.006214,-0.259292000,-2.346641000,1.007307000,-2.644979000,4.034333000,-1.055542000,-0.318663321,-2.349964111,1.011626532,-2.590877188,4.005964428,-0.938933869,-0.059371321,-0.003323111,0.004319532,0.054101812,-0.028368572,0.116608131
22,cal-20260717T104800Z,-29.350709,10.432943,5.178080,-0.537979000,-2.205766000,0.988932000,-2.210104000,4.640708000,-1.309729000,-0.570495778,-2.186700625,0.941167533,-2.203726541,4.565940463,-1.183335633,-0.032516778,0.019065375,-0.047764467,0.006377459,-0.074767537,0.126393367
23,cal-20260717T104800Z,-38.910732,10.483110,5.269907,-0.758479000,-2.040391000,0.875620000,-1.811979000,4.980646000,-1.524104000,-0.778011536,-1.977712457,0.848451491,-1.842017858,4.947071555,-1.369215828,-0.019532536,0.062678543,-0.027168509,-0.030038858,-0.033574445,0.154888172
24,cal-20260717T104800Z,-49.236840,10.575012,5.368018,-0.960604000,-1.715766000,0.746995000,-1.364854000,5.234833000,-1.637417000,-0.974924534,-1.686950320,0.717300555,-1.450237387,5.234441397,-1.533591125,-0.014320534,0.028815680,-0.029694445,-0.085383387,-0.000391603,0.103825875
25,cal-20260717T104800Z,-58.977477,10.664798,5.365085,-1.132104000,-1.403391000,0.615307000,-0.969792000,5.338958000,-1.753792000,-1.127288871,-1.367305800,0.572012311,-1.067121114,5.411288397,-1.666186841,0.004815129,0.036085200,-0.043294689,-0.097329114,0.072330397,0.087605159
26,cal-20260717T104800Z,61.541406,10.208614,0.107746,1.501646000,-0.996078000,0.364182000,-2.684792000,-3.891417000,1.565958000,1.534526572,-0.943638153,0.253832063,-3.251134352,-4.270338839,1.609825298,0.032880572,0.052439847,-0.110349937,-0.566342352,-0.378921839,0.043867298
27,cal-20260717T104800Z,51.948030,10.096435,0.134346,1.449583000,-1.424828000,0.547932000,-3.079854000,-2.868542000,1.268896000,1.465558319,-1.368209182,0.456532120,-3.625316289,-3.061191296,1.283031025,0.015975319,0.056618818,-0.091399880,-0.545462289,-0.192649296,0.014135025
28,cal-20260717T104800Z,42.250190,9.929687,0.196237,1.302583000,-1.795391000,0.679620000,-3.428979000,-1.704792000,0.892208000,1.345121668,-1.763952505,0.648701122,-3.838000104,-1.739458193,0.897034840,0.042538668,0.031438495,-0.030918878,-0.409021104,-0.034666193,0.004826840
29,cal-20260717T104800Z,31.555195,9.795604,0.237138,1.094333000,-2.123078000,0.869495000,-3.624979000,-0.381792000,0.460396000,1.160668278,-2.135162706,0.831718400,-3.895607014,-0.271239757,0.440501286,0.066335278,-0.012084706,-0.037776600,-0.270628014,0.110552243,-0.019894714
30,cal-20260717T104800Z,22.022811,9.690529,0.316646,0.913646000,-2.346641000,1.001182000,-3.628042000,0.830958000,0.046958000,0.956608968,-2.399157441,0.965561103,-3.783052473,0.976578471,0.032800167,0.042962968,-0.052516441,-0.035620897,-0.155010473,0.145620471,-0.014157833
32,cal-20260717T104800Z,12.177240,9.589203,0.413160,0.736021000,-2.570203000,1.089995000,-3.499417000,2.055958000,-0.348104000,0.717663530,-2.599328999,1.071114482,-3.531437825,2.149352229,-0.368165058,-0.018357470,-0.029125999,-0.018880518,-0.032020825,0.093394229,-0.020061058
33,cal-20260717T104800Z,1.944752,9.562757,0.619230,0.457333000,-2.704953000,1.151245000,-3.196229000,3.155396000,-0.767667000,0.441999077,-2.712753725,1.138886652,-3.174841955,3.186534987,-0.733216034,-0.015333923,-0.007800725,-0.012358348,0.021387045,0.031138987,0.034450966
34,cal-20260717T104800Z,-8.543219,9.557809,0.763637,0.200083000,-2.677391000,1.166557000,-2.810354000,4.080271000,-1.095354000,0.152818345,-2.741565128,1.167687365,-2.741323924,4.074060403,-1.062308026,-0.047264655,-0.064174128,0.001130365,0.069030076,-0.006210597,0.033045974
35,cal-20260717T104800Z,-18.136332,9.556814,0.907290,-0.008167000,-2.701891000,1.157370000,-2.384667000,4.827521000,-1.386292000,-0.116494165,-2.689517258,1.157954289,-2.311096611,4.709022050,-1.311793488,-0.108327165,0.012373742,0.000584289,0.073570389,-0.118498950,0.074498512
36,cal-20260717T104800Z,-28.119985,9.631072,1.082401,-0.348104000,-2.606953000,1.148182000,-1.864042000,5.314458000,-1.585354000,-0.392596191,-2.548073007,1.107457982,-1.868719859,5.214468574,-1.521435047,-0.044492191,0.058879993,-0.040724018,-0.004677859,-0.099989426,0.063918953
37,cal-20260717T104800Z,-38.386454,9.782097,0.377559,-0.611479000,-2.447703000,1.062432000,-1.236229000,5.908583000,-1.857917000,-0.621163159,-2.379349637,1.046241866,-1.333109092,5.785525949,-1.774602310,-0.009684159,0.068353363,-0.016190134,-0.096880092,-0.123057051,0.083314690
38,cal-20260717T104800Z,-48.195347,9.885662,0.481014,-0.825854000,-2.172078000,0.973620000,-0.749292000,6.064771000,-1.931417000,-0.864983038,-2.097998376,0.930372483,-0.893278531,6.015971022,-1.902131093,-0.039129038,0.074079624,-0.043247517,-0.143986531,-0.048799978,0.029285907
39,cal-20260717T104800Z,-58.241763,9.968253,0.458737,-1.129042000,-1.826016000,0.835807000,-0.274604000,6.052521000,-1.998792000,-1.084143884,-1.755272528,0.784601306,-0.429045604,6.147733619,-2.008677041,0.044898116,0.070743472,-0.051205694,-0.154441604,0.095212619,-0.009885041
40,cal-20260717T104800Z,62.875071,9.988737,-5.063479,1.817083000,-0.873578000,0.214120000,-3.683167000,-3.894479000,1.363833000,1.771544351,-0.705463264,0.036863787,-4.405053070,-4.193244346,1.402055202,-0.045538649,0.168114736,-0.177256213,-0.721886070,-0.298765346,0.038222202
41,cal-20260717T104800Z,52.125326,9.844209,-4.953770,1.792583000,-1.378891000,0.471370000,-4.111917000,-2.433667000,0.919771000,1.761880139,-1.260565988,0.301406106,-4.631056854,-2.544129509,0.918268920,-0.030702861,0.118325012,-0.169963894,-0.519139854,-0.110462509,-0.001502080
42,cal-20260717T104800Z,43.161727,9.728174,-4.927489,1.679271000,-1.755578000,0.603057000,-4.286479000,-1.144354000,0.509396000,1.697584109,-1.690334086,0.510685732,-4.651757495,-1.105644904,0.475780172,0.018313109,0.065243914,-0.092371268,-0.365278495,0.038709096,-0.033615828
43,cal-20260717T104800Z,32.991185,9.633858,-4.905173,1.498583000,-2.175141000,0.780682000,-4.252792000,0.350146000,0.037771000,1.564452713,-2.122135306,0.727189914,-4.483253135,0.501250201,-0.033889327,0.065869713,0.053005694,-0.053492086,-0.230461135,0.151104201,-0.071660327
44,cal-20260717T104800Z,22.289403,9.485534,-4.766318,1.324021000,-2.505891000,0.988932000,-4.026167000,1.936521000,-0.461417000,1.359643191,-2.505389736,0.928491211,-4.080447397,2.046008574,-0.534880157,0.035622191,0.000501264,-0.060440789,-0.054280397,0.109487574,-0.073463157
45,cal-20260717T104800Z,12.771946,9.377709,-4.663867,1.137208000,-2.769266000,1.108370000,-3.600479000,3.219708000,-0.880979000,1.137004395,-2.766857699,1.073106061,-3.602164854,3.251498211,-0.937272216,-0.000203605,0.002408301,-0.035263939,-0.001685854,0.031790211,-0.056293216
46,cal-20260717T104800Z,2.893733,9.349855,-4.493456,0.886083000,-2.925453000,1.181870000,-3.092104000,4.334458000,-1.285229000,0.868097252,-2.943114555,1.182779845,-3.048305388,4.294677816,-1.288831758,-0.017985748,-0.017661555,0.000909845,0.043798612,-0.039780184,-0.003602758
47,cal-20260717T104800Z,-7.390731,9.359115,-4.279253,0.641083000,-3.023453000,1.301307000,-2.513292000,5.222583000,-1.573104000,0.561620006,-3.027474691,1.253211832,-2.444461311,5.154239538,-1.584669077,-0.079462994,-0.004021691,-0.048095168,0.068830689,-0.068343462,-0.011565077
48,cal-20260717T104800Z,-18.217611,9.937923,-4.770294,0.334833000,-3.020391000,1.252307000,-1.787479000,6.355708000,-1.925292000,0.289450445,-2.978915756,1.261962682,-1.814636652,6.180503317,-1.936091872,-0.045382555,0.041475244,0.009655682,-0.027157652,-0.175204683,-0.010799872
49,cal-20260717T104800Z,-27.401845,9.934276,-4.589310,0.111271000,-2.910141000,1.249245000,-1.205604000,6.784458000,-2.084542000,-0.002336536,-2.896904458,1.254674946,-1.265176476,6.576955327,-2.087707140,-0.113607536,0.013236542,0.005429946,-0.059572476,-0.207502673,-0.003165140
50,cal-20260717T104800Z,-37.506109,10.040003,-4.470935,-0.265417000,-2.766203000,1.209432000,-0.531854000,7.066208000,-2.203979000,-0.315717582,-2.713991016,1.203115406,-0.699728691,6.907694716,-2.222891971,-0.050300582,0.052211984,-0.006316594,-0.167874691,-0.158513284,-0.018912971
51,cal-20260717T104800Z,-47.340692,10.109771,-4.361421,-0.565542000,-2.545703000,1.178807000,0.019396000,7.139708000,-2.246854000,-0.613894496,-2.458950278,1.115153345,-0.174863581,7.075498068,-2.312672948,-0.048352496,0.086752722,-0.063653655,-0.194259581,-0.064209932,-0.065818948
52,cal-20260717T104800Z,-57.643355,10.181871,-4.236250,-0.902417000,-2.107766000,0.998120000,0.619646000,7.084583000,-2.280542000,-0.906943806,-2.110209277,0.981553373,0.348955024,7.114376761,-2.370875501,-0.004526806,-0.002443277,-0.016566627,-0.270690976,0.029793761,-0.090333501
53,cal-20260717T104800Z,63.803306,9.731779,-10.237247,2.022271000,-0.616328000,-0.012505000,-4.767292000,-3.523917000,0.953458000,1.944056964,-0.389392620,-0.236894358,-5.578348917,-3.617339169,0.895435251,-0.078214036,0.226935380,-0.224389358,-0.811056917,-0.093422169,-0.058022749
54,cal-20260717T104800Z,53.126411,9.539500,-10.137309,2.055958000,-1.213516000,0.299870000,-4.911229000,-1.802792000,0.442021000,2.037202362,-1.014597236,0.050670209,-5.501000908,-1.695475042,0.307704667,-0.018755638,0.198918764,-0.249199791,-0.589771908,0.107316958,-0.134316333
55,cal-20260717T104800Z,43.201092,9.368445,-10.063523,2.019208000,-1.706578000,0.511182000,-4.834667000,-0.152104000,-0.118417000,2.043148656,-1.572643424,0.318612036,-5.186807606,0.086790434,-0.243582545,0.023940656,0.133934576,-0.192569964,-0.352140606,0.238894434,-0.125165545
56,cal-20260717T104800Z,33.483787,9.226307,-10.021839,1.954896000,-2.190453000,0.701057000,-4.546792000,1.400583000,-0.590042000,1.975962005,-2.071320434,0.567771340,-4.684176103,1.735793317,-0.758001889,0.021066005,0.119132566,-0.133285660,-0.137384103,0.335210317,-0.167959889
57,cal-20260717T104800Z,23.282903,9.088242,-9.894503,1.810958000,-2.582453000,0.897057000,-4.016979000,3.042083000,-1.058604000,1.827941358,-2.527258242,0.808857011,-3.993722543,3.253180577,-1.225991338,0.016983358,0.055194758,-0.088199989,0.023256457,0.211097577,-0.167387338
58,cal-20260717T104800Z,12.642886,9.005971,-9.738202,1.614958000,-2.937703000,1.086932000,-3.324854000,4.475333000,-1.505729000,1.601948533,-2.901886264,1.021931589,-3.187215366,4.574962617,-1.630059396,-0.013009467,0.035816736,-0.065000411,0.137638634,0.099629617,-0.124330396
59,cal-20260717T104800Z,2.481686,8.912154,-9.648693,1.385271000,-3.136766000,1.184932000,-2.534729000,5.565583000,-1.815042000,1.342465964,-3.165989969,1.185511720,-2.367319752,5.575872179,-1.937472018,-0.042805036,-0.029223969,0.000579720,0.167409248,0.010289179,-0.122430018
60,cal-20260717T104800Z,-7.608587,8.941160,-9.513571,1.106583000,-3.271516000,1.341120000,-1.790542000,6.420021000,-2.060042000,1.039003972,-3.310941787,1.300096620,-1.596999048,6.341353155,-2.165904482,-0.067579028,-0.039425787,-0.041023380,0.193542952,-0.078667845,-0.105862482
61,cal-20260717T104800Z,-18.126921,8.988455,-9.354520,0.830958000,-3.369516000,1.393182000,-0.966729000,7.023333000,-2.249917000,0.691367328,-3.353863382,1.373016615,-0.845371343,6.902902480,-2.331419753,-0.139590672,0.015652618,-0.020165385,0.121357657,-0.120430520,-0.081502753
62,cal-20260717T104800Z,-28.036154,9.045253,-9.188585,0.429771000,-3.320516000,1.426870000,-0.265417000,7.390833000,-2.341792000,0.342144967,-3.293391934,1.396995743,-0.200627796,7.242693943,-2.431970130,-0.087626033,0.027124066,-0.029874257,0.064789204,-0.148139057,-0.090178130
63,cal-20260717T104800Z,-38.471944,9.166271,-9.053024,0.092896000,-3.188828000,1.371745000,0.442021000,7.586833000,-2.354042000,-0.033311825,-3.120479848,1.371855253,0.422787165,7.467731688,-2.501756131,-0.126207825,0.068348152,0.000110253,-0.019233835,-0.119101312,-0.147714131
64,cal-20260717T104800Z,-48.632715,9.291970,-8.937903,-0.317479000,-2.940766000,1.298245000,1.057583000,7.550083000,-2.335667000,-0.398331299,-2.854132701,1.300171713,0.988265747,7.550750374,-2.534983409,-0.080852299,0.086633299,0.001926713,-0.069317253,0.000667374,-0.199316409
65,cal-20260717T104800Z,-58.015058,9.441936,-8.866258,-0.684979000,-2.634516000,1.249245000,1.599646000,7.341833000,-2.280542000,-0.720823105,-2.525495399,1.192319794,1.493750104,7.532475705,-2.543029954,-0.035844105,0.109020601,-0.056925206,-0.105895896,0.190642705,-0.262487954
66,cal-20260717T104800Z,61.760486,5.487811,10.172501,1.072896000,-1.458516000,0.728620000,-1.104542000,-2.436729000,1.143333000,1.168281709,-1.377787308,0.614675223,-1.388295349,-2.886950277,1.192675335,0.095385709,0.080728692,-0.113944777,-0.283753349,-0.450221277,0.049342335
67,cal-20260717T104800Z,51.756475,5.234236,10.417129,0.867708000,-1.761703000,0.811307000,-1.450604000,-1.925292000,0.981021000,0.966203205,-1.760425520,0.786483656,-1.692524304,-2.214540047,1.029917344,0.098495205,0.001277480,-0.024823344,-0.241920304,-0.289248047,0.048896344
68,cal-20260717T104800Z,42.372065,5.067029,10.592114,0.671708000,-2.113891000,0.906245000,-1.698667000,-1.309729000,0.800333000,0.744636795,-2.060776683,0.916161584,-1.921951403,-1.544037431,0.848326536,0.072928795,0.053114317,0.009916584,-0.223284403,-0.234308431,0.047993536
69,cal-20260717T104800Z,31.915389,4.932444,10.695110,0.411396000,-2.325203000,1.031807000,-1.965104000,-0.611479000,0.564521000,0.477868282,-2.323026943,1.023151780,-2.105350654,-0.769655396,0.617727256,0.066472282,0.002176057,-0.008655220,-0.140246654,-0.158176396,0.053206256
70,cal-20260717T104800Z,22.448070,4.834439,10.725193,0.206208000,-2.444641000,1.105307000,-2.096792000,0.004083000,0.304208000,0.227435225,-2.492807846,1.086542515,-2.195987043,-0.065718459,0.390375356,0.021227225,-0.048166846,-0.018764485,-0.099195043,-0.069801459,0.086167356
71,cal-20260717T104800Z,11.721632,4.792585,10.750310,-0.087792000,-2.545703000,1.108370000,-2.161104000,0.763583000,0.056146000,-0.058586398,-2.598170945,1.117532658,-2.211421028,0.698998919,0.127289571,0.029205602,-0.052467945,0.009162658,-0.050317028,-0.064584081,0.071143571
72,cal-20260717T104800Z,1.651603,4.742712,10.869318,-0.326667000,-2.600828000,1.114495000,-2.118229000,1.354646000,-0.201104000,-0.328783269,-2.612501724,1.107642666,-2.138727460,1.348970517,-0.110884402,-0.002116269,-0.011673724,-0.006852334,-0.020498460,-0.005675483,0.090219598
73,cal-20260717T104800Z,-8.936527,5.103363,9.922603,-0.568604000,-2.570203000,1.102245000,-2.026354000,2.129458000,-0.479792000,-0.537443624,-2.588380421,1.084779906,-2.057250050,2.091867163,-0.395206448,0.031160376,-0.018177421,-0.017465094,-0.030896050,-0.037590837,0.084585552
74,cal-20260717T104800Z,-19.225230,5.008537,10.047997,-0.782979000,-2.459953000,0.961370000,-1.857917000,2.628646000,-0.718667000,-0.795046533,-2.451317760,1.007605698,-1.841202261,2.582570780,-0.602840914,-0.012067533,0.008635240,0.046235698,0.016714739,-0.046075220,0.115826086
75,cal-20260717T104800Z,-29.678974,4.987414,10.230138,-1.006542000,-2.248641000,0.893995000,-1.563917000,2.968583000,-0.880979000,-1.029525712,-2.219939203,0.887579109,-1.596996113,2.970078410,-0.779430929,-0.022983712,0.028701797,-0.006415891,-0.033079113,0.001495410,0.101548071
76,cal-20260717T104800Z,-39.621111,5.074844,10.389831,-1.257667000,-1.969953000,0.826620000,-1.364854000,3.262583000,-1.052479000,-1.212595641,-1.923648387,0.740176078,-1.356269079,3.255072932,-0.921427444,0.045071359,0.046304613,-0.086443922,0.008584921,-0.007510068,0.131051556
77,cal-20260717T104800Z,-49.923792,5.169391,10.487298,-1.444479000,-1.584078000,0.642870000,-1.055542000,3.394271000,-1.144354000,-1.359360714,-1.559955824,0.562841207,-1.090648134,3.467204468,-1.046865736,0.085118286,0.024122176,-0.080028793,-0.035106134,0.072933468,0.097488264
78,cal-20260717T104800Z,-59.499743,5.209757,10.617172,-1.511854000,-1.268641000,0.495870000,-0.792167000,3.486146000,-1.202542000,-1.453250307,-1.174995975,0.376860987,-0.830759504,3.573438282,-1.138648916,0.058603693,0.093645025,-0.119009013,-0.038592504,0.087292282,0.063893084
79,cal-20260717T104800Z,61.053447,5.794407,5.610976,1.400583000,-1.434016000,0.639807000,-1.668042000,-2.715417000,1.232146000,1.426895404,-1.370294423,0.550842826,-1.987023494,-3.017869463,1.233418150,0.026312404,0.063721577,-0.088964174,-0.318981494,-0.302452463,0.001272150
80,cal-20260717T104800Z,51.379557,5.806446,5.608986,1.167833000,-1.813766000,0.780682000,-2.004917000,-2.047792000,0.977958000,1.264172394,-1.781633646,0.739172604,-2.297801241,-2.255684649,1.030152286,0.096339394,0.032132354,-0.041509396,-0.292884241,-0.207892649,0.052194286
81,cal-20260717T104800Z,40.953277,5.778443,5.638483,0.974896000,-2.141453000,0.946057000,-2.271354000,-1.230104000,0.736021000,1.042982245,-2.166161019,0.914332726,-2.531490450,-1.346558244,0.763394594,0.068086245,-0.024708019,-0.031724274,-0.260136450,-0.116454244,0.027373594
82,cal-20260717T104800Z,31.176783,5.715006,5.721442,0.775833000,-2.444641000,1.050182000,-2.445917000,-0.418542000,0.438958000,0.799539459,-2.459043570,1.046717751,-2.638175116,-0.462602666,0.484279210,0.023706459,-0.014402570,-0.003464249,-0.192258116,-0.044060666,0.045321210
83,cal-20260717T104800Z,20.868775,5.613703,5.786047,0.521646000,-2.652891000,1.191057000,-2.522479000,0.429771000,0.129646000,0.520932191,-2.691524459,1.149601600,-2.638095598,0.453755472,0.175442531,-0.000713809,-0.038633459,-0.041455400,-0.115616598,0.023984472,0.045796531
84,cal-20260717T104800Z,10.779099,5.566673,5.887339,0.242958000,-2.775391000,1.172682000,-2.491854000,1.226021000,-0.167417000,0.233162608,-2.826770671,1.207529422,-2.540913100,1.283843434,-0.117722508,-0.009795392,-0.051379671,0.034847422,-0.049059100,0.057822434,0.049694492
85,cal-20260717T104800Z,0.175524,5.121222,5.633282,-0.047979000,-2.946891000,1.243120000,-2.292792000,2.062083000,-0.534917000,-0.067180479,-2.949682238,1.255463250,-2.303513452,2.083158115,-0.435057722,-0.019201479,-0.002791238,0.012343250,-0.010721452,0.021075115,0.099859278
86,cal-20260717T104800Z,-9.266543,5.086062,5.752020,-0.338917000,-2.925453000,1.252307000,-2.060042000,2.601083000,-0.737042000,-0.345504608,-2.912996624,1.234691617,-2.071451384,2.654231248,-0.658827333,-0.006587608,0.012456376,-0.017615383,-0.011409384,0.053148248,0.078214667
87,cal-20260717T104800Z,-20.056167,5.074302,5.873624,-0.626792000,-2.802953000,1.200245000,-1.778292000,3.173771000,-0.966729000,-0.651128875,-2.776125717,1.167562183,-1.768879570,3.184189166,-0.878723384,-0.024336875,0.026827283,-0.032682817,0.009412430,0.010418166,0.088005616
88,cal-20260717T104800Z,-29.641724,5.082249,5.939977,-0.877917000,-2.625328000,1.129807000,-1.465917000,3.541271000,-1.132104000,-0.903686964,-2.574805551,1.071509287,-1.479323244,3.551298551,-1.043522233,-0.025769964,0.050522449,-0.058297713,-0.013406244,0.010027551,0.088581767
89,cal-20260717T104800Z,-39.906932,5.144981,6.001988,-1.153542000,-2.276203000,1.007307000,-1.125979000,3.810771000,-1.263792000,-1.144640605,-2.274301075,0.930140424,-1.162683726,3.844321703,-1.188865848,0.008901395,0.001901925,-0.077166576,-0.036704726,0.033550703,0.074926152
90,cal-20260717T104800Z,-50.289318,5.174105,6.062884,-1.377104000,-1.908703000,0.835807000,-0.789104000,3.970021000,-1.374042000,-1.353031811,-1.895258255,0.751896650,-0.832446984,4.028913737,-1.303715371,0.024072189,0.013444745,-0.083910350,-0.043342984,0.058892737,0.070326629
91,cal-20260717T104800Z,-59.828581,5.527222,5.058551,-1.542479000,-1.541203000,0.697995000,-0.381792000,4.150708000,-1.475104000,-1.478488882,-1.559599524,0.608667797,-0.462482739,4.304165781,-1.457816495,0.063990118,-0.018396524,-0.089327203,-0.080690739,0.153457781,0.017287505
92,cal-20260717T104800Z,60.739837,5.257709,0.526611,1.719083000,-1.464641000,0.624495000,-2.216229000,-2.599042000,1.115771000,1.785642485,-1.346912728,0.447093430,-2.695779823,-2.860055469,1.115766397,0.066559485,0.117728272,-0.177401570,-0.479550823,-0.261013469,-0.000004603
93,cal-20260717T104800Z,50.923079,5.818353,-0.553988,1.590458000,-1.887266000,0.731682000,-2.703167000,-1.802792000,0.843208000,1.706665526,-1.785461487,0.630293639,-3.144288550,-1.948765278,0.823676903,0.116207526,0.101804513,-0.101388361,-0.441121550,-0.145973278,-0.019531097
94,cal-20260717T104800Z,40.505762,5.379318,0.134429,1.388333000,-2.368078000,0.976682000,-2.758292000,-0.865667000,0.494083000,1.478217902,-2.317999544,0.896313093,-3.100972223,-0.840887594,0.478259429,0.089884902,0.050078456,-0.080368907,-0.342680223,0.024779406,-0.015823571
95,cal-20260717T104800Z,30.121937,5.187637,-0.677110,1.244396000,-2.741703000,1.105307000,-2.966542000,0.313396000,0.050021000,1.309169672,-2.758901336,1.091077070,-3.096317944,0.360583213,0.047635319,0.064773672,-0.017198336,-0.014229930,-0.129775944,0.047187213,-0.002385681
96,cal-20260717T104800Z,20.682090,5.101047,-1.000643,1.039208000,-3.084703000,1.264557000,-2.856292000,1.247458000,-0.305229000,1.082382715,-3.074593871,1.239831611,-2.924290667,1.359634470,-0.310803520,0.043174715,0.010109129,-0.024725389,-0.067998667,0.112176470,-0.005574520
97,cal-20260717T104800Z,11.132256,5.181254,-0.294686,0.720708000,-3.182703000,1.331932000,-2.641917000,2.034521000,-0.547167000,0.730367388,-3.237006424,1.336634335,-2.662045123,2.126572640,-0.562614542,0.009659388,-0.054303424,0.004702335,-0.020128123,0.092051640,-0.015447542
98,cal-20260717T104800Z,0.366578,4.881253,-0.858914,0.500208000,-3.409328000,1.411557000,-2.268292000,2.944083000,-0.905479000,0.436256819,-3.448435474,1.437971954,-2.232239710,3.034458731,-0.918921952,-0.063951181,-0.039107474,0.026414954,0.036052290,0.090375731,-0.013442952
99,cal-20260717T104800Z,-9.315194,5.223930,-0.876575,0.181708000,-3.449141000,1.426870000,-1.971229000,3.685208000,-1.178042000,0.129034187,-3.421399901,1.442643530,-1.890280429,3.708924054,-1.162106669,-0.052673813,0.027741099,0.015773530,0.080948571,0.023716054,0.015935331
100,cal-20260717T104800Z,-19.337651,5.627200,-0.062856,-0.219479000,-3.262328000,1.377870000,-1.576167000,4.175208000,-1.367917000,-0.246055496,-3.227322999,1.376601260,-1.575953897,4.159898995,-1.312686068,-0.026576496,0.035005001,-0.001268740,0.000213103,-0.015309005,0.055230932
101,cal-20260717T104800Z,-29.518408,5.653478,-0.219570,-0.522667000,-3.127578000,1.353370000,-1.119854000,4.539646000,-1.542479000,-0.558947261,-3.069370608,1.318951481,-1.135229303,4.579458454,-1.491095547,-0.036280261,0.058207392,-0.034418519,-0.015375303,0.039812454,0.051383453
102,cal-20260717T104800Z,-39.332844,5.274822,0.279444,-0.890167000,-2.885641000,1.285995000,-0.703354000,4.674396000,-1.563917000,-0.915261091,-2.810535186,1.208456411,-0.741578693,4.666970111,-1.557206437,-0.025094091,0.075105814,-0.077538589,-0.038224693,-0.007425889,0.006710563
103,cal-20260717T104800Z,-49.006512,5.010351,0.454522,-1.227042000,-2.567141000,1.099182000,-0.268479000,4.665208000,-1.600667000,-1.219119835,-2.474904157,1.060896032,-0.357431049,4.718300988,-1.616452258,0.007922165,0.092236843,-0.038285968,-0.088952049,0.053092988,-0.015785258
104,cal-20260717T104800Z,-58.753287,5.741350,-0.185363,-1.459792000,-2.095516000,0.946057000,0.129646000,4.790771000,-1.671104000,-1.386959029,-2.056216124,0.892156407,0.050437299,5.018723578,-1.755499046,0.072832971,0.039299876,-0.053900593,-0.079208701,0.227952578,-0.084395046
105,cal-20260717T104800Z,61.946364,5.231227,-5.833065,2.227458000,-1.207391000,0.354995000,-3.134979000,-2.412229000,0.867708000,2.206565063,-1.025797048,0.131831801,-3.650692857,-2.626491441,0.853182492,-0.020892937,0.181593952,-0.223163199,-0.515713857,-0.214262441,-0.014525508
106,cal-20260717T104800Z,51.670170,5.092856,-5.832256,2.101896000,-1.847453000,0.652057000,-3.303417000,-1.321979000,0.506333000,2.175230178,-1.695484235,0.444352026,-3.699873694,-1.396243945,0.449243034,0.073334178,0.151968765,-0.207704974,-0.396456694,-0.074264945,-0.057089966
107,cal-20260717T104800Z,42.356697,4.961182,-5.810668,2.006958000,-2.444641000,0.866432000,-3.291167000,-0.283792000,0.105146000,2.069680704,-2.259530397,0.714790937,-3.596121706,-0.265674440,0.071196543,0.062722704,0.185110603,-0.151641063,-0.304954706,0.018117560,-0.033949457
108,cal-20260717T104800Z,31.728648,4.755809,-5.731761,1.798708000,-2.916266000,1.123682000,-3.144167000,0.901396000,-0.247042000,1.867842860,-2.834032720,0.998398116,-3.308952542,0.964720850,-0.345608724,0.069134860,0.082233280,-0.125283884,-0.164785542,0.063324850,-0.098566724
109,cal-20260717T104800Z,21.602181,4.594440,-5.658068,1.544521000,-3.317453000,1.282932000,-2.883854000,1.936521000,-0.645167000,1.607061227,-3.279561166,1.226177748,-2.920048201,2.022144789,-0.708348684,0.062540227,0.037891834,-0.056754252,-0.036194201,0.085623789,-0.063181684
110,cal-20260717T104800Z,12.193562,4.517596,-5.567236,1.281146000,-3.562453000,1.411557000,-2.525542000,2.809333000,-0.963667000,1.315719752,-3.584363582,1.391736478,-2.496895683,2.875185690,-1.001671283,0.034573752,-0.021910582,-0.019820522,0.028646317,0.065852690,-0.038004283
111,cal-20260717T104800Z,1.554962,4.414967,-5.396180,0.984083000,-3.786016000,1.546307000,-2.026354000,3.703583000,-1.263792000,0.941998299,-3.811598115,1.528742170,-1.970881561,3.654661340,-1.270389267,-0.042084701,-0.025582115,-0.017564830,0.055472439,-0.048921660,-0.006597267
112,cal-20260717T104800Z,-8.649016,4.386495,-5.258739,0.598208000,-3.914641000,1.586120000,-1.542479000,4.257896000,-1.472042000,0.560703633,-3.899009681,1.602281560,-1.460647786,4.245524339,-1.475864352,-0.037504367,0.015631319,0.016161560,0.081831214,-0.012371661,-0.003822352
113,cal-20260717T104800Z,-18.537442,4.413030,-5.101029,0.264396000,-3.893203000,1.619807000,-1.015729000,4.750958000,-1.619042000,0.174624537,-3.861157744,1.619545370,-0.983303615,4.674413153,-1.626452161,-0.089771463,0.032045256,-0.000261630,0.032425385,-0.076544847,-0.007410161
114,cal-20260717T104800Z,-28.876443,4.475797,-4.972001,-0.179667000,-3.733953000,1.616745000,-0.504292000,5.029646000,-1.729292000,-0.231084140,-3.702674790,1.583531752,-0.504692685,4.993459962,-1.743226528,-0.051417140,0.031278210,-0.033213248,-0.000400685,-0.036186038,-0.013934528
115,cal-20260717T104800Z,-38.717402,4.555127,-4.759267,-0.577792000,-3.537953000,1.530995000,0.016333000,5.179708000,-1.799729000,-0.620928832,-3.430459922,1.493170145,-0.087782973,5.169430820,-1.813885329,-0.043136832,0.107493078,-0.037824855,-0.104115973,-0.010277180,-0.014156329
116,cal-20260717T104800Z,-49.160339,4.635899,-4.607861,-0.960604000,-3.145953000,1.414620000,0.460396000,5.228708000,-1.772167000,-1.010651482,-3.036108255,1.345618099,0.340656106,5.249774075,-1.860151818,-0.050047482,0.109844745,-0.069001901,-0.119739894,0.021066075,-0.087984818
117,cal-20260717T104800Z,-58.375203,4.773707,-4.583891,-1.321979000,-2.680453000,1.252307000,0.815646000,5.139896000,-1.808917000,-1.314313957,-2.602865542,1.173996499,0.718680932,5.258195875,-1.885527248,0.007665043,0.077587458,-0.078310501,-0.096965068,0.118299875,-0.076610248
118,cal-20260717T104800Z,62.077420,5.432202,-10.670688,2.493896000,-0.962391000,0.116120000,-3.817917000,-2.115167000,0.552271000,2.423789488,-0.681460704,-0.182110401,-4.393664430,-2.110789538,0.444251061,-0.070106512,0.280930296,-0.298230401,-0.575747430,0.004377462,-0.108019939
119,cal-20260717T104800Z,51.629075,5.239256,-10.537859,2.506146000,-1.694328000,0.443807000,-3.863854000,-0.789104000,0.086771000,2.498525066,-1.451116080,0.172052550,-4.200004067,-0.696797505,-0.018909426,-0.007620934,0.243211920,-0.271754450,-0.336150067,0.092306495,-0.105680426
120,cal-20260717T104800Z,42.091580,5.073880,-10.469048,2.432646000,-2.227203000,0.710245000,-3.670917000,0.356271000,-0.302167000,2.472470202,-2.114803250,0.488493245,-3.869738730,0.567881365,-0.435291343,0.039824202,0.112399750,-0.221751755,-0.198821730,0.211610365,-0.133124343
121,cal-20260717T104800Z,31.804297,4.949304,-10.392357,2.331583000,-2.873391000,0.949120000,-3.321792000,1.624146000,-0.706417000,2.343087615,-2.753267188,0.806730989,-3.381293879,1.830508071,-0.847945648,0.011504615,0.120123812,-0.142389011,-0.059501879,0.206362071,-0.141528648
122,cal-20260717T104800Z,22.129811,4.826176,-10.301560,2.123333000,-3.299078000,1.203307000,-2.883854000,2.696021000,-1.070854000,2.141609617,-3.265348660,1.074578938,-2.821479406,2.871569133,-1.183194079,0.018276617,0.033729340,-0.128728062,0.062374594,0.175548133,-0.112340079
123,cal-20260717T104800Z,11.606630,4.742071,-10.137241,1.850771000,-3.727828000,1.368682000,-2.268292000,3.746458000,-1.386292000,1.840784034,-3.696733283,1.318514020,-2.167935721,3.808135930,-1.476469687,-0.009986966,0.031094717,-0.050167980,0.100356279,0.061677930,-0.090177687
124,cal-20260717T104800Z,1.917764,4.680631,-9.978691,1.562896000,-3.991203000,1.558557000,-1.680292000,4.472271000,-1.591479000,1.511782073,-3.975447646,1.493968944,-1.556001359,4.488776174,-1.684265947,-0.051113927,0.015755354,-0.064588056,0.124290641,0.016505174,-0.092786947
125,cal-20260717T104800Z,-9.082362,4.660484,-9.779047,1.226021000,-4.171891000,1.632057000,-0.988167000,5.121521000,-1.796667000,1.090168171,-4.144650775,1.631133897,-0.891293332,5.065382983,-1.854274849,-0.135852829,0.027240225,-0.000923103,0.096873668,-0.056138017,-0.057607849
126,cal-20260717T104800Z,-19.227526,4.711403,-9.624942,0.821771000,-4.205578000,1.745370000,-0.381792000,5.531896000,-1.879354000,0.673955664,-4.160033007,1.696410276,-0.318914345,5.448161415,-1.963698283,-0.147815336,0.045544993,-0.048959724,0.062877655,-0.083734585,-0.084344283
127,cal-20260717T104800Z,-28.809578,4.747752,-9.574652,0.405271000,-4.196391000,1.736182000,0.169458000,5.755458000,-1.946729000,0.272621389,-4.073510640,1.711915803,0.198820479,5.683718799,-2.030217476,-0.132649611,0.122880360,-0.024266197,0.029362479,-0.071739201,-0.083488476
128,cal-20260717T104800Z,-38.775886,4.774548,-9.464012,0.004083000,-3.988141000,1.717807000,0.708458000,5.810583000,-1.965104000,-0.166305337,-3.865949365,1.675839570,0.685860456,5.793960481,-2.059136948,-0.170388337,0.122191635,-0.041967430,-0.022597544,-0.016622519,-0.094032948
129,cal-20260717T104800Z,-49.212968,4.854036,-9.367598,-0.513479000,-3.660453000,1.635120000,1.198458000,5.767708000,-1.919167000,-0.624006601,-3.514598121,1.575528674,1.160677283,5.807442930,-2.061746865,-0.110527601,0.145854879,-0.059591326,-0.037780717,0.039734930,-0.142579865
130,cal-20260717T104800Z,-58.853669,5.007086,-9.277694,-0.957542000,-3.250078000,1.512620000,1.639458000,5.623771000,-1.821167000,-1.026137056,-3.068552377,1.423746531,1.576558516,5.741679183,-2.044086103,-0.068595056,0.181525623,-0.088873469,-0.062899484,0.117908183,-0.222919103
131,cal-20260717T104800Z,61.822336,0.131216,10.003807,1.170896000,-1.875016000,0.912370000,-1.098417000,-1.839542000,0.876896000,1.292911180,-1.830855147,0.851475194,-1.314681750,-2.131326944,0.898628654,0.122015180,0.044160853,-0.060894806,-0.216264750,-0.291784944,0.021732654
132,cal-20260717T104800Z,51.391840,-0.056054,10.169912,0.928958000,-2.349703000,1.080807000,-1.386292000,-1.358729000,0.742146000,1.000997389,-2.298912752,1.048767981,-1.532447568,-1.565788053,0.742127672,0.072039389,0.050790248,-0.032039019,-0.146155568,-0.207059053,-0.000018328
133,cal-20260717T104800Z,40.959706,-0.175447,10.238563,0.616583000,-2.735578000,1.172682000,-1.548604000,-0.859542000,0.546146000,0.677240842,-2.678061066,1.198312988,-1.695080866,-0.961313008,0.559052783,0.060657842,0.057516934,0.025630988,-0.146476866,-0.101771008,0.012906783
134,cal-20260717T104800Z,31.342311,-0.185021,10.219728,0.350146000,-2.864203000,1.276807000,-1.686417000,-0.296042000,0.365458000,0.368771211,-2.936657069,1.290753784,-1.791423478,-0.387645819,0.373417089,0.018625211,-0.072454069,0.013946784,-0.105006478,-0.091603819,0.007959089
135,cal-20260717T104800Z,11.115646,-0.273474,10.376611,-0.299104000,-3.204141000,1.347245000,-1.738479000,0.794208000,-0.130667000,-0.302813650,-3.199793917,1.353611009,-1.774928154,0.775358300,-0.035791203,-0.003709650,0.004347083,0.006366009,-0.036449154,-0.018849700,0.094875797
136,cal-20260717T104800Z,1.651178,-0.275387,10.333917,-0.559417000,-3.194953000,1.341120000,-1.649667000,1.284208000,-0.277667000,-0.595979481,-3.200048503,1.327349885,-1.688208422,1.268433609,-0.223118547,-0.036562481,-0.005095503,-0.013770115,-0.038541422,-0.015774391,0.054548453
137,cal-20260717T104800Z,-9.315709,-0.264408,10.410012,-0.945292000,-3.096953000,1.264557000,-1.511854000,1.728271000,-0.458354000,-0.921922180,-3.085437503,1.246158636,-1.532796188,1.758993285,-0.417904996,0.023369820,0.011515497,-0.018398364,-0.020942188,0.030722285,0.040449004
138,cal-20260717T104800Z,-19.902282,-0.265524,10.497641,-1.187229000,-2.861141000,1.181870000,-1.343417000,2.150896000,-0.666604000,-1.210015954,-2.872265220,1.122421532,-1.342382114,2.147043972,-0.582204165,-0.022786954,-0.011124220,-0.059448468,0.001034886,-0.003852028,0.084399835
139,cal-20260717T104800Z,-29.612626,-0.174077,10.495301,-1.462854000,-2.628391000,1.007307000,-1.138229000,2.383646000,-0.795229000,-1.432552769,-2.591488054,0.973984913,-1.149529305,2.442662480,-0.715408499,0.030301231,0.036902946,-0.033322087,-0.011300305,0.059016480,0.079820501
140,cal-20260717T104800Z,-39.483208,-0.131892,10.522747,-1.674167000,-2.282328000,0.838870000,-0.905479000,2.607208000,-0.902417000,-1.624161693,-2.228783611,0.788994268,-0.933868192,2.664038131,-0.827638597,0.050005307,0.053544389,-0.049875732,-0.028389192,0.056830131,0.074778403
141,cal-20260717T104800Z,-49.484361,-0.126775,10.705902,-1.827292000,-1.801516000,0.639807000,-0.700292000,2.723583000,-0.982042000,-1.768019964,-1.775801874,0.563392488,-0.708462648,2.798567138,-0.912775062,0.059272036,0.025714126,-0.076414512,-0.008170648,0.074984138,0.069266938
142,cal-20260717T104800Z,-59.510675,0.123543,10.704450,-1.934479000,-1.290078000,0.425432000,-0.449167000,2.763396000,-1.009604000,-1.831181792,-1.275380596,0.327081946,-0.481567301,2.906645808,-0.992116748,0.103297208,0.014697404,-0.098350054,-0.032400301,0.143249808,0.017487252
143,cal-20260717T104800Z,60.661713,-0.031918,5.494074,1.572083000,-2.037328000,0.897057000,-1.478167000,-1.827292000,0.867708000,1.652036746,-1.950976418,0.839864175,-1.739463636,-2.057223255,0.855109615,0.079953746,0.086351582,-0.057192825,-0.261296636,-0.229931255,-0.012598385
144,cal-20260717T104800Z,50.791097,-0.283303,5.785762,1.265833000,-2.539578000,1.117557000,-1.744604000,-1.355667000,0.644146000,1.369944435,-2.494222268,1.082477347,-1.884230099,-1.424861223,0.661488132,0.104111435,0.045355732,-0.035079653,-0.139626099,-0.069194223,0.017342132
145,cal-20260717T104800Z,40.975631,-0.399961,5.985498,0.971833000,-2.922391000,1.264557000,-1.836479000,-0.694167000,0.448146000,1.044350283,-2.931123887,1.269805576,-1.974773610,-0.782666315,0.454291208,0.072517283,-0.008732887,0.005248576,-0.138294610,-0.088499315,0.006145208
146,cal-20260717T104800Z,31.267206,-0.526384,6.124502,0.693146000,-3.253141000,1.359495000,-1.906917000,-0.081667000,0.203146000,0.697224923,-3.271505511,1.408692813,-1.996570507,-0.141603915,0.236196794,0.004078923,-0.018364511,0.049197813,-0.089653507,-0.059936915,0.033050794
147,cal-20260717T104800Z,20.558703,-0.619017,6.266691,0.359333000,-3.504266000,1.521807000,-1.931417000,0.561458000,-0.054104000,0.299057860,-3.524454803,1.503293845,-1.945206421,0.537492370,-0.004586349,-0.060275140,-0.020188803,-0.018513155,-0.013789421,-0.023965630,0.049517651
148,cal-20260717T104800Z,10.270576,-0.632693,6.212223,0.013271000,-3.684953000,1.558557000,-1.830354000,1.201521000,-0.299104000,-0.067028699,-3.659172526,1.543306798,-1.836017321,1.155494613,-0.234051182,-0.080299699,0.025780474,-0.015250202,-0.005663321,-0.046026387,0.065052818
149,cal-20260717T104800Z,0.893369,-0.558886,5.382837,-0.234792000,-3.776828000,1.558557000,-1.720104000,1.771146000,-0.537979000,-0.333449447,-3.761198059,1.569906894,-1.689051375,1.740360824,-0.467547748,-0.098657447,0.015629941,0.011349894,0.031052625,-0.030785176,0.070431252
150,cal-20260717T104800Z,-10.110051,-0.508001,5.442481,-0.635979000,-3.706391000,1.540182000,-1.447542000,2.310146000,-0.697229000,-0.719886140,-3.665582523,1.510232329,-1.451835717,2.244457982,-0.666568502,-0.083907140,0.040808477,-0.029949671,-0.004293717,-0.065688018,0.030660498
151,cal-20260717T104800Z,-20.153349,-0.435086,5.485038,-0.985104000,-3.507328000,1.439120000,-1.217854000,2.610271000,-0.887104000,-1.050771453,-3.466733821,1.406862947,-1.208721687,2.618238154,-0.821217645,-0.065667453,0.040594179,-0.032257053,0.009132313,0.007967154,0.065886355
152,cal-20260717T104800Z,-30.146332,-0.358176,5.524260,-1.331167000,-3.259266000,1.347245000,-0.957542000,2.913458000,-1.018792000,-1.353432382,-3.166993351,1.258989933,-0.951347146,2.905387654,-0.948384672,-0.022265382,0.092272649,-0.088255067,0.006194854,-0.008070346,0.070407328
153,cal-20260717T104800Z,-40.565358,-0.284287,5.596084,-1.646604000,-2.806016000,1.117557000,-0.666604000,3.091083000,-1.116792000,-1.631052795,-2.747112064,1.056720442,-0.676142360,3.113003713,-1.051920369,0.015551205,0.058903936,-0.060836558,-0.009538360,0.021920713,0.064871631
154,cal-20260717T104800Z,-50.468149,-0.168058,5.623251,-1.916104000,-2.383391000,0.949120000,-0.351167000,3.198271000,-1.171917000,-1.838742148,-2.259748751,0.826799173,-0.411725208,3.240928612,-1.129695711,0.077361852,0.123642249,-0.122320827,-0.060558208,0.042657612,0.042221289
155,cal-20260717T104800Z,-60.706578,-0.001491,5.625214,-2.093729000,-1.724953000,0.642870000,-0.069417000,3.207458000,-1.178042000,-1.984295052,-1.682709845,0.559016439,-0.135653589,3.304189989,-1.190334620,0.109433948,0.042243155,-0.083853561,-0.066236589,0.096731989,-0.012292620
156,cal-20260717T104800Z,59.724297,0.827961,-0.999969,2.135583000,-1.982203000,0.759245000,-2.161104000,-1.824229000,0.736021000,2.205033074,-1.835100051,0.630649021,-2.470964483,-1.940980245,0.736955014,0.069450074,0.147102949,-0.128595979,-0.309860483,-0.116751245,0.000934014
157,cal-20260717T104800Z,49.706227,0.389705,-0.372381,1.872208000,-2.689641000,1.074682000,-2.185604000,-1.070854000,0.478771000,1.962131405,-2.555674136,0.977399962,-2.467896685,-1.128684272,0.474717810,0.089923405,0.133966864,-0.097282038,-0.282292685,-0.057830272,-0.004053190
158,cal-20260717T104800Z,39.620375,-0.903526,-0.597685,1.663958000,-3.433828000,1.420745000,-2.158042000,-0.243979000,0.135771000,1.748169156,-3.367802941,1.335431137,-2.338540127,-0.228181614,0.142291726,0.084211156,0.066025059,-0.085313863,-0.180498127,0.015797386,0.006520726
159,cal-20260717T104800Z,29.998545,0.519983,-0.343349,1.287271000,-3.562453000,1.454432000,-2.240729000,0.396083000,-0.066354000,1.354732085,-3.524914728,1.423104011,-2.401766777,0.452042073,-0.072822294,0.067461085,0.037538272,-0.031327989,-0.161037777,0.055959073,-0.006468294
160,cal-20260717T104800Z,19.880141,0.370792,0.532645,0.818708000,-3.816641000,1.573870000,-2.130479000,0.996333000,-0.265417000,0.885704913,-3.831005364,1.579482874,-2.193353206,1.122102693,-0.297623507,0.066996913,-0.014364364,0.005612874,-0.062874206,0.125769693,-0.032206507
161,cal-20260717T104800Z,10.017453,-0.059421,0.482629,0.497146000,-4.089203000,1.671870000,-1.903854000,1.719083000,-0.577792000,0.502295516,-4.123449853,1.706967627,-1.921207566,1.768861137,-0.545206577,0.005149516,-0.034246853,0.035097627,-0.017353566,0.049778137,0.032585423
162,cal-20260717T104800Z,-0.401943,-0.794241,-0.738108,0.209271000,-4.551641000,1.867870000,-1.566979000,2.411208000,-0.841167000,0.185189496,-4.506811562,1.856603610,-1.517417354,2.428672646,-0.828623422,-0.024081504,0.044829438,-0.011266390,0.049561646,0.017464646,0.012543578
163,cal-20260717T104800Z,-0.772410,-0.840435,-0.713875,0.200083000,-4.508766000,1.824995000,-1.557792000,2.423458000,-0.835042000,0.164192669,-4.515545254,1.860291285,-1.502246624,2.439701088,-0.833188566,-0.035890331,-0.006779254,0.035296285,0.055545376,0.016243088,0.001853434
164,cal-20260717T104800Z,-1.518948,0.214881,-0.162985,0.203146000,-4.223953000,1.708620000,-1.631292000,2.512271000,-0.871792000,0.129029833,-4.234387549,1.755715138,-1.603640778,2.521010428,-0.834835314,-0.074116167,-0.010434549,0.047095138,0.027651222,0.008739428,0.036956686
165,cal-20260717T104800Z,-1.438251,0.217769,-0.177189,0.154146000,-4.227016000,1.726995000,-1.597604000,2.552083000,-0.835042000,0.133916705,-4.235128626,1.755900347,-1.605993368,2.518819860,-0.834183843,-0.020229295,-0.008112626,0.028905347,-0.008389368,-0.033263140,0.000858157
166,cal-20260717T104800Z,-0.697499,-0.659238,-0.317014,0.144958000,-4.432203000,1.794370000,-1.536354000,2.432646000,-0.841167000,0.132023056,-4.430016565,1.829237543,-1.536537600,2.410037927,-0.812057676,-0.012934944,0.002186435,0.034867543,-0.000183600,-0.022608073,0.029109324
167,cal-20260717T104800Z,-10.823391,0.130967,-0.586411,-0.173542000,-4.303578000,1.760682000,-1.288292000,3.042083000,-1.055542000,-0.205655079,-4.275348519,1.775127104,-1.267767824,2.990321145,-1.023600442,-0.032113079,0.028229481,0.014445104,0.020524176,-0.051761855,0.031941558
168,cal-20260717T104800Z,-20.881210,0.973371,-0.699479,-0.446104000,-4.012641000,1.681057000,-0.969792000,3.507583000,-1.205604000,-0.534389723,-3.997811613,1.671827584,-0.979579870,3.491406194,-1.204439590,-0.088285723,0.014829387,-0.009229416,-0.009787870,-0.016176806,0.001164410
169,cal-20260717T104800Z,-30.851902,0.035600,-0.020130,-1.061667000,-3.865641000,1.598370000,-0.642104000,3.522896000,-1.260729000,-1.055722476,-3.817932985,1.583226932,-0.614964788,3.527564040,-1.240016812,0.005944524,0.047708015,-0.015143068,0.027139212,0.004668040,0.020712188
170,cal-20260717T104800Z,-40.610449,-0.025599,0.181380,-1.450604000,-3.574703000,1.460557000,-0.283792000,3.630083000,-1.309729000,-1.431525209,-3.426431953,1.409990529,-0.305597545,3.655728660,-1.304637517,0.019078791,0.148271047,-0.050566471,-0.021805545,0.025645660,0.005091483
171,cal-20260717T104800Z,-50.052672,1.012697,-0.133358,-1.637417000,-2.928516000,1.218620000,0.004083000,3.872021000,-1.401604000,-1.612469110,-2.889587742,1.195598435,-0.016940647,3.946091949,-1.422333123,0.024947890,0.038928258,-0.023021565,-0.021023647,0.074070949,-0.020729123
172,cal-20260717T104800Z,-60.699177,0.874793,-0.369226,-2.017167000,-2.374203000,1.053245000,0.405271000,3.810771000,-1.392417000,-1.920273586,-2.326966167,0.947146298,0.362943562,3.930423247,-1.452739974,0.096893414,0.047236833,-0.106098702,-0.042327438,0.119652247,-0.060322974
173,cal-20260717T104800Z,60.511714,-0.539320,-5.121692,2.674583000,-2.089391000,0.743932000,-2.412229000,-1.462854000,0.546146000,2.772018901,-1.794068046,0.460874478,-2.710000954,-1.578701470,0.505638668,0.097435901,0.295322954,-0.283057522,-0.297771954,-0.115847470,-0.040507332
174,cal-20260717T104800Z,50.801687,-0.947913,-4.919049,2.579646000,-2.876453000,1.059370000,-2.467354000,-0.709479000,0.197021000,2.641045831,-2.667864768,0.864768800,-2.641081907,-0.750503403,0.219573171,0.061399831,0.208588232,-0.194601200,-0.173727907,-0.041024403,0.022552171
175,cal-20260717T104800Z,40.767306,0.230838,-5.420064,2.294833000,-3.296016000,1.233932000,-2.608229000,0.080646000,-0.090854000,2.359470622,-3.153445173,1.088327525,-2.719755528,0.098320243,-0.087091386,0.064637622,0.142570827,-0.145604475,-0.111526528,0.017674243,0.003762614
176,cal-20260717T104800Z,30.806433,0.711094,-5.906824,2.013083000,-3.779891000,1.426870000,-2.513292000,1.008583000,-0.375667000,2.102059953,-3.648713036,1.318264880,-2.575922585,1.030844101,-0.426966486,0.088976953,0.131177964,-0.108605120,-0.062630585,0.022261101,-0.051299486
177,cal-20260717T104800Z,20.892431,0.731290,-5.847649,1.725208000,-4.113703000,1.564682000,-2.268292000,1.743583000,-0.684979000,1.754099810,-4.108818910,1.551398692,-2.257985102,1.840218131,-0.710065988,0.028891810,0.004884090,-0.013283308,0.010306898,0.096635131,-0.025086988
178,cal-20260717T104800Z,10.938473,-0.880434,-5.529045,1.339333000,-4.830328000,1.907682000,-1.704792000,2.334646000,-0.899354000,1.337867689,-4.839832473,1.888818865,-1.700329552,2.344886839,-0.896949464,-0.001465311,-0.009504473,-0.018863135,0.004462448,0.010240839,0.002404536
179,cal-20260717T104800Z,1.154200,-1.007158,-5.310438,0.910583000,-5.060016000,2.017932000,-1.306667000,2.898146000,-1.089229000,0.863198216,-5.056809591,2.014930713,-1.320644096,2.839350370,-1.068281339,-0.047384784,0.003206409,-0.003001287,-0.013977096,-0.058795630,0.020947661
180,cal-20260717T104800Z,-10.246620,0.264589,-5.308637,0.445083000,-4.854828000,1.959745000,-0.948354000,3.571896000,-1.340354000,0.386368466,-4.800087766,1.956241182,-0.964275182,3.532340535,-1.298862370,-0.058714534,0.054740234,-0.003503818,-0.015921182,-0.039555465,0.041491630
181,cal-20260717T104800Z,-19.676170,-0.065140,-4.939967,-0.023479000,-4.900766000,1.993432000,-0.553292000,3.783208000,-1.380167000,-0.109379770,-4.766711761,1.969234646,-0.586650070,3.745365389,-1.373402070,-0.085900770,0.134054239,-0.024197354,-0.033358070,-0.037842611,0.006764930
182,cal-20260717T104800Z,-29.842878,-0.904733,-5.901216,-0.504292000,-5.069203000,2.060807000,0.010208000,3.884271000,-1.429167000,-0.542304322,-4.890311134,2.032494043,-0.048895754,3.890819144,-1.445974875,-0.038012322,0.178891866,-0.028312957,-0.059103754,0.006548144,-0.016807875
183,cal-20260717T104800Z,-40.016689,0.282053,-5.824161,-0.896292000,-4.398516000,1.864807000,0.347083000,4.215021000,-1.514917000,-0.930670420,-4.266416429,1.814460979,0.287427203,4.237964673,-1.560561924,-0.034378420,0.132099571,-0.050346021,-0.059655797,0.022943673,-0.045644924
184,cal-20260717T104800Z,-49.507638,0.315720,-5.680019,-1.386292000,-3.969766000,1.684120000,0.665583000,4.178271000,-1.533292000,-1.372491023,-3.796595896,1.636704956,0.614832225,4.252878555,-1.572844824,0.013800977,0.173170104,-0.047415044,-0.050750775,0.074607555,-0.039552824
185,cal-20260717T104800Z,-59.159740,0.457966,-5.614353,-1.851792000,-3.394016000,1.512620000,1.026958000,4.107833000,-1.438354000,-1.763826561,-3.195532024,1.398394715,0.941797637,4.215969967,-1.571733725,0.087965439,0.198483976,-0.114225285,-0.085160363,0.108136967,-0.133379725
186,cal-20260717T104800Z,60.918526,-0.412946,-10.093686,3.271771000,-1.777016000,0.388682000,-2.856292000,-1.174979000,0.276646000,3.238266057,-1.360367714,0.034284479,-3.122248776,-1.192185855,0.210423375,-0.033504943,0.416648286,-0.354397521,-0.265956776,-0.017206855,-0.066222625
187,cal-20260717T104800Z,50.109394,-0.535324,-10.016585,3.207458000,-2.723328000,0.829682000,-2.749104000,-0.207229000,-0.081667000,3.222149596,-2.419564967,0.514978247,-2.941679092,-0.187301276,-0.142582109,0.014691596,0.303763033,-0.314703753,-0.192575092,0.019927724,-0.060915109
188,cal-20260717T104800Z,41.198470,-0.642166,-10.032216,3.106396000,-3.495078000,1.093057000,-2.562292000,0.576771000,-0.341979000,3.104540283,-3.221620659,0.887320620,-2.694928816,0.627919347,-0.429237604,-0.001855717,0.273457341,-0.205736380,-0.132636816,0.051148347,-0.087258604
189,cal-20260717T104800Z,30.601370,-0.727530,-9.875359,2.781771000,-4.233141000,1.396245000,-2.271354000,1.464896000,-0.666604000,2.815695407,-4.048938974,1.295522074,-2.313372383,1.505981728,-0.728012028,0.033924407,0.184202026,-0.100722926,-0.042018383,0.041085728,-0.061408028
190,cal-20260717T104800Z,20.508025,-0.877356,-9.737618,2.463271000,-4.787453000,1.736182000,-1.876292000,2.206021000,-0.936104000,2.451666198,-4.701415485,1.629166781,-1.877022851,2.234718045,-0.971477992,-0.011604802,0.086037515,-0.107015219,-0.000730851,0.028697045,-0.035373992
191,cal-20260717T104800Z,10.333562,-0.969620,-9.571223,2.068208000,-5.222328000,1.889307000,-1.462854000,2.876708000,-1.144354000,2.004202805,-5.178327563,1.892555902,-1.413720661,2.846819345,-1.169995268,-0.064005195,0.044000437,0.003248902,0.049133339,-0.029888655,-0.025641268
192,cal-20260717T104800Z,0.562195,-1.033962,-9.479364,1.676208000,-5.504078000,2.082245000,-0.991229000,3.357521000,-1.272979000,1.539348629,-5.478695119,2.076297506,-0.958085970,3.322679822,-1.320831023,-0.136859371,0.025382881,-0.005947494,0.033143030,-0.034841178,-0.047852023
193,cal-20260717T104800Z,-10.112834,-1.069366,-9.388105,1.164771000,-5.700078000,2.174120000,-0.510417000,3.764833000,-1.447542000,0.994705283,-5.629463660,2.202208776,-0.473330636,3.713799400,-1.439554670,-0.170065717,0.070614340,0.028088776,0.037086364,-0.051033600,0.007987330
194,cal-20260717T104800Z,-20.667303,-1.004565,-9.218061,0.644146000,-5.700078000,2.250682000,-0.026542000,4.064958000,-1.508792000,0.415269205,-5.567732511,2.240512502,-0.033205460,3.984982005,-1.516221102,-0.228876795,0.132345489,-0.010169498,-0.006663460,-0.079975995,-0.007429102
195,cal-20260717T104800Z,-30.017009,-0.679133,-10.467779,0.356271000,-5.730703000,2.253745000,0.494083000,4.303833000,-1.560854000,0.128269082,-5.490493245,2.247626538,0.510311029,4.286822974,-1.613293109,-0.228001918,0.240209755,-0.006118462,0.016228029,-0.017010026,-0.052439109
196,cal-20260717T104800Z,-40.530021,-0.600092,-10.337793,-0.332792000,-5.430578000,2.216995000,0.947333000,4.349771000,-1.533292000,-0.485477828,-5.134335140,2.166581493,0.905456705,4.342799180,-1.617330692,-0.152685828,0.296242860,-0.050413507,-0.041876295,-0.006971820,-0.084038692
197,cal-20260717T104800Z,-50.358385,-0.513371,-10.304710,-0.923854000,-4.983453000,2.103682000,1.275021000,4.248708000,-1.484292000,-1.045376841,-4.652022935,2.021898362,1.259802185,4.311946205,-1.597242421,-0.121522841,0.331430065,-0.081783638,-0.015218815,0.063238205,-0.112950421
198,cal-20260717T104800Z,-61.239125,-0.429381,-10.347400,-1.625167000,-4.254578000,1.886245000,1.614958000,4.040458000,-1.386292000,-1.633629047,-3.959305482,1.786225313,1.636919410,4.173632712,-1.543917421,-0.008462047,0.295272518,-0.100019687,0.021961410,0.133174712,-0.157625421
199,cal-20260717T104800Z,59.102907,-5.495003,10.125547,1.115771000,-2.720266000,1.230870000,-1.052479000,-1.306667000,0.659458000,1.254164895,-2.652511767,1.254606566,-1.221519166,-1.461063839,0.633582289,0.138393895,0.067754233,0.023736566,-0.169040166,-0.154396839,-0.025875711
200,cal-20260717T104800Z,49.627745,-5.620143,10.216010,0.791146000,-3.130641000,1.396245000,-1.227042000,-0.942229000,0.491021000,0.871618320,-3.127416369,1.431645858,-1.346283016,-1.041723526,0.504659116,0.080472320,0.003224631,0.035400858,-0.119241016,-0.099494526,0.013638116
201,cal-20260717T104800Z,39.808182,-5.647932,10.201775,0.393021000,-3.394016000,1.527932000,-1.334229000,-0.537979000,0.340958000,0.464345090,-3.510188373,1.558726003,-1.437166715,-0.585574659,0.355780148,0.071324090,-0.116172373,0.030794003,-0.102937715,-0.047595659,0.014822148
202,cal-20260717T104800Z,29.317652,-5.642296,10.221154,-0.020417000,-3.733953000,1.589182000,-1.383229000,-0.051042000,0.163333000,0.022754691,-3.790341512,1.633617090,-1.476960372,-0.089021955,0.185380397,0.043171691,-0.056388512,0.044435090,-0.093731372,-0.037979955,0.022047397
203,cal-20260717T104800Z,19.682754,-5.722198,10.283384,-0.433854000,-3.923828000,1.598370000,-1.407729000,0.368521000,0.004083000,-0.383960699,-3.946059053,1.654747674,-1.455734163,0.356819677,0.024571869,0.049893301,-0.022231053,0.056377674,-0.048005163,-0.011701323,0.020488869
204,cal-20260717T104800Z,9.142066,-5.697121,10.336113,-0.786042000,-3.951391000,1.641245000,-1.361792000,0.772771000,-0.194979000,-0.798506957,-3.979698445,1.618650612,-1.387493571,0.813867394,-0.145789537,-0.012464957,-0.028307445,-0.022594388,-0.025701571,0.041096394,0.049189463
205,cal-20260717T104800Z,-1.047609,-5.720225,10.390301,-1.147417000,-3.877891000,1.549370000,-1.263792000,1.167833000,-0.354229000,-1.177295679,-3.902812975,1.535630057,-1.274724572,1.209777099,-0.300159081,-0.029878679,-0.024921975,-0.013739943,-0.010932572,0.041944099,0.054069919
206,cal-20260717T104800Z,-11.398644,-5.740554,10.383424,-1.536354000,-3.721703000,1.442182000,-1.171917000,1.486333000,-0.510417000,-1.527468253,-3.716683512,1.405496855,-1.125065318,1.558723318,-0.442914344,0.008885747,0.005019488,-0.036685145,0.046851682,0.072390318,0.067502656
207,cal-20260717T104800Z,-21.467034,-5.691718,10.411723,-1.821167000,-3.464453000,1.298245000,-1.006542000,1.789521000,-0.608417000,-1.822412400,-3.409863282,1.227592034,-0.958420088,1.838614761,-0.562661071,-0.001245400,0.054589718,-0.070652966,0.048121912,0.049093761,0.045755929
208,cal-20260717T104800Z,-31.465365,-5.664021,10.429612,-2.096792000,-3.066328000,1.047120000,-0.773792000,1.991646000,-0.703354000,-2.069480224,-3.002946113,1.008318584,-0.774920214,2.055006321,-0.662943752,0.027311776,0.063381887,-0.038801416,-0.001128214,0.063360321,0.040410248
209,cal-20260717T104800Z,-42.007190,-5.630090,10.410529,-2.338729000,-2.533453000,0.854182000,-0.580854000,2.114146000,-0.789104000,-2.264333842,-2.470824858,0.736655857,-0.568886550,2.219899949,-0.749554151,0.074395158,0.062628142,-0.117526143,0.011967450,0.105753949,0.039549849
210,cal-20260717T104800Z,-51.863203,-5.467646,10.412695,-2.464292000,-1.924016000,0.550995000,-0.415479000,2.172333000,-0.816667000,-2.356129294,-1.879660608,0.452059771,-0.375184654,2.324042391,-0.814541099,0.108162706,0.044355392,-0.098935229,0.040294346,0.151709391,0.002125901
211,cal-20260717T104800Z,-61.443944,-5.404734,10.643711,-2.546979000,-1.271703000,0.275370000,-0.179667000,2.251958000,-0.871792000,-2.365252336,-1.230312282,0.144802238,-0.188431551,2.350895910,-0.853449108,0.181726664,0.041390718,-0.130567762,-0.008764551,0.098937910,0.018342892
212,cal-20260717T104800Z,59.836649,-5.615189,5.494908,1.614958000,-2.851953000,1.292120000,-1.349542000,-1.309729000,0.592083000,1.817047417,-2.815452889,1.260221490,-1.496401919,-1.432602849,0.594372783,0.202089417,0.036500111,-0.031898510,-0.146859919,-0.122873849,0.002289783
213,cal-20260717T104800Z,49.781893,-5.554615,5.482608,1.324021000,-3.470578000,1.524870000,-1.481229000,-0.850354000,0.457333000,1.415257475,-3.432092004,1.506755095,-1.608167208,-0.934974122,0.430900465,0.091236475,0.038485996,-0.018114905,-0.126938208,-0.084620122,-0.026432535
214,cal-20260717T104800Z,39.832287,-5.455427,5.499526,0.873833000,-3.914641000,1.668807000,-1.536354000,-0.351167000,0.270521000,0.977882290,-3.909799232,1.687979541,-1.661206097,-0.416190342,0.253663825,0.104049290,0.004841768,0.019172541,-0.124852097,-0.065023342,-0.016857175
215,cal-20260717T104800Z,29.159026,-5.485624,5.524619,0.448146000,-4.321953000,1.803557000,-1.579229000,0.166396000,0.053083000,0.485784124,-4.305201884,1.826515403,-1.642229001,0.150216253,0.051488957,0.037638124,0.016751116,0.022958403,-0.063000001,-0.016179747,-0.001594043
216,cal-20260717T104800Z,19.389060,-5.516406,5.548492,-0.002042000,-4.554703000,1.864807000,-1.530229000,0.607396000,-0.161292000,0.032626481,-4.535894382,1.893231202,-1.566222089,0.647130826,-0.131556139,0.034668481,0.018808618,0.028424202,-0.035993089,0.039734826,0.029735861
217,cal-20260717T104800Z,9.580874,-5.579253,5.550176,-0.488979000,-4.668016000,1.867870000,-1.407729000,1.100458000,-0.308292000,-0.414822639,-4.653072272,1.908439154,-1.438908590,1.106956055,-0.306323692,0.074156361,0.014943728,0.040569154,-0.031179590,0.006498055,0.001968308
218,cal-20260717T104800Z,-0.533129,-5.600034,5.604107,-0.853417000,-4.646578000,1.870932000,-1.303604000,1.532271000,-0.504292000,-0.861367784,-4.628283819,1.861418046,-1.269722261,1.521972542,-0.467422830,-0.007950784,0.018294181,-0.009513954,0.033881739,-0.010298458,0.036869170
219,cal-20260717T104800Z,-11.063129,-5.583740,5.732287,-1.306667000,-4.487328000,1.726995000,-1.086167000,1.847708000,-0.654354000,-1.301742520,-4.445042618,1.745007343,-1.066567464,1.880632026,-0.610191940,0.004924480,0.042285382,0.018012343,0.019599536,0.032924026,0.044162060
220,cal-20260717T104800Z,-20.962799,-5.581834,5.860529,-1.668042000,-4.248453000,1.641245000,-0.844229000,2.108021000,-0.749292000,-1.685231384,-4.144930134,1.579600542,-0.857967840,2.147276961,-0.721467014,-0.017189384,0.103522866,-0.061644458,-0.013738840,0.039255961,0.027824986
221,cal-20260717T104800Z,-30.900042,-5.509564,5.892929,-2.078417000,-3.816641000,1.417682000,-0.629854000,2.307083000,-0.825854000,-2.015278747,-3.725249441,1.365377582,-0.639698380,2.360064798,-0.816114384,0.063138253,0.091391559,-0.052304418,-0.009844380,0.052981798,0.009739616
222,cal-20260717T104800Z,-41.669095,-5.408058,6.036456,-2.427542000,-3.256203000,1.145120000,-0.403229000,2.392833000,-0.896292000,-2.306788745,-3.117277573,1.068205853,-0.403711195,2.512052912,-0.892176411,0.120753255,0.138925427,-0.076914147,-0.000482195,0.119219912,0.004115589
223,cal-20260717T104800Z,-51.189450,-5.336841,6.160258,-2.626604000,-2.594703000,0.844995000,-0.155167000,2.515333000,-0.951417000,-2.492267404,-2.481938041,0.764743150,-0.193455579,2.583672422,-0.940272083,0.134336596,0.112764959,-0.080251850,-0.038288579,0.068339422,0.011144917
224,cal-20260717T104800Z,-61.698010,-5.166121,6.178533,-2.813417000,-1.755578000,0.529557000,0.080646000,2.500021000,-0.960604000,-2.591951400,-1.709739510,0.408773990,0.042395117,2.614135067,-0.980156837,0.221465600,0.045838490,-0.120783010,-0.038250883,0.114114067,-0.019552837
225,cal-20260717T104800Z,60.499667,-5.462378,-0.374597,2.475521000,-3.054078000,1.282932000,-1.680292000,-1.181104000,0.509396000,2.671624922,-2.820849701,1.096204611,-1.881616367,-1.318679659,0.488457073,0.196103922,0.233228299,-0.186727389,-0.201324367,-0.137575659,-0.020938927
226,cal-20260717T104800Z,50.745560,-5.505331,-0.362052,2.104958000,-3.835016000,1.561620000,-1.769104000,-0.678854000,0.258271000,2.318368890,-3.650505312,1.453288466,-1.920756079,-0.746470117,0.287227383,0.213410890,0.184510688,-0.108331534,-0.151652079,-0.067616117,0.028956383
227,cal-20260717T104800Z,40.402061,-5.496665,-0.275236,1.673146000,-4.527141000,1.788245000,-1.762979000,-0.093917000,0.068396000,1.847777548,-4.369976465,1.761428995,-1.888913329,-0.131146082,0.067836641,0.174631548,0.157164535,-0.026816005,-0.125934329,-0.037229082,-0.000559359
228,cal-20260717T104800Z,30.904245,-5.467599,-0.270120,1.207646000,-4.989578000,2.002620000,-1.710917000,0.411396000,-0.142917000,1.383919052,-4.881574184,1.974909417,-1.799390562,0.429419575,-0.136349871,0.176273052,0.108003816,-0.027710583,-0.088473562,0.018023575,0.006567129
229,cal-20260717T104800Z,20.167535,-5.502561,-0.162370,0.690083000,-5.350953000,2.158807000,-1.573104000,1.005521000,-0.348104000,0.816859657,-5.293122133,2.143517267,-1.625251069,1.017361599,-0.352160268,0.126776657,0.057830867,-0.015289733,-0.052147069,0.011840599,-0.004056268
230,cal-20260717T104800Z,10.305891,-5.524943,-0.101539,0.233771000,-5.629641000,2.207807000,-1.370979000,1.492458000,-0.544104000,0.295517246,-5.512133706,2.227120509,-1.418083978,1.502630791,-0.532804120,0.061746246,0.117507294,0.019313509,-0.047104978,0.010172791,0.011299880
231,cal-20260717T104800Z,-0.272179,-5.623725,-0.022679,-0.308292000,-5.709266000,2.195557000,-1.119854000,1.890583000,-0.746229000,-0.270096869,-5.600977575,2.251167533,-1.155177137,1.939912078,-0.697981377,0.038195131,0.108288425,0.055610533,-0.035323137,0.049329078,0.048247623
232,cal-20260717T104800Z,-10.543563,-5.695999,0.070496,-0.856479000,-5.592891000,2.204745000,-0.887104000,2.239708000,-0.807479000,-0.812865064,-5.515047273,2.199785568,-0.883086710,2.279269714,-0.827902303,0.043613936,0.077843727,-0.004959432,0.004017290,0.039561714,-0.020423303
233,cal-20260717T104800Z,-20.266797,-5.712019,0.191465,-1.325042000,-5.436703000,2.063870000,-0.553292000,2.506146000,-0.945292000,-1.310312706,-5.264228117,2.078581402,-0.624115377,2.525439083,-0.923969699,0.014729294,0.172474883,0.014711402,-0.070823377,0.019293083,0.021322301
234,cal-20260717T104800Z,-30.400068,-5.738115,0.419948,-1.870167000,-5.017141000,1.922995000,-0.335854000,2.686833000,-1.024917000,-1.811296441,-4.825607522,1.873320582,-0.361985672,2.697334964,-0.994373355,0.058870559,0.191533478,-0.049674418,-0.026131672,0.010501964,0.030543645
235,cal-20260717T104800Z,-40.181927,-5.684229,0.539212,-2.341792000,-4.423016000,1.699432000,-0.051042000,2.738896000,-1.049417000,-2.230069986,-4.254648324,1.612669815,-0.112267487,2.809305271,-1.045920543,0.111722014,0.168367676,-0.086762185,-0.061225487,0.070409271,0.003496457
236,cal-20260717T104800Z,-50.327783,-5.659766,0.638900,-2.727667000,-3.681891000,1.399307000,0.175583000,2.766458000,-1.070854000,-2.600988910,-3.524213048,1.280461425,0.142011594,2.853811994,-1.077072454,0.126678090,0.157677952,-0.118845575,-0.033571406,0.087353994,-0.006218454
237,cal-20260717T104800Z,-60.421921,-5.592068,0.706677,-3.119667000,-2.766203000,0.998120000,0.435896000,2.720521000,-1.061667000,-2.868347946,-2.669011050,0.896653992,0.388840684,2.836979603,-1.089588380,0.251319054,0.097191950,-0.101466008,-0.047055316,0.116458603,-0.027921380
238,cal-20260717T104800Z,60.828815,-5.663999,-5.038147,3.271771000,-3.170453000,1.154307000,-1.928354000,-1.003479000,0.359333000,3.467566145,-2.699859589,0.825154603,-2.149417786,-1.099469416,0.327293825,0.195795145,0.470593411,-0.329152397,-0.221063786,-0.095990416,-0.032039175
239,cal-20260717T104800Z,50.838148,-5.910349,-4.958736,2.959396000,-4.156578000,1.521807000,-1.946729000,-0.394042000,0.120458000,3.189127836,-3.823196972,1.318916062,-2.089840122,-0.453572696,0.093768337,0.229731836,0.333381028,-0.202890938,-0.143111122,-0.059530696,-0.026689663
240,cal-20260717T104800Z,40.984353,-6.098018,-4.881633,2.567396000,-4.949766000,1.864807000,-1.845667000,0.209271000,-0.152104000,2.776167014,-4.783264791,1.743494883,-1.961742706,0.169994259,-0.132870913,0.208771014,0.166501209,-0.121312117,-0.116075706,-0.039276741,0.019233087
241,cal-20260717T104800Z,30.628568,-6.212353,-4.794119,2.077396000,-5.672516000,2.097557000,-1.723167000,0.766646000,-0.326667000,2.236074294,-5.579716098,2.099399766,-1.764749834,0.787629062,-0.357168496,0.158678294,0.092799902,0.001842766,-0.041582834,0.020983062,-0.030501496
242,cal-20260717T104800Z,21.519521,-6.247234,-4.747701,1.575146000,-6.119641000,2.290495000,-1.527167000,1.275021000,-0.525729000,1.717471619,-6.089015751,2.329655949,-1.548528518,1.287764588,-0.538528119,0.142325619,0.030625249,0.039160949,-0.021361518,0.012743588,-0.012799119
243,cal-20260717T104800Z,10.852825,-6.297111,-4.543453,1.011646000,-6.505516000,2.400745000,-1.223979000,1.807896000,-0.733979000,1.051433104,-6.465577907,2.509606111,-1.257706231,1.788403109,-0.716299814,0.039787104,0.039938093,0.108861111,-0.033727231,-0.019492891,0.017679186
244,cal-20260717T104800Z,0.817526,-6.249299,-4.404320,0.442021000,-6.634141000,2.544682000,-0.972854000,2.181521000,-0.841167000,0.432602506,-6.599304336,2.583854434,-0.966552394,2.190155207,-0.858182138,-0.009418494,0.034836664,0.039172434,0.006301606,0.008634207,-0.017015138
245,cal-20260717T104800Z,-9.825945,-6.233930,-4.230500,-0.179667000,-6.677016000,2.517120000,-0.642104000,2.521458000,-0.982042000,-0.230733555,-6.555372683,2.581690374,-0.647847174,2.521896123,-0.974153302,-0.051066555,0.121643317,0.064570374,-0.005743174,0.000438123,0.007888698
246,cal-20260717T104800Z,-20.512729,-6.175134,-4.048473,-0.841167000,-6.533078000,2.428307000,-0.308292000,2.766458000,-1.064729000,-0.887724414,-6.295267452,2.487133247,-0.333991117,2.767502001,-1.059658573,-0.046557414,0.237810548,0.058826247,-0.025699117,0.001044001,0.005070427
247,cal-20260717T104800Z,-30.221179,-6.091631,-3.910458,-1.404667000,-6.147203000,2.345620000,-0.002042000,2.879771000,-1.095354000,-1.462808494,-5.880304385,2.323768539,-0.057242232,2.920314867,-1.113952409,-0.058141494,0.266898615,-0.021851461,-0.055200232,0.040543867,-0.018598409
248,cal-20260717T104800Z,-40.256065,-5.236681,-4.977619,-1.766042000,-5.693953000,2.244557000,0.353208000,3.143146000,-1.162729000,-1.771116948,-5.362616322,2.150225915,0.308325066,3.178830815,-1.212300318,-0.005074948,0.331336678,-0.094331085,-0.044882934,0.035684815,-0.049571318
249,cal-20260717T104800Z,-50.616313,-5.148732,-4.871288,-2.372417000,-4.928328000,1.968932000,0.644146000,3.127833000,-1.138229000,-2.324328940,-4.599036439,1.842497194,0.593350214,3.187963245,-1.219358942,0.048088060,0.329291561,-0.126434806,-0.050795786,0.060130245,-0.081129942
250,cal-20260717T104800Z,-60.009789,-5.042766,-4.773119,-2.960417000,-4.086141000,1.656557000,0.867708000,3.020646000,-1.119854000,-2.750538535,-3.750026690,1.492278632,0.838876578,3.133834814,-1.207046062,0.209878465,0.336114310,-0.164278368,-0.028831422,0.113188814,-0.087192062
251,cal-20260717T104800Z,59.273023,-5.589753,-9.990047,4.190521000,-2.998953000,0.820495000,-2.167229000,-0.639042000,0.126583000,4.258261965,-2.464762972,0.394092728,-2.381843642,-0.662809294,0.052740062,0.067740965,0.534190028,-0.426402272,-0.214614642,-0.023767294,-0.073842938
252,cal-20260717T104800Z,49.937565,-5.747120,-9.840895,4.000646000,-4.095328000,1.292120000,-2.109042000,-0.093917000,-0.103104000,4.113507604,-3.710220074,0.946584606,-2.224829976,-0.023010838,-0.177018096,0.112861604,0.385107926,-0.345535394,-0.115787976,0.070906162,-0.073914096
253,cal-20260717T104800Z,40.129968,-5.926881,-9.732089,3.721958000,-5.109016000,1.705557000,-1.891604000,0.533896000,-0.341979000,3.802700569,-4.888136455,1.479690246,-1.989122530,0.624638302,-0.407780072,0.080742569,0.220879545,-0.225866754,-0.097518530,0.090742302,-0.065801072
254,cal-20260717T104800Z,29.613737,-6.073473,-9.617177,3.241146000,-6.116578000,2.033245000,-1.658854000,1.192333000,-0.562479000,3.309949500,-5.931263402,1.968335286,-1.676908459,1.259729270,-0.629940766,0.068803500,0.185314598,-0.064909714,-0.018054459,0.067396270,-0.067461766
255,cal-20260717T104800Z,19.886491,-6.195260,-9.554308,2.754208000,-6.719891000,2.324182000,-1.380167000,1.728271000,-0.773792000,2.767309768,-6.681574683,2.331162236,-1.346333053,1.777341166,-0.807315189,0.013101768,0.038316317,0.006980236,0.033833947,0.049070166,-0.033523189
256,cal-20260717T104800Z,9.611679,-6.261924,-9.434334,2.196833000,-7.255828000,2.581432000,-1.018792000,2.196833000,-0.899354000,2.115255526,-7.218148591,2.613970152,-0.980536608,2.234979030,-0.958018619,-0.081577474,0.037679409,0.032538152,0.038255392,0.038146030,-0.058664619
257,cal-20260717T104800Z,-1.299401,-5.626004,-10.604033,1.893646000,-7.519203000,2.642682000,-0.580854000,2.806271000,-1.147417000,1.724026342,-7.422526706,2.725027847,-0.514606289,2.796647706,-1.157868949,-0.169619658,0.096676294,0.082345847,0.066247711,-0.009623294,-0.010451949
258,cal-20260717T104800Z,-11.717115,-5.619156,-10.390906,1.253583000,-7.684578000,2.762120000,-0.179667000,3.066583000,-1.193354000,0.988907717,-7.511303514,2.840811178,-0.136301936,3.061681237,-1.229882747,-0.264675283,0.173274486,0.078691178,0.043365064,-0.004901763,-0.036528747
259,cal-20260717T104800Z,-22.016998,-5.518034,-10.188553,0.509396000,-7.660078000,2.826432000,0.233771000,3.268708000,-1.223979000,0.244640919,-7.348306323,2.851590460,0.214002076,3.246630023,-1.275220014,-0.264755081,0.311771677,0.025158460,-0.019768924,-0.022077977,-0.051241014
260,cal-20260717T104800Z,-31.857733,-5.425568,-10.061362,-0.170479000,-7.445703000,2.774370000,0.536958000,3.348333000,-1.266854000,-0.468582105,-7.013119694,2.782590378,0.532369825,3.346560618,-1.294239202,-0.298103105,0.432583306,0.008220378,-0.004588175,-0.001772382,-0.027385202
261,cal-20260717T104800Z,-41.929813,-5.337473,-9.996180,-0.982042000,-6.958766000,2.651870000,0.837083000,3.375896000,-1.239292000,-1.195547051,-6.482972702,2.629764691,0.841331778,3.373220224,-1.290376155,-0.213505051,0.475793298,-0.022105309,0.004248778,-0.002675776,-0.051084155
262,cal-20260717T104800Z,-52.066730,-5.307466,-9.918184,-1.787479000,-6.269703000,2.452807000,1.140271000,3.247271000,-1.144354000,-1.927903272,-5.748253057,2.384747853,1.126546758,3.312719633,-1.259525523,-0.140424272,0.521449943,-0.068059147,-0.013724242,0.065448633,-0.115171523
263,cal-20260717T104800Z,-61.933334,-5.315558,-9.826358,-2.586792000,-5.366266000,2.207807000,1.373021000,3.069646000,-1.067792000,-2.604206229,-4.826657566,2.049783778,1.379089679,3.173458406,-1.204981761,-0.017414229,0.539608434,-0.158023222,0.006068679,0.103812406,-0.137189761
264,cal-20260717T104800Z,57.543002,-10.643543,9.427292,1.033083000,-3.706391000,1.714745000,-0.991229000,-0.929979000,0.460396000,1.181216703,-3.705948317,1.731272452,-1.133997347,-1.054333318,0.454859063,0.148133703,0.000442683,0.016527452,-0.142768347,-0.124354318,-0.005536937
265,cal-20260717T104800Z,48.404660,-10.696781,9.526820,0.564521000,-4.196391000,1.870932000,-1.098417000,-0.629854000,0.396083000,0.667265969,-4.211657625,1.889109917,-1.206559140,-0.713909492,0.342961150,0.102744969,-0.015266625,0.018177917,-0.108142140,-0.084055492,-0.053121850
266,cal-20260717T104800Z,37.851028,-10.692394,9.542043,-0.020417000,-4.640453000,1.953620000,-1.165792000,-0.271542000,0.206208000,0.083421513,-4.640785990,1.996196234,-1.251571409,-0.303891769,0.201756919,0.103838513,-0.000332990,0.042576234,-0.085779409,-0.032349769,-0.004451081
267,cal-20260717T104800Z,27.838536,-10.800830,9.576162,-0.510417000,-4.897703000,1.950557000,-1.156604000,0.086771000,0.037771000,-0.469961588,-4.919876223,2.037000114,-1.242753355,0.088345883,0.060339535,0.040455412,-0.022173223,0.086443114,-0.086149355,0.001574883,0.022568535
268,cal-20260717T104800Z,17.581825,-10.858056,9.525124,-1.009604000,-5.023266000,1.947495000,-1.147417000,0.463458000,-0.136792000,-0.997289052,-5.062000286,2.016273385,-1.192446602,0.476529037,-0.084727870,0.012314948,-0.038734286,0.068778385,-0.045029602,0.013071037,0.052064130
269,cal-20260717T104800Z,7.700794,-10.894906,9.529222,-1.444479000,-4.998766000,1.938307000,-1.064729000,0.751333000,-0.228667000,-1.473604784,-5.048796810,1.933562231,-1.105411328,0.820041941,-0.216573483,-0.029125784,-0.050030810,-0.004744769,-0.040682328,0.068708941,0.012093517
270,cal-20260717T104800Z,-2.393458,-10.967098,9.568553,-1.870167000,-4.909953000,1.788245000,-0.963667000,1.082083000,-0.329729000,-1.928149049,-4.897611870,1.790535043,-0.983233624,1.128557924,-0.338825552,-0.057982049,0.012341130,0.002290043,-0.019566624,0.046474924,-0.009096552
271,cal-20260717T104800Z,-14.045072,-9.447211,10.749291,-2.139667000,-4.122891000,1.497307000,-0.923854000,1.397521000,-0.458354000,-2.130710478,-4.084037619,1.423200390,-0.899164313,1.437398673,-0.441393631,0.008956522,0.038853381,-0.074106610,0.024689687,0.039877673,0.016960369
272,cal-20260717T104800Z,-23.408880,-9.521072,10.801643,-2.442854000,-3.792141000,1.334995000,-0.749292000,1.572083000,-0.562479000,-2.420950895,-3.706497626,1.199883306,-0.749571999,1.638555329,-0.529974167,0.021903105,0.085643374,-0.135111694,-0.000279999,0.066472329,0.032504833
273,cal-20260717T104800Z,-33.170579,-9.490828,10.919060,-2.675604000,-3.286828000,1.034870000,-0.571667000,1.743583000,-0.648229000,-2.641322417,-3.175782697,0.916902637,-0.588902238,1.801001953,-0.606004774,0.034281583,0.111045303,-0.117967363,-0.017235238,0.057418953,0.042224226
274,cal-20260717T104800Z,-43.941752,-10.031976,9.531807,-3.125792000,-2.836641000,0.774557000,-0.338917000,1.853833000,-0.694167000,-2.968760386,-2.743888906,0.657186767,-0.334360530,1.955111553,-0.698381987,0.157031614,0.092752094,-0.117370233,0.004556470,0.101278553,-0.004214987
275,cal-20260717T104800Z,-53.691026,-9.948069,9.668036,-3.226854000,-2.074078000,0.471370000,-0.158229000,1.896708000,-0.727854000,-3.013596665,-1.960056164,0.285837626,-0.161977279,2.009676303,-0.738573099,0.213257335,0.114021836,-0.185532374,-0.003748279,0.112968303,-0.010719099
276,cal-20260717T104800Z,-63.911193,-9.862334,9.629874,-3.196229000,-1.127766000,0.109995000,-0.008167000,1.908958000,-0.733979000,-2.958763447,-1.102247267,-0.103471975,0.027453770,2.022784818,-0.768818525,0.237465553,0.025518733,-0.213466975,0.035620770,0.113826818,-0.034839525
277,cal-20260717T104800Z,57.043701,-10.173513,5.572640,1.547583000,-4.012641000,1.788245000,-1.184167000,-0.917729000,0.417521000,1.730803728,-3.982610006,1.788507315,-1.329816709,-0.994448534,0.412124448,0.183220728,0.030030994,0.000262315,-0.145649709,-0.076719534,-0.005396552
278,cal-20260717T104800Z,46.838429,-10.095630,5.508757,0.996333000,-4.612891000,1.981182000,-1.251542000,-0.516542000,0.295021000,1.163631202,-4.654167747,2.021933932,-1.391970376,-0.565798573,0.263659928,0.167298202,-0.041276747,0.040751932,-0.140428376,-0.049256573,-0.031361072
279,cal-20260717T104800Z,36.884122,-10.208545,5.596887,0.491021000,-5.127391000,2.103682000,-1.263792000,-0.170479000,0.083708000,0.556158145,-5.176777924,2.187420589,-1.387680618,-0.133075407,0.108853108,0.065137145,-0.049386924,0.083738589,-0.123888618,0.037403593,0.025145108
280,cal-20260717T104800Z,26.687347,-10.300595,5.598889,-0.078604000,-5.476516000,2.164932000,-1.263792000,0.252146000,-0.075542000,-0.052327095,-5.547799335,2.280036398,-1.336104903,0.303097028,-0.052163053,0.026276905,-0.071283335,0.115104398,-0.072312903,0.050951028,0.023378947
281,cal-20260717T104800Z,16.828792,-10.375341,5.656219,-0.620667000,-5.727641000,2.210870000,-1.217854000,0.634958000,-0.182729000,-0.628714240,-5.732096001,2.293693224,-1.241852776,0.696755162,-0.200200171,-0.008047240,-0.004455001,0.082823224,-0.023998776,0.061797162,-0.017471171
282,cal-20260717T104800Z,6.144606,-10.458350,5.721480,-1.153542000,-5.712328000,2.189432000,-1.110667000,0.996333000,-0.351167000,-1.223418906,-5.759238103,2.234152653,-1.099510761,1.079654316,-0.347375487,-0.069876906,-0.046910103,0.044720653,0.011156239,0.083321316,0.003791513
283,cal-20260717T104800Z,-2.940392,-10.488997,5.749865,-1.658854000,-5.620453000,2.088370000,-0.936104000,1.268896000,-0.449167000,-1.691229666,-5.640404320,2.124942115,-0.954977421,1.364208666,-0.459167300,-0.032375666,-0.019951320,0.036572115,-0.018873421,0.095312666,-0.010000300
284,cal-20260717T104800Z,-13.717972,-10.503583,5.792846,-2.167229000,-5.412203000,1.956682000,-0.758479000,1.572083000,-0.550229000,-2.202584755,-5.327503709,1.924582202,-0.763641313,1.644484238,-0.572211991,-0.035355755,0.084699291,-0.032099798,-0.005162313,0.072401238,-0.021982991
285,cal-20260717T104800Z,-24.185624,-10.493217,5.860367,-2.632729000,-5.014078000,1.720870000,-0.602292000,1.792583000,-0.681917000,-2.641501781,-4.837614827,1.654082662,-0.566487220,1.854197241,-0.660457280,-0.008772781,0.176463173,-0.066787338,0.035804780,0.061614241,0.021459720
286,cal-20260717T104800Z,-34.018568,-10.481382,5.947817,-3.040042000,-4.453641000,1.463620000,-0.384854000,1.918146000,-0.718667000,-2.986277657,-4.214100160,1.333533747,-0.376958132,1.994031737,-0.724075317,0.053764343,0.239540840,-0.130086253,0.007895868,0.075885737,-0.005408317
287,cal-20260717T104800Z,-43.797437,-9.725838,4.968381,-3.202354000,-3.847266000,1.264557000,-0.204167000,2.126396000,-0.807479000,-3.135894877,-3.607019058,1.080309749,-0.159536906,2.189576011,-0.813997161,0.066459123,0.240246942,-0.184247251,0.044630094,0.063180011,-0.006518161
288,cal-20260717T104800Z,-54.118039,-9.621861,5.061656,-3.508604000,-2.855016000,0.854182000,0.025521000,2.135583000,-0.856479000,-3.309026471,-2.677097362,0.648712080,0.045622462,2.230221801,-0.846255292,0.199577529,0.177918638,-0.205469920,0.020101462,0.094638801,0.010223708
289,cal-20260717T104800Z,-63.944431,-9.411249,5.200616,-3.634167000,-1.881141000,0.376432000,0.203146000,2.114146000,-0.825854000,-3.322556595,-1.697930773,0.213843562,0.234128164,2.223660062,-0.863065825,0.311610405,0.183210227,-0.162588438,0.030982164,0.109514062,-0.037211825
290,cal-20260717T104800Z,56.438748,-10.194785,0.196349,2.527583000,-4.496516000,1.883182000,-1.377104000,-0.795229000,0.374646000,2.725624511,-4.445306880,1.822670207,-1.570006389,-0.808946503,0.291185665,0.198041511,0.051209120,-0.060511793,-0.192902389,-0.013717503,-0.083460335
291,cal-20260717T104800Z,45.581835,-10.352738,0.345982,1.863021000,-5.418328000,2.213932000,-1.423042000,-0.335854000,0.154146000,2.037710602,-5.464121931,2.223419155,-1.549260839,-0.296246924,0.105992587,0.174689602,-0.045793931,0.009487155,-0.126218839,0.039607076,-0.048153413
292,cal-20260717T104800Z,34.887534,-10.498017,0.466775,1.275021000,-6.144141000,2.363995000,-1.429167000,0.089833000,-0.041854000,1.296856796,-6.227689378,2.505641496,-1.468384036,0.201829418,-0.076967453,0.021835796,-0.083548378,0.141646496,-0.039217036,0.111996418,-0.035113453
293,cal-20260717T104800Z,26.055406,-10.579848,0.519408,0.693146000,-6.591266000,2.520182000,-1.309729000,0.463458000,-0.219479000,0.680536791,-6.670568689,2.653812536,-1.362386872,0.594348900,-0.223033961,-0.012609209,-0.079302689,0.133630536,-0.052657872,0.130890900,-0.003554961
294,cal-20260717T104800Z,15.959601,-10.672956,0.627207,0.059208000,-6.964891000,2.612057000,-1.181104000,0.895271000,-0.345042000,-0.026365690,-6.973654996,2.735829114,-1.202205678,1.002838812,-0.375545602,-0.085573690,-0.008763996,0.123772114,-0.021101678,0.107567812,-0.030503602
295,cal-20260717T104800Z,6.023911,-10.756609,0.762962,-0.586979000,-7.127203000,2.639620000,-1.049417000,1.238271000,-0.492042000,-0.706256605,-7.069431903,2.730072629,-1.015442996,1.352734719,-0.506635049,-0.119277605,0.057771097,0.090452629,0.033974004,0.114463719,-0.014593049
296,cal-20260717T104800Z,-4.140294,-10.799425,0.875428,-1.233167000,-7.139453000,2.547745000,-0.822792000,1.565958000,-0.635979000,-1.364856090,-6.969253206,2.641100584,-0.805963164,1.655128209,-0.620845000,-0.131689090,0.170199794,0.093355584,0.016828836,0.089170209,0.015134000
297,cal-20260717T104800Z,-14.141778,-10.822604,0.928833,-1.808917000,-6.903641000,2.446682000,-0.642104000,1.832396000,-0.688042000,-1.975189870,-6.694669210,2.479648321,-0.587681693,1.895550523,-0.713276682,-0.166272870,0.208971790,0.032966321,0.054422307,0.063154523,-0.025234682
298,cal-20260717T104800Z,-24.602331,-10.405101,0.272038,-2.323417000,-6.582078000,2.318057000,-0.403229000,2.046771000,-0.807479000,-2.425189719,-6.292503148,2.291295843,-0.335500077,2.153175481,-0.817015277,-0.101772719,0.289574852,-0.026761157,0.067728923,0.106404481,-0.009536277
299,cal-20260717T104800Z,-34.187489,-10.379892,0.390663,-2.874667000,-6.049203000,2.103682000,-0.161292000,2.172333000,-0.862604000,-2.938787931,-5.637491675,1.980856208,-0.122548065,2.265450312,-0.863114337,-0.064120931,0.411711325,-0.122825792,0.038743935,0.093117312,-0.000510337
300,cal-20260717T104800Z,-44.357278,-10.294924,0.474046,-3.481042000,-5.158016000,1.769870000,0.056146000,2.251958000,-0.880979000,-3.387604213,-4.746713658,1.574521760,0.098573227,2.332965917,-0.895509387,0.093437787,0.411302342,-0.195348240,0.042427227,0.081007917,-0.014530387
301,cal-20260717T104800Z,-54.149441,-10.229787,0.577716,-3.897542000,-4.147391000,1.380932000,0.258271000,2.239708000,-0.884042000,-3.712576661,-3.715436007,1.112430125,0.303695052,2.339754419,-0.907992149,0.184965339,0.431954993,-0.268501875,0.045424052,0.100046419,-0.023950149
302,cal-20260717T104800Z,-64.062512,-10.122127,0.636643,-4.212979000,-2.891766000,0.875620000,0.469583000,2.166208000,-0.859542000,-3.891289239,-2.548755758,0.603136990,0.506499261,2.297147896,-0.905492432,0.321689761,0.343010242,-0.272483010,0.036916261,0.130939896,-0.045950432
303,cal-20260717T104800Z,57.106345,-9.820178,-4.922731,3.743396000,-4.689453000,1.766807000,-1.603729000,-0.675792000,0.224583000,3.957087278,-4.385739088,1.514700786,-1.791509516,-0.635972669,0.154918663,0.213691278,0.303713912,-0.252106214,-0.187780516,0.039819331,-0.069664337
304,cal-20260717T104800Z,47.258954,-10.007098,-4.717815,3.176833000,-5.782766000,2.161870000,-1.585354000,-0.188854000,0.031646000,3.389507107,-5.652527739,2.051242566,-1.706312574,-0.126692385,-0.030708727,0.212674107,0.130238261,-0.110627434,-0.120958574,0.062161615,-0.062354727
305,cal-20260717T104800Z,37.523503,-10.135492,-4.551718,2.604146000,-6.716828000,2.461995000,-1.527167000,0.227646000,-0.155167000,2.710693033,-6.656457674,2.472629110,-1.573921876,0.361329193,-0.208948390,0.106547033,0.060370326,0.010634110,-0.046754876,0.133683193,-0.053781390
306,cal-20260717T104800Z,26.668140,-10.219847,-4.417498,1.853833000,-7.528391000,2.740682000,-1.383229000,0.781958000,-0.341979000,1.893284126,-7.469223761,2.808960725,-1.376850335,0.870793958,-0.394806193,0.039451126,0.059167239,0.068278725,0.006378665,0.088835958,-0.052827193
307,cal-20260717T104800Z,17.363157,-9.859499,-5.106886,1.446521000,-7.920391000,2.838682000,-1.184167000,1.250521000,-0.556354000,1.413248111,-7.897404596,2.963040891,-1.178448827,1.334000633,-0.573360078,-0.033272889,0.022986404,0.124358891,0.005718173,0.083479633,-0.017006078
308,cal-20260717T104800Z,7.468526,-9.933285,-5.042778,0.723771000,-8.306266000,3.010182000,-0.939167000,1.636396000,-0.669667000,0.665078604,-8.218761164,3.097193165,-0.922312603,1.701595392,-0.704255167,-0.058692396,0.087504836,0.087011165,0.016854397,0.065199392,-0.034588167
309,cal-20260717T104800Z,-2.634565,-9.897699,-4.958861,0.004083000,-8.468578000,3.077557000,-0.681917000,1.973271000,-0.786042000,-0.087843516,-8.273162685,3.125710088,-0.653414663,2.014421967,-0.813255491,-0.091926516,0.195415315,0.048153088,0.028502337,0.041150967,-0.027213491
310,cal-20260717T104800Z,-13.139285,-9.975288,-4.798788,-0.733979000,-8.407328000,3.120432000,-0.424667000,2.233583000,-0.893229000,-0.899678414,-8.137467576,3.069998290,-0.370812490,2.250008034,-0.892927085,-0.165699414,0.269860424,-0.050433710,0.053854510,0.016425034,0.000301915
311,cal-20260717T104800Z,-23.220249,-9.963044,-4.678404,-1.493479000,-8.137828000,2.951995000,-0.109229000,2.374458000,-0.982042000,-1.651337744,-7.753391808,2.913108992,-0.107630877,2.414470870,-0.947738727,-0.157858744,0.384436192,-0.038886008,0.001598123,0.040012870,0.034303273
312,cal-20260717T104800Z,-33.105200,-9.991897,-4.590685,-2.305042000,-7.592703000,2.759057000,0.138833000,2.472458000,-0.972854000,-2.378401713,-7.176812695,2.671433271,0.142262968,2.507722571,-0.978475236,-0.073359713,0.415890305,-0.087623729,0.003429968,0.035264571,-0.005621236
313,cal-20260717T104800Z,-42.863054,-9.967666,-4.481814,-3.073729000,-6.802578000,2.437495000,0.374646000,2.509208000,-1.000417000,-3.046792732,-6.348792209,2.326733112,0.374021845,2.544297866,-0.990633280,0.026936268,0.453785791,-0.110761888,-0.000624155,0.035089866,0.009783720
314,cal-20260717T104800Z,-53.051179,-9.847272,-4.324540,-3.817917000,-5.690891000,2.036307000,0.567583000,2.441833000,-0.975917000,-3.630755061,-5.207900495,1.855449546,0.599427683,2.530858824,-0.987407411,0.187161939,0.482990505,-0.180857454,0.031844683,0.089025824,-0.011490411
315,cal-20260717T104800Z,-62.442289,-9.683547,-4.265875,-4.369167000,-4.496516000,1.610620000,0.760521000,2.328521000,-0.902417000,-4.026621072,-3.999346492,1.359422387,0.802646535,2.471774569,-0.970471508,0.342545928,0.497169508,-0.251197613,0.042125535,0.143253569,-0.068054508
316,cal-20260717T104800Z,58.308403,-8.982039,-9.104306,4.600896000,-4.251516000,1.383995000,-1.799729000,-0.507354000,0.126583000,4.895841139,-3.687977061,0.889198762,-1.996060946,-0.498959186,0.026019441,0.294945139,0.563538939,-0.494796238,-0.196331946,0.008394814,-0.100563559
317,cal-20260717T104800Z,47.772286,-9.055182,-8.906030,4.169083000,-5.595953000,1.861745000,-1.723167000,0.034708000,-0.096979000,4.470559730,-5.266906774,1.577187697,-1.848263065,0.094448044,-0.189741983,0.301476730,0.329046226,-0.284557303,-0.125096065,0.059740044,-0.092762983
318,cal-20260717T104800Z,38.910794,-9.128277,-8.766484,3.651521000,-6.572891000,2.195557000,-1.640479000,0.478771000,-0.305229000,3.963845023,-6.397487940,2.079264792,-1.671700757,0.576661465,-0.363155305,0.312324023,0.175403060,-0.116292208,-0.031221757,0.097890465,-0.057926305
319,cal-20260717T104800Z,29.007356,-9.180366,-8.631347,2.965521000,-7.390578000,2.550807000,-1.416917000,1.005521000,-0.467542000,3.284848948,-7.395951687,2.534203911,-1.430821287,1.078049207,-0.540720313,0.319327948,-0.005373687,-0.016603089,-0.013904287,0.072528207,-0.073178313
320,cal-20260717T104800Z,18.397179,-9.231281,-8.404474,2.242771000,-8.061266000,2.826432000,-1.159667000,1.501646000,-0.635979000,2.457023771,-8.150156870,2.898233535,-1.137561018,1.546438858,-0.701082166,0.214252771,-0.088890870,0.071801535,0.022105982,0.044792858,-0.065103166
321,cal-20260717T104800Z,9.382208,-9.296101,-8.206643,1.663958000,-8.431828000,3.004057000,-0.899354000,1.878333000,-0.807479000,1.724388348,-8.566530345,3.111403367,-0.870998494,1.881428131,-0.812214417,0.060430348,-0.134702345,0.107346367,0.028355506,0.003095131,-0.004735417
322,cal-20260717T104800Z,-1.761528,-9.375084,-7.789661,0.864646000,-8.686016000,3.095932000,-0.599229000,2.206021000,-0.933042000,0.754686308,-8.763196973,3.247178170,-0.547152771,2.201450404,-0.912000040,-0.109959692,-0.077180973,0.151246170,0.052076229,-0.004570596,0.021041960
323,cal-20260717T104800Z,-11.938945,-9.732350,-7.222523,-0.044917000,-8.823828000,3.200057000,-0.247042000,2.389771000,-0.978979000,-0.225202560,-8.775068496,3.282543283,-0.265447280,2.374598980,-0.959218949,-0.180285560,0.048759504,0.082486283,-0.018405280,-0.015172020,0.019760051
324,cal-20260717T104800Z,-21.823787,-10.428597,-5.698838,-1.343417000,-8.646203000,3.120432000,-0.038792000,2.411208000,-0.951417000,-1.469147097,-8.355254389,3.117942568,-0.071167194,2.393084643,-0.947859769,-0.125730097,0.290948611,-0.002489432,-0.032375194,-0.018123357,0.003557231
325,cal-20260717T104800Z,-23.528540,-5.889283,-9.986257,0.261333000,-7.675391000,2.777432000,0.233771000,3.222771000,-1.217854000,0.058485091,-7.436979362,2.889502279,0.249829725,3.196728799,-1.254378689,-0.202847909,0.238411638,0.112070279,0.016058725,-0.026042201,-0.036524689
326,cal-20260717T104800Z,-22.102302,-10.347385,-6.421921,-1.181104000,-8.793203000,3.203120000,-0.011229000,2.460208000,-0.960604000,-1.327451867,-8.551645728,3.192052052,-0.018580674,2.436422367,-0.967677871,-0.146347867,0.241557272,-0.011067948,-0.007351674,-0.023785633,-0.007073871
327,cal-20260717T104800Z,-29.944970,-10.264297,-6.473271,-1.851792000,-8.395078000,3.010182000,0.190896000,2.469396000,-1.009604000,-1.922099662,-8.138158925,3.038888264,0.191813168,2.526538751,-0.994978796,-0.070307662,0.256919075,0.028706264,0.000917168,0.057142751,0.014625204
328,cal-20260717T104800Z,-41.350230,-7.763610,-8.169867,-1.824229000,-7.225203000,2.682495000,0.638021000,2.870583000,-1.095354000,-1.924936258,-6.915195069,2.708815688,0.624109703,2.940894945,-1.139273928,-0.100707258,0.310007931,0.026320688,-0.013911297,0.070311945,-0.043919928
329,cal-20260717T104800Z,-51.645572,-7.674410,-8.126800,-2.746042000,-6.364641000,2.477307000,0.895271000,2.846083000,-1.055542000,-2.662877785,-6.002245089,2.374238722,0.889829993,2.909211838,-1.122165942,0.083164215,0.362395911,-0.103068278,-0.005441007,0.063128838,-0.066623942
330,cal-20260717T104800Z,-60.408408,-7.581230,-8.103556,-3.428979000,-5.375453000,2.112870000,1.069833000,2.751146000,-1.012667000,-3.223398973,-5.037660584,2.007509695,1.102798843,2.827979100,-1.090817165,0.205580027,0.337792416,-0.105360305,0.032965843,0.076833100,-0.078150165
331,cal-grid-repair-01,19.799425,0.324651,-10.172869,2.365271000,-4.530203000,1.607557000,-1.971229000,2.398958000,-1.006542000,2.406017245,-4.407723961,1.511038524,-1.968431514,2.474483225,-1.063975678,0.040746245,0.122479039,-0.096518476,0.002797486,0.075525225,-0.057433678
332,cal-grid-repair-01,16.874119,-0.533385,10.240725,-0.152104000,-3.139828000,1.285995000,-1.710917000,0.445083000,0.028583000,-0.123622206,-3.208552662,1.371455293,-1.788170887,0.467013973,0.070185808,0.028481794,-0.068724662,0.085460293,-0.077253887,0.021930973,0.041602808
