pose_index,pose,sample,elapsed_s,S1_Bx,S1_By,S1_Bz,S2_Bx,S2_By,S2_Bz,S1_attempts,S1_frame_counter,S1_registers_hex,S2_attempts,S2_frame_counter,S2_registers_hex
0,home,0,5.085437,0.392000,-4.214000,1.862000,-1.862000,2.548000,-0.784000,1,0,00fd0110450356830800,1,0,fe01ff10da0859830400
0,home,1,5.118862,0.294000,-4.018000,1.666000,-1.764000,2.450000,-0.784000,1,1,00fd0114370155830800,1,1,fe01ff14e90859830400
0,home,2,5.152257,0.196000,-4.116000,1.568000,-1.568000,2.254000,-0.588000,1,2,00fd0118260054830800,1,2,ff01ff18070a5a830400
0,home,3,5.185650,0.196000,-4.116000,1.470000,-1.764000,2.450000,-0.686000,1,3,00fd001c260f55830800,1,3,fe01ff1ce9095a830400
0,home,4,5.219080,0.196000,-4.312000,1.764000,-1.666000,2.450000,-0.784000,1,0,00fd0110240255830800,1,0,fe01ff10f90859830400
0,home,5,5.252480,0.294000,-3.920000,1.764000,-1.470000,2.156000,-0.882000,1,1,00fd0114380255830800,1,1,ff01ff1416075b830400
0,home,6,5.285930,0.294000,-3.920000,1.666000,-1.666000,2.352000,-0.784000,1,2,00fd0118380156830800,1,2,fe01ff18f8085a830400
0,home,7,5.319359,0.196000,-4.018000,1.666000,-1.568000,2.352000,-0.784000,1,3,00fd011c270154830800,1,3,ff01ff1c08085a830400
0,home,8,5.352772,0.294000,-4.312000,1.666000,-1.666000,2.450000,-0.686000,1,0,00fd0110340154830800,1,0,fe01ff10f9095a830400
0,home,9,5.386164,0.196000,-4.214000,1.960000,-1.666000,2.156000,-0.980000,1,1,00fd0114250454830800,1,1,fe01ff14f6065a830400
0,home,10,5.419584,0.196000,-4.018000,1.666000,-1.470000,2.352000,-0.686000,1,2,00fd0118270154830800,1,2,ff01ff1818095a830400
0,home,11,5.452979,0.294000,-4.116000,1.764000,-1.764000,2.156000,-0.784000,1,3,00fd011c360254830800,1,3,fe01ff1ce6085b830400
0,home,12,5.486364,0.000000,-4.116000,1.470000,-1.666000,2.254000,-0.784000,1,0,00fd0010060f55830800,1,0,fe01ff10f70858830400
0,home,13,5.519785,0.196000,-4.116000,1.764000,-1.568000,2.450000,-0.686000,1,1,00fd0114260253830800,1,1,ff01ff1409095a830400
0,home,14,5.553178,0.294000,-4.312000,1.764000,-1.764000,2.254000,-0.980000,1,2,00fd0118340254830800,1,2,fe01ff18e7065a830400
0,home,15,5.586570,0.098000,-4.116000,1.470000,-1.666000,2.156000,-0.784000,1,3,00fd001c160f54830800,1,3,fe01ff1cf60859830400
0,home,16,5.619987,0.098000,-4.116000,1.568000,-1.764000,2.352000,-0.784000,1,0,00fd0110160056830800,1,0,fe01ff10e8085a830400
0,home,17,5.653378,0.294000,-4.214000,1.470000,-1.764000,2.352000,-0.686000,1,1,00fd0014350f54830800,1,1,fe01ff14e8095a830400
0,home,18,5.686787,0.000000,-4.214000,1.568000,-1.666000,2.254000,-0.882000,1,2,00fd0118050055830800,1,2,fe01ff18f7075b830400
0,home,19,5.720215,0.294000,-4.018000,1.666000,-1.764000,2.254000,-0.686000,1,3,00fd011c370156830800,1,3,fe01ff1ce7095a830400
0,home,20,5.753620,0.098000,-4.312000,1.764000,-1.568000,2.352000,-0.882000,1,0,00fd0110140253830800,1,0,ff01ff1008075a830400
0,home,21,5.787012,0.196000,-3.920000,1.764000,-1.764000,2.254000,-0.882000,1,1,00fd0114280255830800,1,1,fe01ff14e7075a830400
0,home,22,5.820430,0.196000,-4.018000,1.764000,-1.862000,2.352000,-0.882000,1,2,00fd0118270256830800,1,2,fe01ff18d80759830400
0,home,23,5.853968,0.294000,-3.920000,1.568000,-1.666000,2.254000,-0.686000,1,3,00fd011c380054830800,1,3,fe01ff1cf7095a830400
0,home,24,5.887483,0.196000,-4.116000,1.764000,-1.666000,2.450000,-0.588000,1,0,00fd0110260256830800,1,0,fe01ff10f90a5a830400
0,home,25,5.920920,0.196000,-3.920000,1.568000,-1.764000,2.156000,-0.784000,1,1,00fd0114280054830800,1,1,fe01ff14e60859830400
0,home,26,5.954308,0.294000,-4.116000,1.666000,-1.862000,2.254000,-0.882000,1,2,00fd0118360155830800,1,2,fe01ff18d7075a830400
0,home,27,5.987702,0.392000,-3.920000,1.568000,-1.764000,2.450000,-0.784000,1,3,00fd011c480054830800,1,3,fe01ff1ce9085a830400
0,home,28,6.021115,0.196000,-4.018000,1.666000,-1.568000,2.352000,-0.784000,1,0,00fd0110270156830800,1,0,ff01ff1008085b830400
0,home,29,6.054503,0.294000,-4.116000,1.764000,-1.666000,2.254000,-0.588000,1,1,00fd0114360254830800,1,1,fe01ff14f70a5a830400
0,home,30,6.087890,0.196000,-4.018000,1.764000,-1.764000,2.254000,-0.686000,1,2,00fd0118270254830800,1,2,fe01ff18e70959830400
0,home,31,6.121299,0.294000,-3.920000,1.764000,-1.764000,2.254000,-0.784000,1,3,00fd011c380254830800,1,3,fe01ff1ce70859830400
0,home,32,6.154688,0.196000,-3.822000,1.666000,-1.470000,2.450000,-0.686000,1,0,00fd0110290155830800,1,0,ff01ff1019095a830400
0,home,33,6.188085,0.294000,-4.018000,1.764000,-1.666000,2.352000,-0.686000,1,1,00fd0114370257830800,1,1,fe01ff14f8095a830400
0,home,34,6.221510,0.196000,-3.920000,1.764000,-1.862000,2.352000,-0.686000,1,2,00fd0118280255830800,1,2,fe01ff18d80959830400
0,home,35,6.254899,0.196000,-3.822000,1.666000,-1.764000,2.352000,-0.784000,1,3,00fd011c290156830800,1,3,fe01ff1ce8085a830400
0,home,36,6.288337,0.490000,-3.920000,1.862000,-1.568000,2.254000,-0.882000,1,0,00fd0110580355830800,1,0,ff01ff10070759830400
0,home,37,6.321751,0.196000,-3.920000,1.666000,-1.666000,2.254000,-0.882000,1,1,00fd0114280154830800,1,1,fe01ff14f7075a830400
0,home,38,6.355138,0.196000,-3.920000,1.960000,-1.764000,2.156000,-0.980000,1,2,00fd0118280454830800,1,2,fe01ff18e6065a830400
0,home,39,6.388529,0.392000,-4.214000,1.960000,-1.666000,2.254000,-0.784000,1,3,00fd011c450455830800,1,3,fe01ff1cf7085a830400
0,home,40,6.421936,0.196000,-4.116000,1.764000,-1.666000,2.352000,-0.686000,1,0,00fd0110260252830800,1,0,fe01ff10f8095a830400
0,home,41,6.455331,0.294000,-4.116000,1.862000,-1.666000,2.352000,-0.784000,1,1,00fd0114360354830800,1,1,fe01ff14f8085a830400
0,home,42,6.488782,0.392000,-3.920000,1.666000,-1.568000,2.352000,-0.882000,1,2,00fd0118480154830800,1,2,ff01ff18080758830400
0,home,43,6.522193,0.392000,-3.822000,1.568000,-1.568000,2.156000,-0.784000,1,3,00fd011c490053830800,1,3,ff01ff1c06085a830400
0,home,44,6.555593,0.196000,-4.116000,1.666000,-1.666000,2.352000,-0.784000,1,0,00fd0110260155830800,1,0,fe01ff10f8085a830400
0,home,45,6.588984,0.000000,-4.116000,1.470000,-1.764000,2.254000,-0.686000,1,1,00fd0014060f53830800,1,1,fe01ff14e70959830400
0,home,46,6.622392,0.196000,-4.116000,1.666000,-1.764000,2.450000,-0.686000,1,2,00fd0118260155830800,1,2,fe01ff18e9095a830400
0,home,47,6.655787,0.196000,-4.018000,1.568000,-1.666000,2.254000,-0.686000,1,3,00fd011c270055830800,1,3,fe01ff1cf70959830400
0,home,48,6.689192,0.294000,-4.116000,1.568000,-1.568000,2.352000,-0.686000,1,0,00fd0110360056830800,1,0,ff01ff1008095a830400
0,home,49,6.722611,0.294000,-4.214000,1.764000,-1.862000,2.352000,-0.882000,1,1,00fd0114350254830800,1,1,fe01ff14d80759830400
0,home,50,6.756005,0.098000,-4.116000,1.960000,-1.666000,2.254000,-0.784000,1,2,00fd0118160455830800,1,2,fe01ff18f7085b830400
0,home,51,6.789397,0.294000,-4.116000,1.666000,-1.764000,2.450000,-0.588000,1,3,00fd011c360157830800,1,3,fe01ff1ce90a5a830400
0,home,52,6.822808,0.098000,-4.116000,1.862000,-1.568000,2.254000,-0.686000,1,0,00fd0110160355830800,1,0,ff01ff10070959830400
0,home,53,6.856200,0.196000,-3.920000,1.568000,-1.568000,2.254000,-0.980000,1,1,00fd0114280055830800,1,1,ff01ff1407065a830400
0,home,54,6.889600,0.392000,-4.116000,1.764000,-1.764000,2.352000,-0.784000,1,2,00fd0118460255830800,1,2,fe01ff18e8085a830400
0,home,55,6.923011,0.000000,-4.116000,1.568000,-1.764000,2.352000,-0.784000,1,3,00fd011c060055830800,1,3,fe01ff1ce8085b830400
0,home,56,6.956405,0.098000,-4.018000,1.666000,-1.764000,2.254000,-0.784000,1,0,00fd0110170155830800,1,0,fe01ff10e70859830400
0,home,57,6.989804,0.196000,-4.116000,1.764000,-1.862000,2.450000,-0.784000,1,1,00fd0114260254830800,1,1,fe01ff14d9085b830400
0,home,58,7.023218,0.196000,-4.018000,1.666000,-1.862000,2.352000,-0.686000,1,2,00fd0118270155830800,1,2,fe01ff18d80959830400
0,home,59,7.056612,0.196000,-4.116000,1.764000,-1.666000,2.058000,-0.686000,1,3,00fd011c260257830800,1,3,fe01ff1cf5095a830400
0,home,60,7.090044,0.196000,-3.920000,1.666000,-1.666000,2.352000,-0.784000,1,0,00fd0110280152830800,1,0,fe01ff10f80859830400
0,home,61,7.123480,0.294000,-4.018000,1.764000,-1.764000,2.352000,-0.686000,1,1,00fd0114370253830800,1,1,fe01ff14e80959830400
0,home,62,7.156872,0.196000,-4.116000,1.862000,-1.764000,2.254000,-0.784000,1,2,00fd0118260354830800,1,2,fe01ff18e70859830400
0,home,63,7.190254,0.196000,-4.018000,1.764000,-1.764000,2.254000,-0.686000,1,3,00fd011c270255830800,1,3,fe01ff1ce70959830400
0,home,64,7.223668,0.098000,-4.116000,1.470000,-1.666000,2.352000,-0.784000,1,0,00fd0010160f54830800,1,0,fe01ff10f8085a830400
0,home,65,7.257067,0.294000,-4.018000,1.470000,-1.764000,2.058000,-0.784000,1,1,00fd0014370f54830800,1,1,fe01ff14e5085c830400
0,home,66,7.290493,0.098000,-3.822000,1.862000,-1.764000,2.156000,-0.686000,1,2,00fd0118190353830800,1,2,fe01ff18e6095a830400
0,home,67,7.323909,0.196000,-4.018000,1.666000,-1.666000,2.254000,-0.784000,1,3,00fd011c270155830800,1,3,fe01ff1cf7085a830400
0,home,68,7.357309,0.196000,-3.822000,1.764000,-1.666000,2.254000,-0.686000,1,0,00fd0110290255830800,1,0,fe01ff10f7095a830400
0,home,69,7.390726,0.196000,-4.116000,1.568000,-1.666000,2.254000,-0.686000,1,1,00fd0114260054830800,1,1,fe01ff14f7095b830400
0,home,70,7.424142,0.294000,-3.920000,1.470000,-1.666000,2.450000,-0.882000,1,2,00fd0018380f55830800,1,2,fe01ff18f9075a830400
0,home,71,7.457553,0.196000,-4.116000,1.764000,-1.568000,2.352000,-0.686000,1,3,00fd011c260256830800,1,3,ff01ff1c08095a830400
0,home,72,7.490944,0.196000,-4.214000,1.666000,-1.764000,2.352000,-0.784000,1,0,00fd0110250154830800,1,0,fe01ff10e8085a830400
0,home,73,7.524370,0.098000,-4.116000,1.764000,-1.666000,2.352000,-0.784000,1,1,00fd0114160252830800,1,1,fe01ff14f8085a830400
0,home,74,7.557764,0.098000,-3.626000,1.764000,-1.568000,2.156000,-0.784000,1,2,00fd01181b0255830800,1,2,ff01ff18060859830400
0,home,75,7.591162,0.294000,-4.116000,1.568000,-1.862000,2.352000,-0.588000,1,3,00fd011c360055830800,1,3,fe01ff1cd80a5a830400
0,home,76,7.624578,0.294000,-3.822000,1.666000,-1.666000,2.254000,-0.784000,1,0,00fd0110390156830800,1,0,fe01ff10f7085a830400
0,home,77,7.657967,0.294000,-4.018000,1.862000,-1.568000,2.548000,-0.784000,1,1,00fd0114370355830800,1,1,ff01ff140a085a830400
0,home,78,7.691455,0.196000,-4.018000,1.470000,-1.666000,2.352000,-0.784000,1,2,00fd0018270f54830800,1,2,fe01ff18f8085a830400
0,home,79,7.724879,0.098000,-4.116000,1.764000,-1.764000,2.352000,-0.686000,1,3,00fd011c160255830800,1,3,fe01ff1ce8095a830400
0,home,80,7.758265,0.098000,-3.920000,1.666000,-1.666000,2.254000,-0.784000,1,0,00fd0110180155830800,1,0,fe01ff10f70859830400
0,home,81,7.791659,0.098000,-4.214000,1.666000,-1.568000,2.156000,-0.784000,1,1,00fd0114150154830800,1,1,ff01ff1406085a830400
0,home,82,7.825069,0.196000,-4.116000,1.666000,-1.666000,2.156000,-0.784000,1,2,00fd0118260154830800,1,2,fe01ff18f6085a830400
0,home,83,7.858454,0.392000,-4.116000,1.666000,-1.764000,2.450000,-0.784000,1,3,00fd011c460154830800,1,3,fe01ff1ce90859830400
0,home,84,7.891864,0.392000,-4.214000,1.666000,-1.764000,2.254000,-0.686000,1,0,00fd0110450153830800,1,0,fe01ff10e7095a830400
0,home,85,7.925298,0.098000,-4.018000,1.764000,-1.470000,2.254000,-0.686000,1,1,00fd0114170255830800,1,1,ff01ff1417095a830400
0,home,86,7.958691,0.196000,-4.018000,1.666000,-1.764000,2.254000,-0.588000,1,2,00fd0118270155830800,1,2,fe01ff18e70a59830400
0,home,87,7.992087,0.000000,-3.920000,1.862000,-1.568000,2.254000,-0.686000,1,3,00fd011c080355830800,1,3,ff01ff1c07095a830400
0,home,88,8.025502,0.196000,-4.214000,1.764000,-1.666000,2.254000,-0.784000,1,0,00fd0110250254830800,1,0,fe01ff10f70859830400
0,home,89,8.058895,0.294000,-4.116000,1.470000,-1.764000,2.254000,-0.686000,1,1,00fd0014360f54830800,1,1,fe01ff14e7095a830400
0,home,90,8.092290,0.294000,-3.626000,1.764000,-1.764000,2.254000,-0.882000,1,2,00fd01183b0255830800,1,2,fe01ff18e7075a830400
0,home,91,8.125701,0.196000,-4.116000,1.470000,-1.666000,2.450000,-0.686000,1,3,00fd001c260f55830800,1,3,fe01ff1cf9095a830400
0,home,92,8.159101,0.294000,-4.116000,1.568000,-1.666000,2.254000,-0.784000,1,0,00fd0110360054830800,1,0,fe01ff10f7085b830400
0,home,93,8.192498,0.098000,-4.018000,1.764000,-1.568000,2.352000,-0.784000,1,1,00fd0114170253830800,1,1,ff01ff14080859830400
0,home,94,8.225903,0.196000,-4.116000,1.666000,-1.666000,2.156000,-0.784000,1,2,00fd0118260155830800,1,2,fe01ff18f60859830400
0,home,95,8.259296,0.098000,-3.920000,1.862000,-1.764000,2.352000,-0.784000,1,3,00fd011c180356830800,1,3,fe01ff1ce80859830400
0,home,96,8.292755,0.098000,-4.116000,1.666000,-1.862000,2.254000,-0.686000,1,0,00fd0110160154830800,1,0,fe01ff10d7095a830400
0,home,97,8.326164,0.196000,-3.920000,1.666000,-1.666000,2.352000,-0.784000,1,1,00fd0114280154830800,1,1,fe01ff14f8085a830400
0,home,98,8.359558,0.196000,-3.920000,1.862000,-1.764000,2.254000,-0.784000,1,2,00fd0118280354830800,1,2,fe01ff18e7085a830400
0,home,99,8.392953,0.196000,-4.116000,1.764000,-1.666000,2.352000,-0.588000,1,3,00fd011c260254830800,1,3,fe01ff1cf80a5b830400
0,home,100,8.426355,0.098000,-4.018000,1.666000,-1.568000,2.352000,-0.686000,1,0,00fd0110170154830800,1,0,ff01ff1008095a830400
0,home,101,8.459748,0.392000,-4.214000,1.666000,-1.862000,2.254000,-0.882000,1,1,00fd0114450155830800,1,1,fe01ff14d7075a830400
0,home,102,8.493134,0.392000,-4.312000,1.568000,-1.666000,2.254000,-0.686000,1,2,00fd0118440053830800,1,2,fe01ff18f70959830400
0,home,103,8.526553,0.098000,-4.116000,1.862000,-1.764000,2.450000,-0.784000,1,3,00fd011c160355830800,1,3,fe01ff1ce9085a830400
0,home,104,8.559943,0.196000,-4.018000,1.862000,-1.568000,2.352000,-0.686000,1,0,00fd0110270356830800,1,0,ff01ff1008095a830400
0,home,105,8.593333,0.196000,-3.724000,1.666000,-1.666000,2.156000,-0.686000,1,1,00fd01142a0154830800,1,1,fe01ff14f6095b830400
0,home,106,8.626751,0.294000,-4.018000,1.862000,-1.666000,2.548000,-0.686000,1,2,00fd0118370355830800,1,2,fe01ff18fa095a830400
0,home,107,8.660145,0.490000,-4.018000,1.666000,-1.764000,2.156000,-0.686000,1,3,00fd011c570154830800,1,3,fe01ff1ce60959830400
0,home,108,8.693584,0.294000,-4.214000,1.666000,-1.666000,2.254000,-0.686000,1,0,00fd0110350154830800,1,0,fe01ff10f7095a830400
0,home,109,8.727052,0.098000,-4.018000,1.666000,-1.568000,2.156000,-0.588000,1,1,00fd0114170155830800,1,1,ff01ff14060a5a830400
0,home,110,8.760447,0.294000,-4.214000,1.764000,-1.568000,2.254000,-0.882000,1,2,00fd0118350254830800,1,2,ff01ff1807075a830400
0,home,111,8.793852,0.196000,-4.018000,1.568000,-1.862000,2.450000,-0.686000,1,3,00fd011c270053830800,1,3,fe01ff1cd9095a830400
0,home,112,8.827262,0.098000,-4.116000,1.568000,-1.568000,2.352000,-0.882000,1,0,00fd0110160055830800,1,0,ff01ff1008075a830400
0,home,113,8.861219,0.098000,-4.214000,1.764000,-1.666000,2.254000,-0.686000,1,1,00fd0114150254830800,1,1,fe01ff14f7095a830400
0,home,114,8.894680,0.294000,-4.018000,1.568000,-1.764000,2.156000,-0.588000,1,2,00fd0118370054830800,1,2,fe01ff18e60a59830400
0,home,115,8.928103,0.196000,-4.116000,1.862000,-1.666000,2.352000,-0.686000,1,3,00fd011c260354830800,1,3,fe01ff1cf8095b830400
0,home,116,8.961493,0.392000,-4.116000,1.470000,-1.764000,2.254000,-0.686000,1,0,00fd0010460f55830800,1,0,fe01ff10e7095b830400
0,home,117,8.994884,0.294000,-3.920000,1.764000,-1.764000,2.254000,-0.686000,1,1,00fd0114380252830800,1,1,fe01ff14e70959830400
0,home,118,9.028306,0.098000,-4.116000,1.666000,-1.764000,2.352000,-0.686000,1,2,00fd0118160155830800,1,2,fe01ff18e80959830400
0,home,119,9.061702,0.196000,-4.018000,1.568000,-1.764000,2.156000,-0.686000,1,3,00fd011c270055830800,1,3,fe01ff1ce60959830400
0,home,120,9.095090,0.098000,-3.920000,1.470000,-1.764000,2.254000,-0.784000,1,0,00fd0010180f55830800,1,0,fe01ff10e7085a830400
0,home,121,9.128507,0.098000,-3.920000,1.666000,-1.666000,2.058000,-0.882000,1,1,00fd0114180154830800,1,1,fe01ff14f50759830400
0,home,122,9.161893,0.196000,-3.920000,1.666000,-1.764000,2.254000,-0.588000,1,2,00fd0118280152830800,1,2,fe01ff18e70a58830400
0,home,123,9.195280,0.294000,-4.116000,1.568000,-1.764000,2.156000,-0.686000,1,3,00fd011c360056830800,1,3,fe01ff1ce60959830400
0,home,124,9.228698,0.196000,-4.214000,1.568000,-1.862000,2.254000,-0.784000,1,0,00fd0110250053830800,1,0,fe01ff10d7085b830400
0,home,125,9.262086,0.098000,-4.312000,1.568000,-1.568000,2.352000,-0.882000,1,1,00fd0114140055830800,1,1,ff01ff1408075a830400
0,home,126,9.295496,0.196000,-3.920000,1.960000,-1.666000,2.254000,-0.784000,1,2,00fd0118280455830800,1,2,fe01ff18f7085b830400
0,home,127,9.328909,0.294000,-4.116000,1.862000,-1.666000,2.450000,-0.784000,1,3,00fd011c360355830800,1,3,fe01ff1cf9085a830400
1,yaw_plus_90,0,28.367564,2.254000,0.000000,0.000000,-0.686000,-2.842000,1.274000,1,1,01000014700055830800,1,1,fffe0014930d5a830400
1,yaw_plus_90,1,28.401082,2.156000,-0.294000,0.098000,-0.686000,-2.842000,1.176000,1,2,01ff00186d0155830800,1,2,fffe0018930c59830400
1,yaw_plus_90,2,28.434502,2.352000,-0.098000,-0.098000,-0.686000,-2.744000,1.176000,1,3,01ffff1c8f0f54830800,1,3,fffe001c940c59830400
1,yaw_plus_90,3,28.467901,2.156000,0.000000,0.098000,-0.980000,-2.842000,1.078000,1,0,01000010600153830800,1,0,fffe0010630b5a830400
1,yaw_plus_90,4,28.501291,2.058000,-0.196000,0.000000,-0.784000,-2.940000,1.274000,1,1,01ff00145e0054830800,1,1,fffe0014820d5a830400
1,yaw_plus_90,5,28.534703,2.254000,-0.196000,0.000000,-0.980000,-2.744000,0.980000,1,2,01ff00187e0055830800,1,2,fffe0018640a5a830400
1,yaw_plus_90,6,28.568095,2.156000,0.000000,0.294000,-0.784000,-2.744000,1.176000,1,3,0100001c600355830800,1,3,fffe001c840c5a830400
1,yaw_plus_90,7,28.601500,2.058000,-0.098000,0.196000,-0.980000,-2.940000,1.274000,1,0,01ff00105f0255830800,1,0,fffe0010620d5a830400
1,yaw_plus_90,8,28.634915,2.254000,0.000000,0.098000,-0.784000,-3.038000,1.274000,1,1,01000014700154830800,1,1,fffe0014810d5b830400
1,yaw_plus_90,9,28.668414,2.254000,-0.098000,0.294000,-0.784000,-2.842000,1.274000,1,2,01ff00187f0354830800,1,2,fffe0018830d5a830400
1,yaw_plus_90,10,28.701832,2.254000,0.098000,0.000000,-0.882000,-2.842000,1.176000,1,3,0100001c710054830800,1,3,fffe001c730c59830400
1,yaw_plus_90,11,28.735261,2.352000,0.000000,-0.098000,-0.784000,-2.940000,0.980000,1,0,0100ff10800f55830800,1,0,fffe0010820a5a830400
1,yaw_plus_90,12,28.768660,2.058000,-0.196000,0.196000,-0.588000,-2.842000,1.176000,1,1,01ff00145e0254830800,1,1,fffe0014a30c59830400
1,yaw_plus_90,13,28.802041,2.058000,-0.294000,0.000000,-0.882000,-2.940000,1.274000,1,2,01ff00185d0056830800,1,2,fffe0018720d5a830400
1,yaw_plus_90,14,28.835462,2.058000,-0.196000,0.196000,-0.686000,-2.842000,1.078000,1,3,01ff001c5e0255830800,1,3,fffe001c930b5a830400
1,yaw_plus_90,15,28.868859,2.156000,-0.294000,0.196000,-0.588000,-2.940000,0.980000,1,0,01ff00106d0256830800,1,0,fffe0010a20a5a830400
1,yaw_plus_90,16,28.902251,2.156000,-0.196000,0.196000,-0.784000,-2.842000,1.274000,1,1,01ff00146e0252830800,1,1,fffe0014830d5a830400
1,yaw_plus_90,17,28.935748,2.254000,-0.098000,0.098000,-0.784000,-2.940000,1.176000,1,2,01ff00187f0155830800,1,2,fffe0018820c59830400
1,yaw_plus_90,18,28.969148,2.156000,-0.098000,0.098000,-0.784000,-2.842000,1.274000,1,3,01ff001c6f0153830800,1,3,fffe001c830d5a830400
1,yaw_plus_90,19,29.002540,2.156000,-0.098000,0.098000,-0.784000,-2.646000,1.274000,1,0,01ff00106f0155830800,1,0,fffe0010850d5a830400
1,yaw_plus_90,20,29.035956,2.156000,0.000000,0.098000,-0.784000,-2.842000,1.176000,1,1,01000014600155830800,1,1,fffe0014830c5a830400
1,yaw_plus_90,21,29.069348,2.352000,-0.098000,0.098000,-0.784000,-2.842000,1.274000,1,2,01ff00188f0155830800,1,2,fffe0018830d59830400
1,yaw_plus_90,22,29.102736,2.156000,0.098000,0.294000,-0.882000,-2.744000,1.078000,1,3,0100001c610355830800,1,3,fffe001c740b59830400
1,yaw_plus_90,23,29.136155,2.156000,-0.196000,0.098000,-0.784000,-2.842000,1.274000,1,0,01ff00106e0157830800,1,0,fffe0010830d5a830400
1,yaw_plus_90,24,29.169548,2.548000,-0.196000,0.196000,-0.784000,-3.038000,1.078000,1,1,01ff0014ae0254830800,1,1,fffe0014810b5a830400
1,yaw_plus_90,25,29.202936,1.960000,-0.098000,0.098000,-0.686000,-3.038000,1.176000,1,2,01ff00184f0153830800,1,2,fffe0018910c5a830400
1,yaw_plus_90,26,29.236350,1.960000,-0.196000,0.098000,-0.882000,-2.744000,0.882000,1,3,01ff001c4e0153830800,1,3,fffe001c74095a830400
1,yaw_plus_90,27,29.269799,2.450000,-0.294000,-0.098000,-0.882000,-3.038000,1.176000,1,0,01ffff109d0f54830800,1,0,fffe0010710c5b830400
1,yaw_plus_90,28,29.303196,1.960000,0.000000,0.000000,-0.882000,-2.940000,1.176000,1,1,01000014400054830800,1,1,fffe0014720c5a830400
1,yaw_plus_90,29,29.336609,2.156000,-0.098000,0.098000,-0.686000,-2.940000,1.176000,1,2,01ff00186f0153830800,1,2,fffe0018920c59830400
1,yaw_plus_90,30,29.370008,2.156000,-0.294000,-0.098000,-0.686000,-2.940000,1.274000,1,3,01ffff1c6d0f54830800,1,3,fffe001c920d5b830400
1,yaw_plus_90,31,29.403405,2.352000,0.000000,-0.098000,-1.078000,-2.842000,1.176000,1,0,0100ff10800f55830800,1,0,fffe0010530c59830400
1,yaw_plus_90,32,29.436812,2.156000,0.000000,0.294000,-0.588000,-2.940000,1.078000,1,1,01000014600355830800,1,1,fffe0014a20b59830400
1,yaw_plus_90,33,29.470197,2.254000,-0.098000,0.000000,-0.784000,-2.744000,1.274000,1,2,01ff00187f0055830800,1,2,fffe0018840d5a830400
1,yaw_plus_90,34,29.503608,2.254000,-0.196000,0.098000,-0.784000,-2.744000,1.176000,1,3,01ff001c7e0156830800,1,3,fffe001c840c5a830400
1,yaw_plus_90,35,29.537022,2.352000,-0.098000,0.392000,-0.784000,-2.842000,1.274000,1,0,01ff00108f0453830800,1,0,fffe0010830d59830400
1,yaw_plus_90,36,29.570406,2.548000,-0.098000,0.098000,-0.686000,-2.842000,1.176000,1,1,01ff0014af0154830800,1,1,fffe0014930c59830400
1,yaw_plus_90,37,29.603803,2.254000,-0.098000,0.098000,-0.784000,-2.842000,1.176000,1,2,01ff00187f0154830800,1,2,fffe0018830c59830400
1,yaw_plus_90,38,29.637221,2.352000,0.000000,-0.098000,-0.980000,-2.744000,1.078000,1,3,0100ff1c800f53830800,1,3,fffe001c640b5a830400
1,yaw_plus_90,39,29.670654,2.352000,0.098000,0.196000,-0.686000,-2.842000,1.176000,1,0,01000010810253830800,1,0,fffe0010930c59830400
1,yaw_plus_90,40,29.704047,2.254000,0.000000,0.196000,-0.784000,-2.842000,1.274000,1,1,01000014700255830800,1,1,fffe0014830d5a830400
1,yaw_plus_90,41,29.737464,1.960000,-0.098000,0.392000,-0.784000,-2.842000,1.176000,1,2,01ff00184f0455830800,1,2,fffe0018830c59830400
1,yaw_plus_90,42,29.770869,2.254000,-0.098000,0.294000,-0.784000,-2.940000,0.882000,1,3,01ff001c7f0355830800,1,3,fffe001c820959830400
1,yaw_plus_90,43,29.804277,2.254000,-0.196000,0.294000,-0.882000,-3.038000,1.176000,1,0,01ff00107e0353830800,1,0,fffe0010710c59830400
1,yaw_plus_90,44,29.837693,2.254000,0.196000,-0.098000,-0.784000,-2.842000,1.176000,1,1,0100ff14720f54830800,1,1,fffe0014830c5a830400
1,yaw_plus_90,45,29.871158,2.058000,-0.098000,0.000000,-0.882000,-2.842000,1.274000,1,2,01ff00185f0053830800,1,2,fffe0018730d59830400
1,yaw_plus_90,46,29.904575,2.254000,-0.196000,0.098000,-0.784000,-3.038000,1.176000,1,3,01ff001c7e0154830800,1,3,fffe001c810c5a830400
1,yaw_plus_90,47,29.937981,2.352000,-0.098000,0.000000,-0.784000,-3.038000,1.176000,1,0,01ff00108f0054830800,1,0,fffe0010810c5a830400
1,yaw_plus_90,48,29.971376,2.254000,-0.196000,0.294000,-0.784000,-2.842000,1.274000,1,1,01ff00147e0355830800,1,1,fffe0014830d59830400
1,yaw_plus_90,49,30.004767,2.254000,-0.098000,0.000000,-0.686000,-3.038000,1.176000,1,2,01ff00187f0054830800,1,2,fffe0018910c5a830400
1,yaw_plus_90,50,30.038175,2.352000,0.000000,0.294000,-0.784000,-2.940000,1.274000,1,3,0100001c800353830800,1,3,fffe001c820d5a830400
1,yaw_plus_90,51,30.071575,2.156000,0.098000,0.196000,-0.784000,-2.744000,1.078000,1,0,01000010610258830800,1,0,fffe0010840b5a830400
1,yaw_plus_90,52,30.104991,2.254000,-0.294000,0.196000,-0.784000,-2.940000,1.078000,1,1,01ff00147d0256830800,1,1,fffe0014820b5a830400
1,yaw_plus_90,53,30.138384,2.156000,-0.098000,0.098000,-0.980000,-2.940000,1.274000,1,2,01ff00186f0153830800,1,2,fffe0018620d59830400
1,yaw_plus_90,54,30.171772,2.254000,-0.196000,0.196000,-0.784000,-2.646000,1.078000,1,3,01ff001c7e0255830800,1,3,fffe001c850b5a830400
1,yaw_plus_90,55,30.205165,2.058000,-0.294000,0.098000,-0.784000,-2.842000,1.176000,1,0,01ff00105d0155830800,1,0,fffe0010830c5a830400
1,yaw_plus_90,56,30.238555,2.254000,0.000000,0.098000,-0.686000,-3.038000,1.274000,1,1,01000014700156830800,1,1,fffe0014910d5a830400
1,yaw_plus_90,57,30.271964,2.058000,-0.392000,0.196000,-0.784000,-2.842000,1.274000,1,2,01ff00185c0255830800,1,2,fffe0018830d59830400
1,yaw_plus_90,58,30.305364,2.156000,0.000000,0.098000,-0.882000,-2.842000,1.078000,1,3,0100001c600154830800,1,3,fffe001c730b59830400
1,yaw_plus_90,59,30.338780,2.254000,-0.098000,0.000000,-0.882000,-2.940000,1.176000,1,0,01ff00107f0056830800,1,0,fffe0010720c59830400
1,yaw_plus_90,60,30.372174,2.548000,0.098000,0.098000,-0.784000,-2.744000,1.274000,1,1,01000014a10153830800,1,1,fffe0014840d59830400
1,yaw_plus_90,61,30.405584,2.352000,0.000000,0.000000,-0.686000,-2.940000,1.372000,1,2,01000018800055830800,1,2,fffe0018920e5a830400
1,yaw_plus_90,62,30.438979,2.254000,-0.196000,0.196000,-0.784000,-2.940000,1.176000,1,3,01ff001c7e0253830800,1,3,fffe001c820c5a830400
1,yaw_plus_90,63,30.472430,2.156000,-0.098000,0.196000,-0.980000,-2.940000,1.078000,1,0,01ff00106f0254830800,1,0,fffe0010620b5a830400
1,yaw_plus_90,64,30.505848,2.058000,-0.098000,-0.098000,-0.686000,-2.842000,1.176000,1,1,01ffff145f0f54830800,1,1,fffe0014930c58830400
1,yaw_plus_90,65,30.539243,2.254000,-0.196000,0.000000,-0.882000,-2.940000,1.372000,1,2,01ff00187e0054830800,1,2,fffe0018720e58830400
1,yaw_plus_90,66,30.572629,2.254000,0.098000,0.196000,-0.980000,-2.842000,1.176000,1,3,0100001c710254830800,1,3,fffe001c630c5a830400
1,yaw_plus_90,67,30.606010,2.352000,0.000000,0.196000,-0.784000,-3.038000,1.274000,1,0,01000010800254830800,1,0,fffe0010810d59830400
1,yaw_plus_90,68,30.639403,1.960000,-0.196000,0.196000,-0.882000,-2.646000,1.176000,1,1,01ff00144e0253830800,1,1,fffe0014750c5a830400
1,yaw_plus_90,69,30.672811,2.352000,-0.196000,0.098000,-0.784000,-2.940000,1.176000,1,2,01ff00188e0154830800,1,2,fffe0018820c5a830400
1,yaw_plus_90,70,30.706222,2.254000,-0.196000,0.098000,-0.490000,-2.744000,1.274000,1,3,01ff001c7e0154830800,1,3,fffe001cb40d5b830400
1,yaw_plus_90,71,30.739641,2.156000,-0.098000,0.196000,-0.784000,-2.744000,1.078000,1,0,01ff00106f0255830800,1,0,fffe0010840b5a830400
1,yaw_plus_90,72,30.773038,2.156000,-0.098000,0.000000,-0.980000,-3.038000,1.078000,1,1,01ff00146f0054830800,1,1,fffe0014610b59830400
1,yaw_plus_90,73,30.806425,2.254000,0.000000,0.098000,-0.882000,-3.038000,1.078000,1,2,01000018700155830800,1,2,fffe0018710b5b830400
1,yaw_plus_90,74,30.839826,2.156000,-0.294000,0.098000,-0.882000,-2.842000,1.274000,1,3,01ff001c6d0154830800,1,3,fffe001c730d5a830400
1,yaw_plus_90,75,30.873214,2.156000,-0.098000,0.196000,-0.980000,-2.842000,1.078000,1,0,01ff00106f0255830800,1,0,fffe0010630b5a830400
1,yaw_plus_90,76,30.906610,2.156000,-0.098000,0.196000,-0.588000,-3.038000,1.176000,1,1,01ff00146f0254830800,1,1,fffe0014a10c5b830400
1,yaw_plus_90,77,30.940000,2.254000,-0.098000,0.098000,-0.686000,-2.940000,1.176000,1,2,01ff00187f0153830800,1,2,fffe0018920c5b830400
1,yaw_plus_90,78,30.973399,2.156000,-0.294000,0.098000,-0.784000,-2.842000,1.176000,1,3,01ff001c6d0154830800,1,3,fffe001c830c5a830400
1,yaw_plus_90,79,31.006791,2.156000,-0.098000,0.098000,-0.882000,-2.940000,1.274000,1,0,01ff00106f0153830800,1,0,fffe0010720d5a830400
1,yaw_plus_90,80,31.040183,2.450000,-0.098000,0.000000,-0.882000,-2.744000,1.176000,1,1,01ff00149f0055830800,1,1,fffe0014740c5a830400
1,yaw_plus_90,81,31.073662,2.352000,0.000000,0.000000,-0.588000,-3.038000,1.274000,1,2,01000018800053830800,1,2,fffe0018a10d5a830400
1,yaw_plus_90,82,31.107064,2.254000,-0.098000,0.294000,-0.686000,-3.038000,1.274000,1,3,01ff001c7f0355830800,1,3,fffe001c910d5a830400
1,yaw_plus_90,83,31.140454,2.254000,-0.294000,0.098000,-0.784000,-2.744000,1.176000,1,0,01ff00107d0155830800,1,0,fffe0010840c59830400
1,yaw_plus_90,84,31.173840,2.254000,-0.196000,0.294000,-0.784000,-2.940000,1.176000,1,1,01ff00147e0354830800,1,1,fffe0014820c59830400
1,yaw_plus_90,85,31.207230,2.058000,-0.196000,-0.098000,-0.784000,-2.940000,1.078000,1,2,01ffff185e0f54830800,1,2,fffe0018820b5a830400
1,yaw_plus_90,86,31.240620,2.254000,-0.098000,-0.098000,-0.882000,-2.842000,1.176000,1,3,01ffff1c7f0f54830800,1,3,fffe001c730c59830400
1,yaw_plus_90,87,31.274001,2.058000,-0.294000,-0.098000,-0.784000,-2.940000,1.274000,1,0,01ffff105d0f55830800,1,0,fffe0010820d5b830400
1,yaw_plus_90,88,31.307389,2.058000,-0.196000,0.098000,-0.686000,-2.646000,1.078000,1,1,01ff00145e0154830800,1,1,fffe0014950b5a830400
1,yaw_plus_90,89,31.341198,2.254000,0.000000,0.098000,-0.784000,-2.940000,1.176000,1,2,01000018700157830800,1,2,fffe0018820c59830400
1,yaw_plus_90,90,31.374627,2.352000,-0.196000,-0.098000,-0.882000,-2.744000,1.176000,1,3,01ffff1c8e0f54830800,1,3,fffe001c740c5a830400
1,yaw_plus_90,91,31.408026,2.156000,0.098000,0.000000,-0.784000,-2.744000,1.274000,1,0,01000010610055830800,1,0,fffe0010840d5a830400
1,yaw_plus_90,92,31.441420,2.156000,-0.294000,0.196000,-0.784000,-2.940000,1.274000,1,1,01ff00146d0255830800,1,1,fffe0014820d5a830400
1,yaw_plus_90,93,31.474815,2.156000,-0.098000,0.196000,-0.784000,-2.842000,1.274000,1,2,01ff00186f0255830800,1,2,fffe0018830d59830400
1,yaw_plus_90,94,31.508202,2.352000,-0.196000,0.098000,-0.490000,-2.940000,1.274000,1,3,01ff001c8e0156830800,1,3,fffe001cb20d5a830400
1,yaw_plus_90,95,31.541602,2.254000,-0.294000,0.000000,-0.686000,-2.842000,1.176000,1,0,01ff00107d0056830800,1,0,fffe0010930c59830400
1,yaw_plus_90,96,31.574990,1.960000,-0.196000,0.196000,-0.882000,-3.038000,1.274000,1,1,01ff00144e0254830800,1,1,fffe0014710d5b830400
1,yaw_plus_90,97,31.608382,2.254000,-0.098000,0.196000,-0.686000,-2.842000,1.176000,1,2,01ff00187f0254830800,1,2,fffe0018930c5b830400
1,yaw_plus_90,98,31.641769,2.058000,0.000000,0.196000,-0.980000,-2.842000,1.176000,1,3,0100001c500254830800,1,3,fffe001c630c59830400
1,yaw_plus_90,99,31.675302,2.058000,0.098000,0.196000,-0.784000,-2.842000,1.176000,1,0,01000010510254830800,1,0,fffe0010830c59830400
1,yaw_plus_90,100,31.708726,2.254000,-0.294000,0.000000,-0.882000,-2.940000,1.274000,1,1,01ff00147d0057830800,1,1,fffe0014720d5a830400
1,yaw_plus_90,101,31.742118,2.254000,0.000000,0.098000,-0.686000,-3.038000,1.176000,1,2,01000018700155830800,1,2,fffe0018910c5a830400
1,yaw_plus_90,102,31.775535,2.156000,-0.196000,0.000000,-0.882000,-3.038000,1.274000,1,3,01ff001c6e0055830800,1,3,fffe001c710d5a830400
1,yaw_plus_90,103,31.808927,2.156000,-0.098000,0.000000,-0.784000,-3.038000,1.176000,1,0,01ff00106f0054830800,1,0,fffe0010810c5b830400
1,yaw_plus_90,104,31.842311,2.156000,0.000000,0.098000,-0.980000,-2.744000,1.078000,1,1,01000014600155830800,1,1,fffe0014640b59830400
1,yaw_plus_90,105,31.875701,1.960000,-0.196000,0.098000,-0.784000,-2.842000,1.176000,1,2,01ff00184e0154830800,1,2,fffe0018830c5b830400
1,yaw_plus_90,106,31.909102,2.058000,-0.098000,0.294000,-0.686000,-3.234000,1.274000,1,3,01ff001c5f0354830800,1,3,fffd001c9f0d59830400
1,yaw_plus_90,107,31.942486,1.960000,-0.196000,0.098000,-0.882000,-3.038000,1.176000,1,0,01ff00104e0155830800,1,0,fffe0010710c5a830400
1,yaw_plus_90,108,31.975875,2.352000,-0.196000,-0.098000,-0.588000,-2.940000,1.274000,1,1,01ffff148e0f55830800,1,1,fffe0014a20d5a830400
1,yaw_plus_90,109,32.009272,2.548000,-0.098000,0.294000,-0.588000,-2.940000,1.176000,1,2,01ff0018af0355830800,1,2,fffe0018a20c5a830400
1,yaw_plus_90,110,32.042664,2.058000,0.000000,0.196000,-0.686000,-2.842000,1.078000,1,3,0100001c500256830800,1,3,fffe001c930b5a830400
1,yaw_plus_90,111,32.076051,2.450000,-0.098000,0.000000,-0.882000,-2.842000,1.176000,1,0,01ff00109f0055830800,1,0,fffe0010730c59830400
1,yaw_plus_90,112,32.109434,2.058000,-0.098000,0.098000,-0.686000,-2.842000,1.176000,1,1,01ff00145f0154830800,1,1,fffe0014930c5a830400
1,yaw_plus_90,113,32.142823,2.058000,-0.196000,0.098000,-0.882000,-2.842000,1.274000,1,2,01ff00185e0155830800,1,2,fffe0018730d5a830400
1,yaw_plus_90,114,32.176209,2.156000,-0.196000,0.098000,-0.784000,-3.038000,1.176000,1,3,01ff001c6e0155830800,1,3,fffe001c810c5a830400
1,yaw_plus_90,115,32.209597,2.450000,0.000000,0.098000,-0.686000,-3.038000,1.176000,1,0,01000010900154830800,1,0,fffe0010910c59830400
1,yaw_plus_90,116,32.242986,2.254000,0.000000,0.294000,-0.882000,-2.842000,1.176000,1,1,01000014700355830800,1,1,fffe0014730c5a830400
1,yaw_plus_90,117,32.276451,2.058000,-0.294000,0.196000,-0.784000,-3.038000,1.176000,1,2,01ff00185d0256830800,1,2,fffe0018810c5a830400
1,yaw_plus_90,118,32.309844,2.352000,0.098000,0.196000,-0.882000,-2.744000,1.274000,1,3,0100001c810254830800,1,3,fffe001c740d5a830400
1,yaw_plus_90,119,32.343272,2.352000,-0.098000,0.196000,-0.882000,-2.842000,0.980000,1,0,01ff00108f0255830800,1,0,fffe0010730a5a830400
1,yaw_plus_90,120,32.376663,1.960000,-0.294000,0.098000,-0.882000,-2.940000,1.078000,1,1,01ff00144d0155830800,1,1,fffe0014720b59830400
1,yaw_plus_90,121,32.410078,2.058000,-0.098000,0.196000,-0.686000,-2.646000,1.176000,1,2,01ff00185f0252830800,1,2,fffe0018950c5a830400
1,yaw_plus_90,122,32.443476,2.156000,-0.392000,0.000000,-0.980000,-2.940000,1.274000,1,3,01ff001c6c0054830800,1,3,fffe001c620d59830400
1,yaw_plus_90,123,32.476863,2.254000,-0.098000,0.294000,-0.980000,-2.940000,1.274000,1,0,01ff00107f0355830800,1,0,fffe0010620d59830400
1,yaw_plus_90,124,32.510246,2.254000,0.000000,-0.098000,-0.882000,-2.940000,0.980000,1,1,0100ff14700f55830800,1,1,fffe0014720a59830400
1,yaw_plus_90,125,32.543634,2.352000,-0.098000,0.098000,-0.784000,-2.940000,1.274000,1,2,01ff00188f0154830800,1,2,fffe0018820d5a830400
1,yaw_plus_90,126,32.577021,2.254000,0.000000,0.098000,-0.882000,-2.842000,1.176000,1,3,0100001c700155830800,1,3,fffe001c730c59830400
1,yaw_plus_90,127,32.610414,2.058000,-0.294000,0.098000,-0.882000,-2.842000,1.078000,1,0,01ff00105d0154830800,1,0,fffe0010730b5b830400
