t_s,imu_yaw_deg,imu_pitch_deg,imu_roll_deg,S1_Bx_raw_mT,S1_By_raw_mT,S1_Bz_raw_mT,S2_Bx_raw_mT,S2_By_raw_mT,S2_Bz_raw_mT
0.06973145099982503,-0.0030844705920003435,0.07735191966456174,-1.1921583855459534,0.294,-4.312,1.862,-1.666,2.156,-0.686
0.11037805500018294,-0.0021937896338215523,0.079253517089581,-1.1914822403540388,0.294,-4.41,1.96,-1.568,2.254,-0.686
0.15917912000077195,-0.0026418420062270798,0.07951210217182614,-1.19111335867634,0.196,-4.312,1.568,-1.862,2.254,-0.686
0.22416581200013752,-0.0037896946077466964,0.0810063012994243,-1.1905415129306316,0.49,-4.312,1.666,-1.96,2.254,-0.784
0.30418311299945344,-0.003016603930234396,0.07915555534356397,-1.1877836300544653,0.392,-4.018,1.47,-1.666,2.254,-0.784
0.34241714299969317,-0.005367741169834517,0.0817895670507334,-1.1884205210284549,0.392,-4.214,1.568,-1.764,2.254,-0.882
0.38249326500044845,-0.0046207480076247975,0.08115790125916755,-1.1891818443594318,0.392,-4.214,1.764,-1.568,2.352,-0.784
0.4281532389995846,-0.0027037096835442753,0.0846392653748621,-1.187950753200171,0.392,-4.116,1.666,-1.666,2.352,-0.686
0.46830993500043405,-0.0026921014022320833,0.08883897192609058,-1.189026582891609,0.49,-4.214,1.764,-1.764,2.45,-0.784
0.5203936849993624,-0.004425941845397574,0.09355075075554367,-1.1915072734755014,0.294,-4.214,1.568,-1.666,2.352,-0.98
0.5567020680009591,-0.004920483866868608,0.09485602739673973,-1.1908765656600762,0.294,-4.214,1.862,-1.666,2.254,-0.882
0.5908984870002314,-0.006328767811140779,0.09542622922685098,-1.1914686021352907,0.392,-4.312,1.862,-1.666,2.45,-0.784
0.6273901290005597,-0.006486400307380791,0.09498308502478162,-1.191332005141563,0.49,-4.214,1.568,-1.666,2.254,-0.784
0.6625641410009848,0.016101847880435116,0.08162478424799574,-1.1765578822500293,0.49,-4.214,1.764,-1.666,2.254,-0.784
0.7013905229996453,0.01673544225369028,0.08057286748473726,-1.1752627347783842,0.49,-4.312,1.568,-1.666,2.254,-0.588
0.7409012759999314,0.015926595250135733,0.08230080121514047,-1.1755662873146142,0.49,-4.508,1.96,-1.47,2.45,-0.686
0.7774328989999049,0.015798399316992118,0.08001928027870489,-1.1770617135027435,0.392,-4.41,1.666,-1.666,2.254,-0.882
0.8197537430005468,0.015178361977575605,0.08114611519756423,-1.1758261811534798,0.392,-4.41,1.666,-1.764,2.352,-0.882
0.8665915120000136,0.014414763482733406,0.08168852079131125,-1.1770385328719946,0.49,-4.312,1.862,-1.666,2.45,-0.882
0.9172851889998128,0.012977562494029371,0.08242028463819842,-1.1775502722186308,0.294,-4.214,1.862,-1.666,2.156,-0.784
0.9700280870001734,0.014080232375704327,0.08272756758947467,-1.1777972061959596,0.392,-4.214,1.764,-1.666,2.156,-0.686
1.0204517260008288,0.016907574525077962,0.07786792118363342,-1.1812838661671181,0.392,-4.214,1.666,-1.568,2.254,-0.882
1.0662582730001304,0.014807982270156117,0.07496702060151925,-1.181474321987687,0.392,-4.214,1.666,-1.764,2.254,-0.882
1.1047731550006574,0.015119031704017516,0.07135002172016044,-1.1814669501538053,0.392,-4.312,1.862,-1.862,2.352,-0.686
1.1660591260006186,0.01343021666022537,0.06971874197060954,-1.181969875818259,0.392,-4.116,1.764,-1.764,2.156,-0.784
1.2129309690008085,0.011842268159341529,0.0696798956276305,-1.1830067048603858,0.392,-4.214,1.666,-1.666,2.352,-0.784
1.2505536480002775,0.011890784179058755,0.068224268392292,-1.1818466249069357,0.392,-4.018,1.568,-1.274,2.352,-0.882
1.2877706600011152,0.010038357312026847,0.06729819222374517,-1.182522034363302,0.49,-4.214,1.96,-1.764,2.156,-0.686
1.3248049680005352,0.00970400751182865,0.06846240049906861,-1.18241663586077,0.294,-4.508,1.666,-1.568,2.254,-0.686
1.3662913309999567,0.009119759691657237,0.06864570797510022,-1.1836529124736257,0.392,-4.312,1.862,-1.862,2.548,-0.882
1.411735581999892,0.009425899326146236,0.06863378528623332,-1.1852872975663706,0.49,-4.41,1.764,-1.666,2.352,-0.588
1.4525623530007579,0.009597880256279723,0.07081376248586267,-1.185119323583131,0.196,-4.41,1.47,-1.666,2.352,-0.686
1.4930345680004393,0.010132917289780607,0.07115399135866232,-1.1828526583082029,0.294,-4.116,1.666,-1.666,2.254,-0.784
1.5323769679998804,0.010801733099924604,0.07133237965184573,-1.182712233042691,0.294,-4.508,1.96,-1.862,2.156,-0.784
1.5809880340002564,0.01067439347022514,0.07267655015945942,-1.1832660959128563,0.294,-4.41,1.862,-1.666,2.352,-0.784
1.6395877640006802,0.012363298237801246,0.06942117657610744,-1.1840399080678514,0.392,-4.41,1.862,-1.666,2.156,-0.784
1.6744747390002885,0.014335857879927971,0.06989992257588264,-1.183865063844046,0.392,-4.116,1.666,-1.764,2.254,-0.686
1.7112397140008397,0.015238494224604437,0.07088664381383576,-1.183915850406759,0.49,-4.312,1.666,-1.666,2.254,-0.784
1.7554163179993338,0.016545010160058382,0.0725642937996721,-1.182625621455876,0.392,-4.312,1.764,-1.568,2.254,-0.686
1.794809995999458,0.01577572577136266,0.07212004711697326,-1.1840899920899022,0.49,-4.41,1.666,-1.568,2.254,-0.686
1.8434872649995668,0.01379148440585709,0.07286984927004472,-1.1841798130257997,0.588,-4.41,1.764,-1.568,2.352,-0.882
1.8786925919994246,0.013400052188160316,0.07315307722988024,-1.1827073445280751,0.392,-4.508,1.764,-1.568,2.254,-0.784
1.9264097870000114,0.013044064245661957,0.0735040175330586,-1.1829910592174382,0.294,-4.116,1.96,-1.764,2.254,-0.784
1.9675269649997063,0.014489794581407978,0.07182906142309496,-1.1816715971526979,0.098,-4.312,1.764,-1.764,2.352,-0.882
2.0028576439999597,0.014778594303720638,0.07107234544156897,-1.1808820599958758,0.49,-4.214,1.862,-1.666,2.254,-0.882
2.0369187489995966,0.015363524242104631,0.06831952998614474,-1.1814660812546904,0.49,-4.312,1.764,-1.666,2.254,-0.882
2.0712294280001515,0.014459590576024084,0.0708054680671335,-1.1797578128090347,0.588,-4.312,1.764,-1.666,2.254,-0.784
2.105061922000459,0.014260624632271401,0.06914007495278165,-1.1778712862086598,0.392,-4.116,1.96,-1.666,2.254,-0.784
2.1574224500000128,0.015399090511692748,0.0679373799070492,-1.1760898479043667,0.49,-4.214,1.862,-1.666,2.45,-0.784
2.191943407000508,0.015223166356776119,0.06687018274385037,-1.177566650506716,0.294,-4.312,1.666,-1.862,2.254,-0.784
2.229375234001054,0.015007104599959575,0.06682161574103472,-1.1772294394250662,0.588,-4.214,1.666,-1.666,2.254,-0.784
2.269224466999731,0.01500175599264253,0.06629590414562041,-1.1757239845679228,0.49,-4.41,1.862,-1.666,2.156,-0.882
2.307656737999423,0.014140821812048898,0.0658963251488799,-1.1737183371863393,0.49,-4.116,1.96,-1.666,2.254,-0.686
2.349890620000224,0.01570087029645606,0.06574459766405778,-1.1743437507902732,0.392,-4.214,1.862,-1.764,2.254,-0.784
2.3841617990001396,0.014805222119321115,0.06561906871891425,-1.17347065605456,0.49,-4.214,1.96,-1.666,2.254,-0.686
2.4239334220001183,0.01387123968251558,0.06684524787352067,-1.1718911896831716,0.294,-4.018,1.666,-1.764,2.254,-0.686
2.480740004000836,0.01365731045828511,0.06639863820246353,-1.1741112542429384,0.392,-4.116,1.764,-1.666,2.254,-0.882
2.5266530700009753,0.012315956454187926,0.06609709796012214,-1.1730667127079184,0.294,-4.312,1.862,-1.862,2.254,-0.686
2.560600026999964,0.011442535566573042,0.0673584766785092,-1.1726414971925088,0.784,-4.214,1.764,-1.666,2.254,-0.784
2.598590667999815,0.010175222539771767,0.06793718950203152,-1.1732549270770387,0.392,-4.214,1.764,-1.568,2.254,-0.686
2.6449311790001957,0.018106029409636903,0.08616300002191549,-1.1742374138638894,0.294,-4.116,1.96,-1.862,2.156,-0.784
2.6815522279994184,0.018439419422520587,0.08557272663459897,-1.1729696158022151,0.392,-4.214,1.862,-1.764,2.254,-0.588
2.716186870000456,0.02037155832363169,0.0852398620466105,-1.173479551841489,0.294,-4.214,1.47,-1.764,2.254,-0.784
2.7506739189993823,0.019951859734533173,0.08597539301325653,-1.1739343408396898,0.49,-4.018,1.764,-1.568,2.254,-0.98
2.7857377840009576,0.01968361771324112,0.08478526862682759,-1.1714420175157485,0.294,-4.41,1.96,-1.568,2.548,-0.686
2.8285297759994137,0.019845520825327867,0.0843499352834919,-1.1701022313350955,0.49,-4.214,1.568,-1.568,2.352,-0.784
2.8738546010008577,0.01855116049725325,0.08482175473628702,-1.1688557651665827,0.392,-4.116,1.764,-1.666,2.352,-0.882
2.9098496139995405,0.01883018095446687,0.08312355856175073,-1.1687401884522306,0.098,-4.116,1.666,-1.764,2.254,-0.882
2.9532827729999553,0.02010325382099154,0.08526334217408525,-1.1694452861465896,0.294,-4.41,1.96,-1.568,2.254,-0.686
2.9871828779996576,0.020531908643647512,0.08754085553885617,-1.1693986368798261,0.588,-4.312,1.862,-1.666,2.254,-0.98
3.021481056999619,0.02074876411145965,0.08812704503922136,-1.1670930433321451,0.294,-4.312,1.862,-1.764,2.254,-0.686
3.0553571620002913,0.021387264258180494,0.08848103046713043,-1.166160174360432,0.392,-4.214,1.862,-1.47,2.352,-0.686
3.0899196000009397,0.02091124275082734,0.08821838405160927,-1.1624973043363167,0.196,-4.214,1.862,-1.666,2.352,-0.784
3.124666113000785,0.02154877655974019,0.08710297929624612,-1.1627220131399845,0.392,-4.41,1.862,-1.568,2.156,-0.98
3.163319921000948,0.020915259622228177,0.08919341256823629,-1.1623104542841338,0.49,-4.214,1.96,-1.764,2.352,-0.686
3.2037627839999914,0.02122603343798346,0.08853036215348437,-1.1628987543745692,0.392,-4.116,1.568,-1.764,2.352,-0.686
3.249674906001019,0.021269950716003905,0.08856271521752275,-1.1607532049537646,0.49,-4.116,1.764,-1.568,2.156,-0.882
3.287307917000362,0.018629928656395123,0.09111551489844164,-1.1624270680973634,0.098,-4.018,1.862,-1.568,2.156,-0.882
3.321338874000503,0.018629928656395123,0.09111551489844164,-1.1624270680973634,0.49,-4.312,1.764,-1.862,2.254,-0.784
3.355693572000746,0.018731849659275213,0.09175069324986197,-1.161032598309163,0.588,-4.214,1.666,-1.568,2.254,-0.784
3.389541566000844,0.02016072583231221,0.0934584871593338,-1.1612292224779666,0.49,-4.214,1.764,-1.764,2.058,-0.686
3.425992133999898,0.021109817311526058,0.09305931754354661,-1.160204723300036,0.49,-4.214,1.666,-1.666,2.352,-0.686
3.4616594609997264,0.020231543376127092,0.09290014496342039,-1.1611239210234283,0.392,-4.41,1.764,-1.666,2.352,-0.784
3.495901047001098,0.019470137950293065,0.0910074530340692,-1.1604747586559294,0.392,-4.508,1.568,-1.666,2.254,-0.686
3.5300884669995867,0.018831807715002924,0.09060530941042125,-1.1607690550540377,0.49,-4.312,1.862,-1.666,2.254,-0.784
3.5749321450002753,0.01795474906109007,0.09228498097527628,-1.1619541160962972,0.294,-4.214,2.058,-1.568,2.352,-0.686
3.609715452999808,0.01731317657350928,0.08930376849868289,-1.1594842312588711,0.588,-4.214,1.666,-1.666,2.352,-0.784
3.6455739840002934,0.017573266045616265,0.08957085106094559,-1.1579655113611438,0.49,-4.214,1.666,-1.666,2.45,-0.784
3.6798389779996796,0.018857208276529036,0.08710321876317377,-1.1570881524967103,0.294,-4.41,1.862,-1.568,2.156,-0.686
3.714401323999482,0.01753407958338471,0.0866789369136807,-1.1580339236153845,0.49,-4.508,1.568,-1.764,2.548,-0.784
3.7491756140007055,0.019044308144913202,0.08443295505208716,-1.1574843876005247,0.392,-4.41,1.666,-1.568,2.254,-0.882
3.7930634950007516,0.018468911876027505,0.08666530822565727,-1.1567989931605147,0.294,-4.116,1.764,-1.764,2.45,-0.882
3.8274630079995404,0.019044419613777563,0.08750638408028949,-1.1561780577724654,0.196,-4.312,1.666,-1.568,2.254,-0.686
3.8617505759993946,0.016805683345438638,0.08592806010036798,-1.1575412533557152,0.49,-4.41,1.764,-1.764,2.45,-0.686
3.90990886399959,0.01843671296145999,0.08736120821307072,-1.1560736932733897,0.49,-4.116,1.862,-1.764,2.352,-0.784
3.9461016719997133,0.017473858127090125,0.08814322321580388,-1.156697392085655,0.392,-4.41,1.568,-1.666,2.352,-0.882
3.9796908879998227,0.01646860623523594,0.08761887877135209,-1.1562490902201747,0.294,-4.214,1.666,-1.862,2.352,-0.882
4.013762771000984,0.01667920907465259,0.08972332026803236,-1.156834850104692,0.49,-4.312,1.666,-1.764,2.254,-0.784
4.048234358000627,0.016782703549210964,0.089103571580066,-1.1583172592493847,0.294,-4.214,1.666,-1.666,2.254,-0.882
4.085427185000299,0.01708804104879391,0.09040603658024866,-1.1585024410013425,0.49,-4.018,1.764,-1.568,2.254,-0.882
4.130104084000777,0.01731111249142714,0.09036633847148658,-1.1584745966595094,0.392,-4.116,1.862,-1.666,2.254,-0.784
4.1694937070005835,0.016450114681987316,0.09094069960569204,-1.1579835092938164,0.392,-4.41,1.862,-1.47,2.45,-0.882
4.22111899400079,0.015457355953259366,0.08835228820475557,-1.1586621403362816,0.392,-4.312,1.764,-1.96,2.45,-0.882
4.258301247000418,0.016591925361666426,0.08881497440930346,-1.1599965724932202,0.392,-4.214,1.862,-1.666,2.352,-0.882
4.303176090999841,0.017384571384496894,0.08827215974891503,-1.1598205802826929,0.392,-4.312,1.666,-1.666,2.254,-0.588
4.340403510001124,0.01740015978197107,0.08869580984214723,-1.1595773663279607,0.294,-4.508,1.666,-1.666,2.352,-0.882
4.377042430000074,0.017031014494421015,0.08935898175667095,-1.1597772125161463,0.49,-4.312,1.568,-1.764,2.156,-0.784
4.421155199999703,0.01712733470529315,0.09231976366897689,-1.1581833037110636,0.294,-4.214,1.764,-1.862,2.254,-0.686
4.455991249000363,0.017585971299041603,0.0931905486457453,-1.1594211577646378,0.392,-4.214,1.96,-1.666,2.352,-0.784
4.49023113200019,0.017654587740452143,0.09262461329962965,-1.158751579955045,0.392,-4.214,1.862,-1.764,2.45,-0.686
4.532466569000462,0.01536230071923228,0.09229323183677994,-1.160078418285051,0.392,-4.508,1.862,-1.666,2.352,-0.784
4.567823063000105,0.014426468129499881,0.09501792980259745,-1.1629402126753121,0.49,-4.018,1.764,-1.666,2.352,-0.686
4.6072015930003545,0.014505727607058816,0.09737686186249507,-1.162185133247127,0.392,-4.41,1.764,-1.568,2.352,-0.882
4.655764676999752,0.014848654480147161,0.10243857167192558,-1.1601038107590307,0.196,-4.116,1.666,-1.372,2.254,-0.784
4.691675116000624,0.02262147990830954,0.10334132885156329,-1.1719639082720528,0.49,-4.116,1.666,-1.666,2.254,-0.686
4.739697848001015,0.024140182759168738,0.11077615070246959,-1.1695898940740552,0.294,-4.214,1.568,-1.862,2.254,-0.686
4.7751794529995095,0.02389938534781777,0.11880271688699404,-1.1682302806353122,0.392,-4.312,1.862,-1.862,2.352,-0.588
4.809101001999807,0.023604991186147117,0.12331784220452911,-1.1668314529671215,0.49,-4.214,1.666,-1.666,2.352,-0.882
4.843549830000484,0.021905279806162525,0.12539906419802768,-1.1665061653788031,0.588,-4.214,1.862,-1.666,2.254,-0.686
4.89869870900111,0.020299138649193083,0.12788926625661312,-1.1631226546636275,0.49,-4.312,1.666,-1.862,2.254,-0.882
4.935151405999932,0.021678363410813972,0.12713344530115991,-1.1646835814262466,0.392,-4.312,1.666,-1.666,2.156,-0.686
4.969055400000798,0.0229663204624444,0.1262513974366268,-1.1659419237144257,0.294,-4.41,1.862,-1.764,2.352,-0.686
5.0094791339997755,0.023316917298501494,0.12603006217774917,-1.1683760898498425,0.392,-4.41,1.764,-1.568,2.254,-0.686
5.043743480000558,0.02238564532598275,0.12561765120245957,-1.1692934021659218,0.392,-4.41,1.764,-1.764,2.254,-0.784
5.07822662199942,0.02143669079958954,0.12353816975888217,-1.169198324283154,0.196,-4.312,1.666,-1.764,2.548,-0.882
5.112035135000042,0.020535542724729794,0.12368977600960723,-1.1697245318556022,0.588,-4.312,1.764,-1.764,2.254,-0.686
5.146450813999763,0.021713313342047513,0.12729903687906605,-1.1706918943031581,0.392,-4.41,1.666,-1.568,2.254,-0.784
5.181439289000991,0.02018831433406376,0.13094589649730518,-1.1724410701643098,0.392,-4.214,1.96,-1.764,2.352,-0.686
5.216008523999335,0.0202562455091595,0.13176143298900383,-1.173036042190713,0.49,-4.116,1.764,-1.568,2.156,-0.686
5.250810518000435,0.021138242611186797,0.13230078574398688,-1.1704893649139834,0.49,-4.018,1.568,-1.764,2.352,-0.98
5.2891042699993704,0.02106158058739993,0.13101263855054843,-1.1708358399772694,0.392,-4.312,1.666,-1.666,2.352,-0.686
5.323589245999756,0.019344925475536456,0.13242559125966802,-1.168670257932447,0.686,-4.312,1.764,-1.666,2.254,-0.686
5.357412388000739,0.020442001747596805,0.13358186122234453,-1.1666224756883117,0.392,-4.116,1.666,-1.764,2.352,-0.98
5.391251512000963,0.019800789014027487,0.1348444587371707,-1.164544013043983,0.294,-4.312,1.764,-1.666,2.254,-0.784
5.436543152000013,0.019143666429783934,0.13589115426008813,-1.162847173581602,0.588,-4.312,1.666,-1.666,2.254,-0.784
5.479695256000923,0.020474897927982738,0.13707592099894061,-1.1635329419551255,0.588,-4.214,1.764,-1.666,2.352,-0.784
5.514430342000196,0.020848154589998558,0.13750111716508998,-1.161632645958365,0.588,-4.312,1.764,-1.568,2.254,-0.784
5.560986370999672,0.02129866072775144,0.1376236021356731,-1.1587664987986759,0.392,-4.41,1.666,-1.568,2.254,-0.784
5.595080125000095,0.021457373579920613,0.13733594059811574,-1.159510615934046,0.49,-4.214,1.764,-1.666,2.45,-0.686
5.631142932999865,0.02106670208797823,0.1357399106280839,-1.1587358265525878,0.588,-4.312,1.666,-1.568,2.352,-0.784
5.667956241000866,0.021344635796253897,0.13664110386785214,-1.159191057141965,0.49,-4.508,1.666,-1.764,2.254,-0.784
5.703694587000427,0.02090075016621995,0.13887981357146673,-1.163725077033901,0.392,-4.41,1.568,-1.666,2.254,-0.686
5.741569043999334,0.01960672073147407,0.1437832953774478,-1.165863700007056,0.49,-4.116,1.568,-1.862,2.352,-0.784
5.776308426000469,0.021197978003272056,0.14474510122135317,-1.1656552139935665,0.392,-4.214,1.666,-1.764,2.45,-0.686
5.810944975999519,0.021048170748997563,0.14892728632984686,-1.1681683555138809,0.392,-4.214,1.666,-1.666,2.352,-0.784
5.845052914000917,0.02174757811488348,0.15050570110538608,-1.1702447985124735,0.294,-4.116,1.764,-1.764,2.352,-0.784
5.881274871000642,0.021126206208663234,0.15265046617747074,-1.1699653393535916,0.49,-4.41,1.666,-1.96,2.352,-0.784
5.915099420999468,0.015551244256471364,0.1561690277319813,-1.1581388497481107,0.392,-4.41,1.764,-1.764,2.254,-0.588
5.9489599150001595,0.008361703802535203,0.15070724287845533,-1.146092337371818,0.392,-4.214,1.764,-1.568,2.156,-0.882
5.995204258999365,0.015109136282546842,0.16079071958847388,-1.1650435960125205,0.49,-4.214,1.666,-1.666,2.254,-0.784
6.039172287999463,0.018829613704326675,0.14934661570596894,-1.1684304809179393,0.392,-4.214,1.764,-1.568,2.254,-0.686
6.074744412000655,0.01695747666059333,0.1496413988471109,-1.1642983009560344,0.196,-4.312,1.862,-1.568,2.352,-0.686
6.110300256999835,0.015451751176499329,0.14082435780425342,-1.1580144032188175,0.392,-4.116,1.666,-1.764,2.254,-0.784
6.144470399000056,0.015287551348535544,0.1452111279342131,-1.1570888525920109,0.49,-4.214,1.666,-1.568,2.254,-0.98
6.178628355999535,0.01730336601684712,0.1489120681402179,-1.1634028961957708,0.49,-4.312,1.764,-1.764,2.352,-0.882
6.213284276000195,0.018043981084559846,0.1503333800234565,-1.1623081211309176,0.49,-4.116,1.568,-1.47,2.254,-0.784
6.251873381001133,0.018956256503656732,0.1499373765940661,-1.160317015213785,0.392,-4.116,1.666,-1.764,2.254,-0.784
6.297481984000115,0.014245379783687895,0.1452458382175228,-1.1450055377759556,0.196,-4.214,1.764,-1.666,2.254,-0.686
6.332428941001126,-0.01965523881727904,0.13502412928944268,-1.151579990561532,0.588,-4.312,1.666,-1.568,2.254,-0.784
6.378996618001111,-0.020314531876010733,0.1329313523281319,-1.147432481137081,0.686,-4.214,1.96,-1.666,2.254,-0.784
6.413317648999509,-0.021322760799137086,0.13945446667547579,-1.1555824584253953,0.294,-4.214,1.764,-1.862,2.352,-0.686
6.447346310000285,-0.020843342516968733,0.1510907998145728,-1.1646757713680214,0.392,-4.312,1.666,-1.764,2.058,-0.784
6.4812445450006635,-0.020843342516968733,0.1510907998145728,-1.1646757713680214,0.294,-4.116,1.666,-1.568,2.45,-0.784
6.52001855600065,-0.02139130276685819,0.17263888951980272,-1.1706303122350188,0.294,-4.312,1.764,-1.666,2.352,-0.882
6.573508825000317,-0.02413929342341703,0.1546349634531305,-1.140304309811454,0.294,-4.312,1.666,-1.764,2.254,-0.882
6.610165967000285,-0.032245885270555164,0.153792380608765,-1.1342066214181532,0.49,-4.312,1.666,-1.764,2.254,-0.882
6.648946479001097,-0.042440424304771796,0.16471482547312719,-1.1471984626738168,0.49,-4.116,1.764,-1.666,2.352,-0.784
6.69338536000032,-0.05337584264123052,0.11344793555964912,-1.0639561106951145,0.49,-4.116,1.568,-1.764,2.352,-0.784
6.730241446000946,-0.0465558533677779,0.10898749798841396,-1.0778164627449163,0.588,-4.312,1.764,-1.666,2.156,-0.686
6.764042643999346,-0.01462052887799814,0.14357446247880007,-1.1048826703363643,0.392,-4.312,1.666,-1.666,2.352,-0.784
6.803310915000111,-0.0002401740631796656,0.13005080904282867,-1.1101336386690142,0.392,-4.312,1.666,-1.764,2.254,-0.784
6.8504381100010505,0.008586383138379006,0.13399072576386806,-1.137065734590221,0.392,-4.214,2.058,-1.764,2.254,-0.686
6.893782232000376,0.029710148452892327,0.16458607245924095,-1.1620007167220707,0.196,-4.214,1.764,-1.568,2.352,-0.686
6.929314725999575,0.05540803089317592,0.14926636164888757,-1.1381431614095263,0.392,-4.312,1.862,-1.666,2.254,-0.784
6.963599646000148,0.059390459274510476,0.15679658744553662,-1.1226396694418423,0.49,-4.312,1.372,-1.764,2.254,-0.686
6.997548233000998,0.06217957742398994,0.18662974682305936,-1.145530350006106,0.294,-4.312,1.96,-1.666,2.352,-0.784
7.031458023000596,0.05614906100117878,0.18750211068015255,-1.158639449699832,0.49,-4.116,1.862,-1.666,2.254,-0.784
7.074786663999475,0.043602150791542726,0.18790220230051405,-1.1577164634865036,0.196,-4.312,1.862,-1.666,2.254,-0.686
7.1269546919993445,0.027562716580604274,0.2129419206283921,-1.1603301352247508,0.294,-4.214,1.862,-1.568,2.156,-0.686
7.161487667999609,0.028740514091708746,0.2164380006652983,-1.1516905979821443,0.392,-4.312,1.862,-1.666,2.352,-0.882
7.195196050999584,0.03278518201196334,0.19758150262298166,-1.1521965895433832,0.294,-4.214,1.764,-1.666,2.254,-0.882
7.229270544999963,0.03417576177545811,0.17980841587171553,-1.1604158664573876,0.686,-4.312,1.764,-1.666,2.156,-0.882
7.263097761000608,0.03437302350030791,0.17793692168949365,-1.1537015556243857,0.392,-4.41,1.862,-1.568,2.156,-0.784
7.297238606999599,0.0352183363999643,0.1839552333697756,-1.154690254338208,0.392,-4.312,1.764,-1.862,2.254,-0.882
7.341738876999443,0.03298755610040871,0.1770989709597964,-1.1430255928015371,0.392,-4.214,1.666,-1.666,2.352,-0.686
7.3896730540000135,0.03215914397341635,0.1756309601128017,-1.1308014383117504,0.588,-4.214,1.568,-1.764,2.254,-0.784
7.423897863000093,0.02388096602163614,0.18617014592673994,-1.1266293598476875,0.392,-4.41,1.764,-1.764,2.254,-0.686
7.4579268760007835,0.022561160609228637,0.16100203611295164,-1.131439587524924,0.196,-4.312,1.862,-1.862,2.156,-0.686
7.491874536000978,0.023082512518499243,0.15383102572437427,-1.1498984466959166,0.392,-4.41,1.96,-1.666,2.548,-0.98
7.525705382000524,0.022471630437081558,0.16115682805232578,-1.1579560467229097,0.49,-4.41,1.764,-1.764,2.352,-0.784
7.559616451000693,0.022475881724545843,0.17420091510536842,-1.1594829005709595,0.49,-4.312,1.666,-1.666,2.45,-0.686
7.605412961000184,0.029482335847774266,0.1422584321372885,-1.1917434861790608,0.392,-4.214,1.47,-1.666,2.156,-0.686
7.656128082000578,0.028051347688574424,0.14601821936506967,-1.2002984708293254,0.294,-4.41,1.764,-1.666,2.352,-0.784
7.697976908000783,0.02814298695460593,0.14622737336534203,-1.200982757668638,0.196,-4.214,1.568,-1.666,2.352,-0.882
7.733028198999818,0.027607328262405417,0.1280030927814702,-1.2064813291980272,0.49,-4.214,1.666,-1.764,2.254,-0.784
7.767070304000299,0.023759395515895676,0.10081184724320812,-1.227603999924228,0.294,-4.41,1.666,-1.568,2.45,-0.784
7.800754613001118,0.022511601288158545,0.0958259655440801,-1.233705463799861,0.392,-4.508,1.764,-1.47,2.352,-0.686
7.834767792001003,0.021306016547555373,0.08026648021821363,-1.2357371412195104,0.098,-4.312,1.764,-1.764,2.352,-0.686
7.871932415000629,-0.016322422835429506,-0.07592835317631531,-1.3207545931503462,0.49,-4.41,1.764,-1.568,2.254,-0.882
7.913110945000881,-0.19293294854580267,-0.8979094910788575,-1.9364511874268926,0.49,-4.508,1.862,-1.666,2.352,-0.784
7.9536149199993815,-0.2277247967484186,-1.0824437907102178,-1.9935971413373077,0.49,-4.704,1.96,-1.568,2.45,-0.784
7.9928851170006965,-0.26992363334548486,-1.2857467327038898,-2.0134857421135113,0.392,-4.802,2.058,-1.372,2.254,-0.784
8.027077703000032,-0.3366735141608501,-1.6029714501169585,-2.0383707552623718,0.49,-4.9,1.862,-1.568,2.254,-0.784
8.060856956999487,-0.3998040520461359,-1.900595101229934,-2.0756062062638123,0.294,-4.802,1.764,-1.274,2.254,-0.882
8.095382118000998,-0.4437506143465555,-2.140295237486487,-2.1077039751031177,0.392,-4.9,1.96,-1.372,2.254,-0.882
8.136092740000095,-0.503766564400479,-2.403192485647418,-2.1526985005180825,0.392,-4.998,2.058,-1.372,2.156,-0.784
8.175920900001074,-0.5880831882231803,-2.6763107749281634,-2.2028546001710145,0.49,-5.096,2.058,-1.372,2.058,-0.686
8.211830153000847,-0.6336967005531733,-2.864068501025793,-2.2443410171801945,0.49,-5.194,2.254,-1.274,2.156,-0.686
8.249329091000618,-0.703405244156329,-3.1027231257903884,-2.385121325750846,0.294,-5.096,1.862,-1.274,2.156,-0.882
8.283425289000661,-0.7365002959518279,-3.2309284189705965,-2.4709953467988215,0.294,-4.998,2.058,-1.47,2.058,-0.98
8.317450709000695,-0.7365002959518279,-3.2309284189705965,-2.4709953467988215,0.294,-5.292,2.156,-1.274,2.058,-0.882
8.351836111000011,-0.8378844587444689,-3.5933150531300835,-2.785750795040853,0.392,-5.586,1.96,-1.372,2.058,-0.686
8.394167399999787,-0.8646673334951345,-3.6935326507042068,-2.865062548587756,0.294,-5.488,1.96,-1.078,2.156,-0.882
8.428416189999552,-0.9013835746023346,-3.875319030024169,-3.0458795750148724,0.294,-5.39,2.058,-1.078,2.156,-0.882
8.470940331000747,-0.9414915653044034,-4.166683852906965,-3.3278681379174415,0.49,-5.586,2.254,-1.274,2.058,-0.784
8.508663546001117,-0.9537014263385117,-4.322205158895833,-3.4748791632988594,0.588,-5.88,2.352,-0.98,2.156,-0.882
8.542630429999917,-0.9552335370503897,-4.385977478390716,-3.540666540419381,0.392,-5.586,2.254,-0.882,2.254,-0.98
8.576854275001097,-0.9619352233931124,-4.537207117072941,-3.6945149326616313,0.588,-5.88,2.058,-1.078,2.156,-0.686
8.611053140000877,-0.9663778818808737,-4.730525455474224,-3.8814289830705606,0.49,-5.88,2.156,-1.078,2.352,-0.784
8.65127446599945,-0.9676785690302552,-4.841036976791162,-3.9997152757678163,0.784,-5.88,2.156,-1.274,2.156,-0.784
8.685732719999578,-0.9674726184818212,-4.8739343941102335,-4.024458673465471,0.294,-6.076,2.45,-1.176,2.058,-0.784
8.729414305000319,-0.9651369388371052,-5.0097199051967,-4.137366631966439,0.686,-5.978,2.254,-1.274,2.352,-0.98
8.76628613200046,-0.9693121523165757,-5.126841250010655,-4.238223369827844,0.49,-5.88,2.352,-1.176,2.254,-0.784
8.811005438999928,-0.9719203713653712,-5.300961758923252,-4.399229557907888,0.686,-6.174,2.352,-1.078,2.254,-0.882
8.848646544000076,-0.9730497663476285,-5.53066063865535,-4.617299485958638,0.392,-6.566,2.352,-1.176,2.156,-0.784
8.882953705000546,-0.9731991255096659,-5.766125828672682,-4.850626661254446,0.588,-6.762,2.352,-1.176,2.254,-0.784
8.922495419999905,-0.973984078700596,-5.905019719947457,-4.993916691542229,0.686,-6.468,2.45,-1.078,2.254,-0.98
8.957603840000957,-0.9744607684387177,-6.119455506972126,-5.211775565408879,0.686,-6.664,2.352,-0.882,1.96,-0.882
8.99500353700023,-0.9658326233657135,-6.488304176612014,-5.60201423290891,0.882,-6.86,2.352,-0.98,2.254,-0.98
9.031335326999397,-0.9442517427536075,-7.153212623274925,-6.280678769108515,0.882,-7.056,2.744,-0.98,2.254,-0.882
9.065448765999463,-0.9301823105241454,-7.513938713921018,-6.6466091343230485,0.98,-7.154,2.744,-0.784,2.156,-0.784
9.099166260000857,-0.9151687715194612,-7.772627512862249,-6.913738489910061,0.98,-7.644,2.842,-0.882,2.352,-0.784
9.133570846999646,-0.9014411254499066,-7.969875774141163,-7.104016109823597,1.078,-7.742,2.646,-0.784,2.254,-0.686
9.172785655000553,-0.8937137192374109,-8.074938188955775,-7.188336883080437,0.98,-7.84,2.842,-0.784,2.156,-0.784
9.208077241000865,-0.874711958008703,-8.412053167448947,-7.5057574331861705,1.176,-8.134,2.744,-0.784,2.156,-0.882
9.24579427199933,-0.8621700614705787,-8.615803180767244,-7.682202955631069,0.98,-8.232,3.038,-0.784,2.058,-0.784
9.281551951000438,-0.8539536257088116,-8.782507331636229,-7.813739358126122,0.98,-8.33,2.842,-0.686,2.058,-0.784
9.315961853000772,-0.8513035010581689,-8.964227445125706,-7.966649848689317,1.078,-8.526,3.234,-0.882,2.352,-0.882
9.350570976001109,-0.8508216011872207,-9.021225309553582,-7.999627815176705,0.882,-8.33,2.744,-0.686,2.156,-0.882
9.38501184100096,-0.8533896841480271,-9.038981655142571,-7.988093021510909,1.078,-8.428,2.94,-0.882,2.058,-0.882
9.422975186000258,-0.8460660053416689,-9.058660030428591,-7.991698714264188,1.176,-8.232,3.038,-0.784,2.156,-0.882
9.457672680000542,-0.8443340140214559,-9.062771825975002,-7.987309352343135,0.98,-8.526,2.842,-0.686,2.254,-0.882
9.494539452000026,-0.8432341570062363,-9.04498496252167,-7.973389682004394,1.078,-8.624,3.136,-0.588,2.156,-0.882
9.528830463999839,-0.8405495830652967,-9.038562733286712,-7.973168804678952,1.078,-8.526,3.038,-0.686,2.058,-0.98
9.562938384000518,-0.8293340076295692,-9.048466035025738,-7.967957997990284,1.078,-8.526,3.136,-0.686,2.058,-0.98
9.597525064000365,-0.8288688969495865,-9.032256442208197,-7.959280599584056,1.274,-8.624,2.94,-0.49,1.96,-0.882
9.632337705999817,-0.8277930039370744,-9.00495708233445,-7.951343753530823,1.078,-8.526,3.136,-0.784,2.156,-0.784
9.67115066199949,-0.8312629127150615,-8.998317557506315,-7.932629727402177,1.176,-8.428,3.136,-0.882,2.156,-0.882
9.70988313700036,-0.8324771120753667,-8.987863368028417,-7.914854032136113,1.078,-8.722,3.038,-0.686,2.352,-0.784
9.744075798000267,-0.8339429096495792,-8.988562814878724,-7.908652488103377,1.078,-8.428,2.94,-0.784,2.156,-0.882
9.793767049000962,-0.8335181501862792,-8.993430511454633,-7.909363275383958,1.176,-8.33,2.842,-0.784,2.058,-0.882
9.827715080000416,-0.8338781979764747,-8.985219726467953,-7.9041829087634055,1.176,-8.134,2.744,-0.784,1.96,-0.784
9.86196618500071,-0.8339428918410761,-8.982417597431693,-7.906507980167531,1.078,-8.722,2.94,-0.686,2.156,-0.882
9.896260587000143,-0.8322227155055373,-8.970695921639722,-7.909402909902073,1.078,-8.428,3.234,-0.784,2.254,-0.784
9.933906653999657,-0.8305370061589485,-8.960532487611026,-7.910641647633382,1.372,-8.526,3.038,-0.588,2.254,-0.882
9.968113204000474,-0.829226703619554,-8.958716384868179,-7.9127437156791744,1.372,-8.526,3.332,-0.686,2.156,-0.98
10.006679067999357,-0.828102544716927,-8.948837114942185,-7.914613795238074,1.078,-8.428,3.038,-0.686,1.96,-0.98
10.042008710001028,-0.8280302957872436,-8.942549742164703,-7.914512759488814,1.176,-8.33,3.136,-0.686,1.96,-0.98
10.076127889000418,-0.8271619256089764,-8.940484762321528,-7.914972384040412,1.176,-8.33,2.94,-0.882,2.156,-0.784
10.109875050000483,-0.8290574604430674,-8.938930358186605,-7.908273760915839,1.176,-8.624,2.842,-0.686,2.058,-0.784
10.143872784999985,-0.8296707069928004,-8.929549029916009,-7.91141275960925,1.176,-8.33,2.94,-0.784,2.156,-0.882
10.178487798000788,-0.8293289513802335,-8.926567569295752,-7.910388520932677,1.176,-8.722,3.038,-0.588,1.96,-0.882
10.212926329000766,-0.8305895657286442,-8.92802294515729,-7.903584964102376,1.078,-8.428,2.94,-0.686,2.058,-0.98
10.253337341000588,-0.8283402146501828,-8.92951990057412,-7.896184251758624,1.078,-8.33,3.136,-0.686,2.254,-0.882
10.288145390000864,-0.8272574610760444,-8.93899223813044,-7.888329299494536,1.176,-8.428,3.136,-0.49,2.254,-0.882
10.32255319900105,-0.8160425408026697,-8.911466066269252,-7.894946893577294,1.078,-8.428,3.136,-0.686,1.96,-0.98
10.357746952000525,-0.8076044440267083,-8.882557793372467,-7.887143397141632,1.176,-8.33,3.038,-0.784,2.156,-0.882
10.391707021000911,-0.8091234419351849,-8.87576113886361,-7.879021394279111,1.078,-8.526,2.646,-0.882,2.156,-0.882
10.428738828999485,-0.8172356723148653,-8.872749410393553,-7.864096370509239,1.176,-8.33,3.038,-0.588,2.058,-0.98
10.463059711999449,-0.8203593884329337,-8.869107774892903,-7.855790765966189,1.176,-8.428,3.136,-0.686,2.058,-1.078
10.500211261000004,-0.8257835800619375,-8.86113323639032,-7.837933743050537,1.176,-8.428,2.842,-0.686,2.058,-0.98
10.535264662999907,-0.8334995620357404,-8.845519100239725,-7.8224955245166585,1.372,-8.428,3.038,-0.588,2.156,-0.98
10.56960448999962,-0.837190283144281,-8.837378252110469,-7.8215241412166066,0.882,-8.33,2.744,-0.588,2.058,-0.882
10.603487188000145,-0.8397861032760829,-8.830409845903588,-7.813929648806275,1.274,-8.526,3.136,-0.882,2.058,-0.98
10.640688589001002,-0.8429238864611648,-8.823857678102991,-7.804244823931521,1.078,-8.428,3.136,-0.784,2.156,-0.98
10.683956712000509,-0.8440963253938492,-8.809628087780865,-7.799541357349316,0.882,-8.33,3.038,-0.49,2.156,-0.882
10.72768177800026,-0.8547365111027432,-8.80635090037496,-7.786238435116029,1.372,-8.33,3.234,-0.686,1.862,-0.882
10.770294808000472,-0.864206515056253,-8.781812673834256,-7.772182195062258,1.078,-8.428,3.234,-0.686,2.254,-0.686
10.8054463389999,-0.8658724538243803,-8.7650369158011,-7.7676677014643465,1.274,-8.33,3.038,-0.686,2.156,-0.882
10.839756925999609,-0.8725345751591078,-8.755137762352026,-7.75483535485793,1.176,-8.428,2.842,-0.686,2.058,-0.784
10.875928568000745,-0.8741799490038034,-8.737715288963084,-7.751488536342511,1.274,-8.428,3.038,-0.686,1.96,-0.882
10.912733043000117,-0.8798743427225304,-8.716888908948434,-7.741196113897435,1.078,-8.526,3.234,-0.686,2.156,-0.784
10.953820721000739,-0.8836393342990903,-8.705393941128417,-7.7378466994263855,1.176,-8.134,3.038,-0.784,2.156,-0.686
10.988521493000007,-0.8859933703561751,-8.69250728223339,-7.72541622727506,1.078,-8.526,2.842,-0.686,1.96,-0.882
11.025837819999651,-0.8838187247933149,-8.680313821154243,-7.707318562627529,1.176,-8.33,2.94,-0.784,2.058,-0.784
11.060209944000235,-0.8819720912311766,-8.662011081832473,-7.690230502916145,1.274,-8.33,2.842,-0.686,2.058,-0.784
11.099554919001093,-0.8836819282972215,-8.641266635112657,-7.6711775138592015,1.078,-8.428,3.038,-0.784,2.156,-1.078
11.133776931999819,-0.8844075126993118,-8.60478693398494,-7.651963974395218,0.98,-8.232,2.94,-0.784,2.156,-0.98
11.171711295999557,-0.8862699909384446,-8.569078924959191,-7.63729801380279,1.078,-8.232,3.038,-0.98,2.156,-0.784
11.20962423399942,-0.9910769998912201,-7.612561980229619,-7.098894518012471,1.078,-8.134,2.94,-0.784,2.156,-0.882
11.25470061499982,-1.0687278971724083,-6.832965604904957,-6.5763766866037825,1.078,-7.35,2.646,-0.882,2.156,-0.98
11.305489828000646,-1.1049916504014448,-6.420863664691278,-6.3041904573497805,0.98,-7.154,2.548,-0.882,2.352,-0.98
11.340310174000479,-1.1020295288404043,-6.411387672058255,-6.283083509693804,0.784,-6.762,2.646,-0.882,2.156,-0.784
11.37457478000033,-1.103015655246793,-6.370821684032016,-6.278882856677097,0.882,-7.056,2.352,-0.882,1.96,-0.98
11.409404607000397,-1.1126402669927131,-6.340437759595836,-6.247256643877054,1.078,-6.958,2.45,-0.98,2.156,-0.784
11.444761045000632,-1.1016459898178539,-5.988344078128486,-5.997789532124177,0.98,-7.056,2.548,-0.98,2.254,-0.882
11.479735279999659,-1.0991785600820094,-5.8509765756572305,-5.884714905724733,0.784,-6.762,2.548,-0.98,2.548,-0.882
11.52094710700112,-1.1012995177153186,-5.5657993033708975,-5.670580472093515,0.98,-6.762,2.548,-1.078,2.254,-0.882
11.555871767001008,-1.1139237052056785,-5.36503187447139,-5.502457983591605,0.784,-6.37,2.45,-0.98,2.156,-0.784
11.590352520999659,-1.1307588380595348,-5.116222217838059,-5.285214098844589,0.686,-6.37,2.548,-1.176,2.156,-0.784
11.634108939000726,-1.1424687772732511,-4.936529232465084,-5.134727310956487,0.784,-6.272,2.45,-1.176,2.254,-0.98
11.66841854499944,-1.1546109767092219,-4.669290567446099,-4.975188973391063,0.784,-6.076,2.352,-0.882,2.352,-0.98
11.706330074999642,-1.1758013061159716,-4.366464806586601,-4.7717562695314415,0.686,-6.076,2.45,-1.274,2.156,-1.078
11.742447921000348,-1.1958771252278382,-4.036644146489148,-4.548426506049676,0.784,-5.88,1.96,-1.176,2.45,-0.98
11.78341374699994,-1.2258135913288584,-3.6601410096332176,-4.265610203297354,0.686,-5.586,2.156,-1.274,2.254,-1.078
11.821888426000442,-1.2577503658130809,-2.961554069247473,-3.73033210634974,0.686,-5.586,2.156,-1.176,2.352,-0.98
11.855864086999645,-1.2930681493423606,-2.6665766673828526,-3.4930706708530805,0.588,-5.39,1.96,-1.47,2.352,-0.882
11.892207598999448,-1.3196531345610367,-2.4254689954250943,-3.294763389431967,0.784,-5.292,2.254,-1.372,2.254,-0.882
11.92662750099953,-1.3664212508270452,-2.145732609627595,-3.068560568141744,0.49,-5.194,2.254,-1.47,2.45,-0.98
11.96167999499994,-1.3987866804625924,-1.8424689625641926,-2.820991585569666,0.686,-4.9,2.058,-1.274,2.45,-0.784
11.995780878000005,-1.4318300751490085,-1.475994564955012,-2.5445958095530035,0.392,-4.802,2.156,-1.47,2.45,-0.98
12.03341637199992,-1.4435423758811226,-1.337005437813574,-2.441704912040321,0.392,-4.704,1.96,-1.568,2.254,-0.784
12.070908031999352,-1.4610690861910314,-1.0419515339687262,-2.2247142404426112,0.49,-4.41,1.96,-1.568,2.352,-0.882
12.104825452001023,-1.4682537320179847,-0.8117414386340033,-2.112614705917897,0.392,-4.802,1.862,-1.372,2.352,-0.882
12.139137632000711,-1.4778369671423377,-0.5297264066560736,-1.9675967892274655,0.49,-4.41,1.568,-1.568,2.352,-0.686
12.17380875500021,-1.480847410675409,-0.201775731878202,-1.7526605050095116,0.588,-4.41,1.764,-1.764,2.548,-0.882
12.208452361001036,-1.483742775931944,0.05694298820483894,-1.618453756926225,0.588,-4.214,1.666,-1.666,2.45,-0.882
12.245314132000203,-1.4874047318469081,0.3858855105873877,-1.433517074137168,0.392,-4.018,1.862,-1.764,2.45,-0.882
12.283307921999949,-1.4741385932386777,0.7421105295351392,-1.191287483531291,0.49,-4.116,1.666,-1.568,2.45,-0.882
12.32157899000049,-1.460685094278034,1.0968793263592589,-0.9430221055434228,0.294,-3.92,1.568,-1.666,2.646,-0.686
12.355599225000333,-1.4580666742886592,1.374925578985357,-0.707365682075594,0.294,-3.822,1.666,-1.764,2.45,-0.784
12.391301552001096,-1.44495036575114,1.6552549011737314,-0.5062930428234856,0.294,-3.822,1.47,-1.764,2.352,-0.686
12.431142044999433,-1.417415013856953,1.9977789343748187,-0.29993581499222993,0.196,-3.92,1.666,-1.862,2.352,-0.784
12.470285815999887,-1.3854779965527086,2.3202443636011463,-0.11728619444274876,0.392,-3.92,1.764,-1.568,2.548,-0.784
12.517321605000689,-1.363850327387098,2.551681720949771,-0.004537731727526175,0.392,-3.626,1.568,-2.058,2.352,-0.784
12.565274782000415,-1.3407876834556873,2.8909358528480418,0.2153941995193398,0.294,-3.626,1.568,-1.862,2.352,-0.784
12.600542108999434,-1.3289938280043998,3.125080562199822,0.3435479821370662,0.294,-3.626,1.568,-2.058,2.45,-0.882
12.638381770000706,-1.318911686936076,3.328675646792416,0.47005113497539236,0.098,-3.528,1.764,-2.156,2.254,-0.686
12.67286168999999,-1.2955299752947838,3.5974016331058825,0.6700088471528248,0.196,-3.528,1.568,-2.254,2.45,-0.882
12.71387214599963,-1.2841316927712967,3.805311106944937,0.8166457859773817,0.294,-3.43,1.274,-2.156,2.744,-0.686
12.749339788000725,-1.2606231753397878,4.038796037642854,1.0110666297828486,0.294,-3.136,1.47,-2.156,2.352,-0.784
12.796021299000131,-1.2315661709851042,4.26270850742465,1.1999529693256181,0.196,-3.234,1.274,-2.156,2.548,-0.784
12.830048830001033,-1.2126337277179857,4.476912984777793,1.3784651184128716,0.196,-3.234,1.47,-2.156,2.352,-0.686
12.864362768999854,-1.1767688011521784,4.692052661558674,1.5616921035541507,0.098,-3.136,1.372,-2.352,2.45,-0.686
12.89851572599946,-1.145424614538598,4.951752091946107,1.7904439150958305,0.294,-3.136,1.372,-2.352,2.352,-0.686
12.941217958999914,-1.1137129625921034,5.2210718252854775,2.0126977088356104,0.294,-3.136,1.176,-2.352,2.352,-0.49
12.980397101000563,-1.0766315420763704,5.534656583705038,2.1931717120521976,0.196,-3.234,1.274,-2.45,2.45,-0.686
13.025538779000271,-1.0331003730944417,5.73288658730185,2.2934958023072496,0.392,-3.136,1.274,-2.45,2.352,-0.686
13.072378140999717,-1.0013497025952631,5.918881096606984,2.3876608210679926,0.098,-2.842,1.176,-2.45,2.352,-0.686
13.106378376000066,-0.9742304569543592,6.114043471620776,2.489164469150232,0.098,-2.842,1.372,-2.646,2.45,-0.588
13.140478315001019,-0.9574439090955309,6.2495225305187825,2.559670934145902,0.196,-2.94,1.078,-2.548,2.45,-0.686
13.185150880999572,-0.895317201188675,6.762538225100418,2.8108378032560646,0.098,-2.744,1.078,-2.548,2.352,-0.686
13.222141448999537,-0.8554255218174944,7.042061679053653,2.9611014842976235,0.392,-2.744,1.372,-2.45,2.156,-0.588
13.269358978001037,-0.8119505588595644,7.286345199947738,3.151500338404963,0.196,-2.548,1.078,-2.646,2.352,-0.49
13.314082803999554,-0.7258586606809843,7.736222485627115,3.5010767264291554,0.196,-2.548,0.98,-2.646,2.45,-0.588
13.348254075999648,-0.6759330731123896,7.973569229426496,3.688806299628551,0.0,-2.744,1.078,-2.744,2.058,-0.49
13.382676700000957,-0.6430129950887817,8.171825484169387,3.8274937115987027,0.392,-2.45,0.98,-2.646,2.254,-0.49
13.42656198900113,-0.6014445875022147,8.37133867308127,3.9680122260828123,-0.098,-2.548,1.078,-2.646,2.156,-0.392
13.46626274099981,-0.5649998487803316,8.557570248155837,4.091412181054606,0.0,-2.548,1.176,-2.842,2.45,-0.392
13.51960827000039,-0.486639627424978,8.979249064444202,4.3204683043823096,0.196,-2.548,1.078,-2.842,2.254,-0.49
13.560619837000559,-0.44154981631098167,9.22589549192361,4.456211560970977,0.098,-2.646,0.98,-2.94,2.254,-0.49
13.594694589999563,-0.3976200562109966,9.424252637549719,4.573836988595125,0.196,-2.548,0.98,-2.744,2.254,-0.49
13.635702472000048,-0.3406001596756596,9.678640812158209,4.734248578385783,0.196,-2.45,0.882,-3.038,2.352,-0.392
13.673175817999436,-0.31242445713300526,9.820814499979287,4.827021180241043,0.0,-2.352,0.98,-3.136,2.156,-0.392
13.708541164000053,-0.25217003563486173,10.096226813618694,5.000311035743274,0.098,-2.548,1.078,-3.038,2.156,-0.49
13.744315973000994,-0.19871424276635707,10.264122971524218,5.104551432249251,0.098,-2.45,1.078,-2.842,2.254,-0.294
13.78222328099946,-0.13781023234233203,10.440951666980812,5.232755492220443,0.196,-2.352,1.176,-3.136,2.254,-0.294
13.819977885999833,-0.002573328816453113,10.826057668833617,5.565175507403691,0.196,-2.156,0.98,-3.43,2.254,-0.196
13.854078788001061,0.03877521397984651,10.947665400595369,5.662224019273845,0.196,-2.352,1.078,-3.234,2.156,-0.294
13.889061244999539,0.10045500597493628,11.116995974601993,5.808059557844682,0.294,-2.058,0.784,-3.038,2.058,-0.098
13.935727885000233,0.15143343888613003,11.274238967250463,5.931240803092307,0.294,-2.156,0.882,-3.332,1.862,-0.294
13.976008730000103,0.17362732456930985,11.348722788193834,5.98016782072338,0.098,-2.156,0.882,-3.136,1.96,-0.294
14.010998706000464,0.1851225558305316,11.399766733980043,6.02303669905836,0.294,-2.156,0.784,-3.136,2.254,-0.098
14.046326625999427,0.2586092962714588,11.638507134543424,6.236518624296467,0.196,-2.058,0.882,-3.234,2.156,-0.294
14.094632618000105,0.3530440938025663,11.968334820066914,6.487371886165213,0.196,-2.058,0.98,-3.234,1.862,-0.196
14.13150409300033,0.3751944452013447,12.02452854338851,6.557359349133352,0.098,-1.96,1.078,-3.43,1.862,-0.098
14.176776845000859,0.38517393966495206,12.047663225195919,6.571767275868927,0.098,-2.254,0.98,-3.038,1.96,-0.098
14.212691689999701,0.3860079880879539,12.047186808004145,6.577700334268096,0.196,-2.156,0.784,-3.234,1.96,-0.098
14.25106646200038,0.3855212829111565,12.038841684244733,6.581218468235916,0.294,-2.058,0.686,-3.332,2.058,-0.392
14.30071499100086,0.3850623453313915,12.036217053911761,6.571912987666451,0.196,-2.548,0.686,-3.136,1.96,-0.098
14.334826189000523,0.38163660191369786,12.005044218505672,6.560802086809698,0.196,-2.156,0.882,-3.136,2.156,-0.196
14.3727050159996,0.3834951912569977,12.011342406601582,6.559707553153745,0.0,-2.352,0.784,-3.332,2.058,-0.294
14.418914952000705,0.3846947163450807,12.002426235686034,6.556374904738816,0.196,-2.254,0.882,-3.234,1.764,-0.098
14.456550187000175,0.3835828388585867,11.988572518012756,6.55520946400884,0.196,-1.96,1.078,-3.136,2.156,-0.098
14.492626773000666,0.3805638122744597,11.979350056782117,6.550912439594178,-0.098,-1.96,0.784,-3.234,1.96,-0.294
14.53419313700033,0.37789651296597526,11.974254193404038,6.540274437634456,0.196,-2.156,0.882,-3.136,1.96,-0.294
14.576357240999641,0.37799925309474247,11.94617417920455,6.522061085962782,0.098,-2.156,0.882,-3.234,2.058,-0.294
14.6162786040004,0.376069604323817,11.94161090957999,6.51481348063573,0.098,-2.058,0.784,-3.234,2.058,-0.196
14.650656525000159,0.3758272323645997,11.943092013139422,6.519361857937201,0.098,-2.058,0.98,-3.332,1.96,-0.196
14.687093500000628,0.37602714183265107,11.928183156674274,6.516074956626629,-0.098,-2.254,0.784,-3.234,1.862,-0.098
14.727946252000038,0.3747312112575969,11.92326437691277,6.508488488228592,0.196,-2.156,1.078,-3.136,1.862,-0.098
14.766497839000294,0.37547115561523015,11.924029451790458,6.5024824707027005,0.0,-2.156,0.98,-3.234,1.96,-0.098
14.806809961999534,0.37582133406112916,11.909440048206926,6.490466306353249,0.098,-2.156,0.784,-3.234,1.96,-0.196
14.841653752000639,0.3752209297150557,11.90481927405245,6.477035776100878,0.0,-2.352,0.882,-3.332,1.764,-0.294
14.87573219099977,0.3753156441933072,11.903733207192122,6.474597634220682,0.196,-2.156,0.784,-3.332,1.862,-0.098
14.91931249800109,0.3741400443276177,11.906655856854766,6.472836600510865,0.098,-2.156,1.176,-3.332,1.862,-0.196
14.956779751000795,0.37469202845221616,11.898933611787436,6.46957610334294,0.098,-2.156,0.686,-3.136,1.96,-0.196
14.995932355999685,0.369029913250273,11.879661130391222,6.465553983564496,0.294,-2.156,0.882,-3.038,2.058,-0.294
15.033005905001119,0.36392597044763875,11.870248343400755,6.451066574629742,0.196,-2.254,0.882,-3.234,1.862,-0.098
15.06823443599933,0.35912310802470415,11.86267169926714,6.45073657859295,0.294,-2.254,0.784,-3.332,1.862,-0.196
15.103528301000551,0.3514458417680544,11.8458464421586,6.434491056778333,0.098,-2.156,0.882,-3.234,2.156,-0.392
15.13728592500047,0.34407502186482475,11.815442984474629,6.4022162067074335,0.098,-2.058,1.176,-3.038,1.96,-0.196
15.179911899000217,0.32296187752811534,11.76831901396835,6.356312169566036,0.098,-2.254,0.784,-3.332,2.058,-0.196
15.217333597000106,0.30201899273751565,11.707220718129935,6.313519931097267,0.098,-2.156,0.882,-3.332,1.764,-0.196
15.265833292000025,0.296361142324713,11.686382245691414,6.300770854947757,0.098,-2.156,0.98,-3.136,1.96,-0.196
15.300625657000637,0.29561320532016566,11.679250093334936,6.294701233960552,0.196,-2.058,0.882,-3.234,2.058,-0.098
15.336953447000269,0.2934661857910328,11.654506488990483,6.288395840544552,0.196,-2.058,1.078,-3.43,2.058,-0.196
15.370738404999429,0.29243826571965315,11.636135424443212,6.27790529129267,0.0,-2.254,1.078,-3.234,1.764,-0.392
15.407370324001022,0.2914279613271731,11.610984863530826,6.257367170670806,0.294,-2.156,0.784,-3.136,1.96,-0.294
15.450895649999438,0.2908137412042322,11.58085507309022,6.243400211952277,0.098,-2.156,0.784,-3.136,1.96,-0.098
15.48665192199951,0.2872154920339085,11.534247100789932,6.2134420923483225,0.196,-2.156,0.784,-3.136,1.862,-0.196
15.534848229001,0.2808181044763103,11.497712698817105,6.195628449532014,-0.098,-2.156,0.98,-3.332,1.96,-0.196
15.56934874199942,0.27569312895559506,11.453135561277353,6.170941357153653,0.098,-2.254,0.98,-3.332,1.862,-0.196
15.605404679999992,0.27186456947052307,11.427914754303963,6.141214200812208,0.0,-1.96,0.784,-3.43,2.058,-0.196
15.646025062000263,0.2850645326125232,11.368962479623892,6.1086858764838246,0.294,-2.058,0.882,-3.136,1.96,-0.294
15.686232944999574,-0.012735184808235545,10.598055773776434,5.2843959077251945,0.0,-2.156,0.784,-3.234,1.96,-0.196
15.722035717000836,-0.13688222513661685,10.183437707019618,4.8577331140998306,0.392,-2.548,1.176,-2.94,1.96,-0.196
15.766741024001021,-0.21662852304461921,9.936834531012465,4.60791170607252,0.294,-2.45,0.98,-3.038,2.254,-0.392
15.801080073999401,-0.27243572826569107,9.744215451450408,4.454874080424122,0.392,-2.254,1.078,-2.94,2.254,-0.392
15.838651475000006,-0.2894136643056697,9.68114754620631,4.40327484433318,0.196,-2.646,0.98,-3.038,2.352,-0.392
15.87238739500026,-0.3575184329029639,9.408604870610793,4.14317608103949,0.392,-2.352,0.98,-2.842,2.352,-0.392
15.909109352000087,-0.4201037714425695,9.125838266085559,3.894515987488631,0.098,-2.548,1.078,-2.842,2.352,-0.49
15.949804586000027,-0.4786564312778978,8.824023115771606,3.6592712185279757,0.294,-2.646,1.176,-2.842,2.352,-0.588
15.985181506001027,-0.5360609999773374,8.518330514984088,3.4221333653508017,0.294,-2.548,1.274,-2.842,2.352,-0.588
16.035960663999504,-0.6154865453190439,7.930147072296392,3.049955000036411,0.392,-2.548,1.078,-2.842,2.548,-0.588
16.070154287999685,-0.6611702029975106,7.566987873585077,2.841502947224342,0.098,-2.646,1.176,-2.646,2.352,-0.49
16.107674578001024,-0.7047710771722393,7.119748706814985,2.621110830794189,0.294,-2.548,1.176,-2.646,2.45,-0.588
16.149683478999577,-0.7402453345447952,6.631876359074523,2.3600509345412055,0.196,-2.842,1.176,-2.45,2.548,-0.49
16.188022694999745,-0.7686249472567397,6.171918425003156,2.0922115012270694,0.294,-2.94,1.274,-2.45,2.45,-0.686
16.22474222600067,-0.7888213242053155,5.607516427843991,1.7665289186059683,0.294,-3.038,1.274,-2.45,2.45,-0.784
16.26567470000009,-0.7955524306232462,5.108864307725564,1.4277983818058722,0.294,-3.038,0.98,-2.352,2.352,-0.686
16.31205295200016,-0.7689954743337353,4.227106892480938,0.8280767735695578,0.392,-3.234,1.274,-2.352,2.646,-0.588
16.349806094000087,-0.7473366422359788,3.7687691769237595,0.48814887927919476,0.294,-3.724,1.372,-1.96,2.254,-0.784
16.390885106000496,-0.7358192079282446,3.584980331866526,0.3512226827568466,0.392,-3.43,1.372,-2.254,2.352,-0.784
16.433542376000332,-0.74293486561794,3.4075961602191067,0.22887380287075182,0.392,-3.528,1.568,-2.058,2.45,-0.686
16.470242315001087,-0.7498856679138726,3.088817680979544,0.03908845740900969,0.196,-3.43,1.372,-2.156,2.254,-0.686
16.517884639999465,-0.7448715681921669,2.7829183836781337,-0.13249631212272678,0.392,-3.528,1.568,-1.96,2.548,-0.686
16.552981541999543,-0.7478359693674861,2.535094668912142,-0.2744049606701244,0.294,-3.528,1.372,-1.862,2.45,-0.882
16.590335832001074,-0.7594581229760138,2.346679078108531,-0.34778001047913054,0.392,-3.626,1.666,-1.862,2.352,-0.784
16.62843202899967,-0.7921002939522737,2.131313309176411,-0.44474803949935315,0.294,-3.822,1.568,-1.96,2.548,-0.784
16.678154651001023,-0.8290956271290781,2.006299047564521,-0.5129330045198174,0.196,-3.92,1.666,-1.764,2.45,-0.784
16.715178829999786,-0.857144357398937,1.922998117624392,-0.5664069867427727,0.392,-3.724,1.666,-2.058,2.45,-0.784
16.75173317500048,-0.9163198847486456,1.751606418081632,-0.7161841174516443,0.294,-3.822,1.568,-1.96,2.352,-0.784
16.79756981600076,-0.9431072232783038,1.674468513976865,-0.7723760413711254,0.196,-3.92,1.666,-1.96,2.548,-0.98
16.831532922000406,-0.9546690625295753,1.6778760825737977,-0.768075012087678,0.49,-4.018,1.666,-1.764,2.548,-0.98
16.865720120000333,-0.966508882076198,1.6696601374430922,-0.7710142022045502,0.49,-3.92,1.666,-2.058,2.744,-0.784
16.903462336000302,-1.0043604729693811,1.590260174418504,-0.8060375099579983,0.49,-3.822,1.372,-1.764,2.45,-0.784
16.94496818100015,-1.015478335383449,1.5807714992905308,-0.8074907543712689,0.392,-3.92,1.666,-1.862,2.352,-0.98
16.981169304001014,-1.0203067804482941,1.5881300067125157,-0.8155951537291589,0.588,-3.92,1.372,-1.764,2.45,-0.686
17.02232181600084,-1.0211074708788317,1.5967894659101307,-0.8154735273537955,0.392,-4.116,1.764,-1.764,2.45,-0.882
17.05638879199978,-1.0240846226475355,1.5933104446430566,-0.8094269363080869,0.294,-3.92,1.666,-1.96,2.352,-0.686
17.090899916000126,-1.0236597381027366,1.606212094833735,-0.8007067236434788,0.196,-3.724,1.764,-1.862,2.45,-0.784
17.137448760000552,-1.0223429503691648,1.6193106866874483,-0.7939973598433829,0.392,-4.018,1.764,-1.764,2.352,-0.882
17.173433680000016,-1.0254107506029868,1.6302111185993686,-0.7947335291921324,0.392,-4.018,1.666,-1.96,2.45,-0.784
17.214111081000738,-1.0281781533147125,1.6384600914777427,-0.7929002054818506,0.588,-4.018,1.764,-1.666,2.254,-0.686
17.263865832001102,-1.0286522477780693,1.6380911200874892,-0.7946758085655636,0.392,-4.018,1.274,-2.058,2.548,-1.078
17.297835048000707,-1.0284571381684486,1.6212316341845239,-0.8052843462702997,0.294,-3.92,1.568,-1.764,2.45,-0.784
17.333623542001078,-1.0310127311541066,1.616388556605073,-0.8071944498912001,0.392,-4.018,1.764,-1.862,2.548,-0.784
17.37425542500023,-1.0318902134993095,1.6182780493958933,-0.803606882665349,0.392,-3.92,1.666,-1.862,2.352,-0.784
17.412382344000434,-1.0306095779461941,1.6203148705681159,-0.8003080610786696,0.49,-3.822,1.666,-1.862,2.45,-0.686
17.451604060001046,-1.029867449242289,1.6188564459527326,-0.8077798929327767,0.294,-4.018,1.568,-1.862,2.45,-0.882
17.501490126000135,-1.0299206072731977,1.6192710365318,-0.8089060477584112,0.294,-3.724,1.666,-1.666,2.548,-0.882
17.53608308299954,-1.0277082664210866,1.6078622434542016,-0.8034403515716738,0.49,-3.92,1.764,-1.666,2.548,-0.686
17.573439150999548,-1.0282719471292978,1.575816136268094,-0.8255996700630212,0.392,-4.018,1.764,-1.764,2.45,-0.98
17.61636832899967,-1.0291824072091345,1.5639218157140649,-0.8257206636365828,0.294,-4.116,1.764,-1.764,2.45,-0.784
17.657265895999444,-1.0323404518573511,1.558039709200211,-0.8278306146953995,0.196,-4.116,1.568,-1.764,2.45,-0.882
17.696781446000386,-1.0631960074209417,1.4273094765650383,-0.8840348839590599,0.392,-3.92,1.666,-1.764,2.548,-0.882
17.734028754000974,-1.0764367607833947,1.3682547327408836,-0.9315579885123685,0.098,-3.724,1.764,-1.764,2.254,-0.686
17.76817998899969,-1.136615564090306,1.1513770120984186,-1.148321649704216,0.49,-4.018,1.666,-1.764,2.352,-0.784
17.802719909999723,-1.142479510658859,1.1129201987955373,-1.167430021911597,0.392,-4.018,1.764,-1.764,2.45,-0.98
17.836517515001105,-1.1683532179983729,0.9859405972830351,-1.2837336227633516,0.392,-4.214,1.666,-1.764,2.548,-0.882
17.87748676800038,-1.1800345453761167,0.9299123427808743,-1.343975958042291,0.392,-4.41,1.666,-1.568,2.352,-0.98
17.915503132000595,-1.1903492468287311,0.8032121748569384,-1.4535333523656955,0.294,-4.214,1.862,-1.568,2.45,-0.784
17.954286587999377,-1.1981497056023613,0.7350692389179783,-1.5200908268244118,0.392,-4.018,1.666,-1.666,2.548,-0.784
17.995963711000513,-1.1971785173321905,0.7322854449085,-1.5180300131331377,0.392,-4.312,1.666,-1.764,2.548,-0.882
18.03027487200052,-1.1956407919093976,0.7237935726274987,-1.5253368762245054,0.392,-4.018,1.96,-1.764,2.548,-0.784
18.06411475599998,-1.1968906381375461,0.7297286006708454,-1.5240439452362133,0.49,-4.41,1.862,-1.666,2.45,-0.784
18.0990463979997,-1.19632991299747,0.7344241862873591,-1.540426021891305,0.196,-4.312,1.666,-1.666,2.352,-0.882
18.137430966000466,-1.204131681073278,0.7495695541605891,-1.5239111406095467,0.588,-4.214,1.666,-1.666,2.45,-0.882
18.173918088999926,-1.2031916853100029,0.7680236434758551,-1.5261728209391847,0.49,-4.312,1.764,-1.764,2.45,-0.686
18.209415491000982,-1.2017136696842101,0.7708609089754281,-1.527778633536177,0.49,-4.214,1.568,-1.862,2.548,-0.784
18.252272780000567,-1.2015843506019053,0.7788452131964118,-1.5252301980607161,0.49,-4.312,1.862,-1.862,2.352,-0.882
18.286538997001117,-1.2006514573762388,0.7822547901584425,-1.5234390320245472,0.686,-4.312,1.666,-1.666,2.45,-0.686
18.320242399000563,-1.201425263596633,0.7843632640539921,-1.5178761229436184,0.294,-4.116,1.96,-1.666,2.548,-0.98
18.36011337399941,-1.1976011978185568,0.7833579107853462,-1.5145403377543951,0.49,-4.214,1.862,-1.666,2.548,-0.784
18.397987940999883,-1.1956596119862297,0.7731929321414995,-1.5068430583935941,0.49,-4.116,1.764,-1.568,2.548,-0.784
18.435814417000074,-1.1965757513367805,0.767676092610615,-1.503510880758397,0.294,-4.312,1.47,-1.666,2.352,-0.882
18.4876645380009,-1.1892328515259578,0.7639740736527262,-1.514468086076551,0.294,-4.214,1.764,-1.764,2.45,-0.882
18.521557068999755,-1.1890281052582452,0.7577252929987397,-1.5128007416977685,0.49,-4.018,1.666,-1.764,2.45,-0.784
18.558935340999597,-1.1893742734876014,0.7617669589283173,-1.5116970905978246,0.196,-4.214,1.96,-1.568,2.45,-0.784
18.60069451900017,-1.1902957661645246,0.7674737416712101,-1.5091225116531342,0.49,-4.214,1.666,-1.666,2.352,-0.882
18.638630735000334,-1.1928864142390978,0.767292210161573,-1.506383166480821,0.686,-4.214,1.568,-1.764,2.548,-0.784
18.678160598999966,-1.1890185783037737,0.7614439310557355,-1.5140174829677024,0.392,-4.018,1.372,-1.568,2.45,-0.98
18.718740222000633,-1.1878140787169684,0.7696744201882169,-1.519219421097233,0.294,-4.116,1.568,-1.764,2.254,-0.882
18.757355196999924,-1.1878833266532638,0.7729848426770919,-1.512640065619331,0.588,-4.018,1.666,-1.764,2.548,-0.882
18.79574533900086,-1.1894614548495213,0.7659011776027671,-1.5179495003378929,0.294,-4.116,1.666,-1.862,2.45,-0.588
18.829328666999572,-1.1835327224498826,0.7629449952655373,-1.5262366492243724,0.294,-4.116,1.666,-1.764,2.45,-0.784
18.863937439000438,-1.183694481004295,0.7614601112451812,-1.5170917564156934,0.294,-4.312,1.764,-1.666,2.352,-0.882
18.900952526000765,-1.1810354440551976,0.753103805089432,-1.5191827680771994,0.49,-4.214,1.862,-1.666,2.45,-0.784
18.93503983499977,-1.1809283787190452,0.7481195943902352,-1.52021553033913,0.392,-4.312,1.666,-1.666,2.548,-0.882
18.977970216999893,-1.184782318791406,0.7489945262889111,-1.5220632839816448,0.588,-4.312,2.058,-1.764,2.548,-0.882
19.020209210000758,-1.1910834956323413,0.7415230055440778,-1.505260787415983,0.294,-4.214,1.764,-1.764,2.352,-0.98
19.05754363000051,-1.194878603587199,0.7431307049865624,-1.509037013594272,0.294,-4.214,1.666,-1.764,2.352,-0.784
19.103501548001077,-1.196468154341943,0.7102429172843636,-1.5186975828051827,0.196,-4.214,1.666,-1.764,2.45,-0.882
19.142350207999698,-1.1629466151819372,0.7028193115264968,-1.5263448190038944,0.392,-4.018,1.666,-1.47,2.548,-0.686
19.17710936900039,-1.1392422462616025,0.7236466026497078,-1.5302802542314837,0.588,-4.018,1.666,-1.666,2.352,-0.784
19.211996382000507,-1.0889164450504438,0.7516309556669248,-1.5425438818218176,0.392,-4.116,1.666,-1.764,2.352,-0.784
19.260389634000603,-0.966560859121671,0.773937938995217,-1.5570991450168428,0.588,-4.116,1.862,-1.666,2.352,-0.686
19.299219386000914,-0.9357466801676537,0.7905040339576874,-1.5622159251095264,0.392,-4.214,1.568,-1.862,2.352,-0.784
19.34032997199938,-0.9348591595322375,0.7851151159807636,-1.5665109594130846,0.392,-4.214,1.862,-1.666,2.45,-1.078
19.378424040000027,-0.9347089496390595,0.7878069588173089,-1.5612006171028225,0.49,-4.214,1.568,-1.764,2.646,-0.784
19.418049571000665,-0.9348983766338392,0.7797067105292799,-1.5486108889204797,0.392,-4.312,1.666,-1.666,2.352,-0.686
19.464370507999774,-0.9484551981279594,0.7706987198574762,-1.5345123935897493,0.196,-4.116,1.764,-1.666,2.352,-0.882
19.501566150000144,-1.071061008858095,0.8124695671869426,-1.522377681930725,0.294,-3.822,1.666,-1.666,2.646,-0.882
19.5397541250004,-1.0826219420913787,0.804870423362924,-1.5196556807418256,0.49,-4.116,1.764,-1.666,2.45,-0.98
19.583395951000057,-1.080744869110049,0.7961600569324763,-1.5151615441519266,0.49,-4.214,1.666,-1.666,2.548,-0.686
19.62317035200067,-1.0341377315914997,0.7586217558798819,-1.495050256575736,0.686,-4.214,1.568,-1.764,2.548,-0.686
19.6613129010002,-1.0094336447626233,0.7507084877871125,-1.497187350617565,0.49,-4.018,1.568,-1.666,2.352,-0.98
19.699336858000606,-1.08344333431603,0.780863980554244,-1.4914368008632097,0.392,-4.116,1.862,-1.568,2.45,-0.882
19.734482186000605,-1.0902847780550928,0.7770899547279598,-1.4895237113630717,0.49,-4.312,1.47,-1.764,2.45,-0.98
19.768992532000993,-1.0821459591173266,0.7919792652831661,-1.5139332500754523,0.49,-4.116,1.764,-1.862,2.45,-0.98
19.804095044999485,-1.0679063513947824,0.7954377227359332,-1.516073946746869,0.49,-4.018,1.568,-1.568,2.45,-0.784
19.84747876000074,-1.1190506593738974,0.7896674145813353,-1.5025223616323782,0.294,-4.41,1.862,-1.862,2.45,-0.686
19.885020327999882,-1.1029162492611135,0.7940569985364381,-1.5101546411349875,0.392,-4.116,1.568,-1.764,2.548,-0.98
19.922236192000128,-1.1164294587242978,0.7908489313386526,-1.5043002492434059,0.49,-4.214,1.764,-1.764,2.45,-0.882
19.973642425000435,-1.1156559609613907,0.7907102616283864,-1.5023561935001934,0.392,-3.92,1.568,-1.666,2.352,-0.882
20.007585937999465,-1.1161020811339881,0.7919659421827359,-1.5042679729609465,0.588,-4.116,1.764,-1.862,2.646,-0.686
20.04545567199966,-1.1136629914529408,0.7902064208053882,-1.5060041348247952,0.098,-4.018,1.764,-1.666,2.548,-0.98
20.088699702000667,-1.1158447331837635,0.7928149250240986,-1.5049895387734933,0.49,-4.312,1.764,-1.666,2.548,-0.784
20.126341417999356,-1.1148844146268573,0.7933719028647234,-1.5075029943163143,0.392,-4.116,1.764,-1.666,2.352,-0.686
20.164132431000326,-1.1162769898501779,0.7922730039756103,-1.5074040268516464,0.686,-4.508,1.666,-1.666,2.646,-0.98
20.20412668300014,-1.117821874682278,0.7919321711628605,-1.5069323325671191,0.49,-4.312,1.862,-1.666,2.45,-0.98
20.247647027999847,-1.1195820938098677,0.7896184783886933,-1.5067809841362658,0.294,-4.214,1.666,-1.568,2.548,-0.882
20.284800207000444,-1.1199684318841605,0.7898544729268416,-1.505560462771535,0.49,-4.214,1.568,-1.568,2.45,-0.882
20.318469535000986,-1.120148403407768,0.7883386829269844,-1.5050666820525354,0.49,-4.214,1.764,-1.666,2.352,-0.882
20.352113622000616,-1.1216778017948457,0.7880419463795114,-1.503778063784589,0.49,-4.116,1.666,-1.96,2.548,-0.98
20.385615098000926,-1.1220406982381803,0.7904874366462086,-1.5022780557183857,0.49,-4.018,1.666,-1.568,2.45,-0.686
20.423174851001022,-1.119732059746383,0.7904355060984737,-1.501952458487932,0.392,-4.214,1.568,-1.764,2.646,-0.98
20.46027675299956,-1.1197344557526492,0.7907175291937544,-1.501260209151446,0.392,-4.41,2.058,-1.666,2.45,-0.784
20.49801124700025,-1.1204950206064836,0.7894499461686849,-1.5031670292814814,0.294,-4.116,1.666,-1.764,2.45,-0.784
20.539078055000573,-1.1223209086994643,0.7890632808237203,-1.5036128210361044,0.784,-4.312,1.764,-1.764,2.548,-0.882
20.577639974000704,-1.1229915119217821,0.7889071723599809,-1.5046837404512912,0.588,-4.508,1.764,-1.764,2.45,-0.98
20.618693246000475,-1.1222295186830706,0.7878382012402495,-1.5047951117156466,0.49,-4.214,1.666,-1.666,2.548,-0.882
20.652586628999416,-1.121585806825692,0.7885343180254613,-1.504739025994285,0.294,-4.116,1.96,-1.764,2.352,-0.882
20.68669540100018,-1.1214873865728237,0.7873932073624794,-1.5037385931720724,0.49,-4.214,1.47,-1.568,2.548,-0.686
20.72408139500112,-1.1205906272997197,0.787366346165109,-1.5026687294442682,0.294,-4.214,1.666,-1.764,2.548,-0.98
20.76129583399961,-1.119448316103842,0.7874017548963015,-1.5027171339763883,0.294,-4.018,1.568,-1.666,2.352,-0.784
20.80537014100082,-1.119441266047545,0.7832277606437774,-1.5047570816583282,0.392,-4.214,1.666,-1.666,2.352,-0.784
20.84591654200085,-1.120127878999483,0.7801415814085324,-1.5062453743904045,0.196,-4.116,1.764,-1.862,2.45,-0.784
20.888448054000037,-1.1192024793603537,0.7748953633708574,-1.507945681473982,0.0,-4.018,1.764,-1.666,2.352,-0.784
20.930464862000008,-1.1196678698071878,0.7700861471093156,-1.5085636455217792,0.294,-4.214,1.764,-1.666,2.548,-0.882
20.978678280000167,-1.1197254725981907,0.7675381238228228,-1.5092328893824691,0.196,-4.116,1.568,-1.666,2.45,-0.882
21.014023384999746,-1.119261639474189,0.7644608238402681,-1.507240653001359,0.686,-4.018,1.764,-1.862,2.45,-0.882
21.056095378000464,-1.118835503842547,0.7615671611220239,-1.5073003201576558,0.49,-4.116,1.568,-1.666,2.548,-0.98
21.092502446999788,-1.1196283820344775,0.7597689572494839,-1.5076562251065757,0.49,-4.116,1.666,-1.764,2.548,-0.882
21.126679015000263,-1.119994822984978,0.7544791071133734,-1.5078410799482893,0.392,-4.312,1.666,-1.666,2.352,-0.882
21.173317359000066,-1.1201727175893268,0.7563305602680354,-1.5084294585439033,0.392,-4.214,1.764,-1.666,2.548,-0.49
21.207815502000813,-1.1212521282688783,0.7559957651914707,-1.5081015794642567,0.392,-4.116,1.666,-1.666,2.548,-0.882
21.246223922000354,-1.1199453840756064,0.7552746681708723,-1.5106879053895628,0.588,-4.116,1.862,-1.568,2.45,-0.882
21.292971766000846,-1.1194444794730032,0.7546349938185658,-1.510667369624507,0.196,-4.018,1.96,-1.764,2.45,-0.784
21.332316815000013,-1.1196227105038474,0.7542248692864093,-1.5098457128579128,0.588,-4.018,1.764,-1.764,2.646,-1.078
21.37358064200089,-1.1200884865378953,0.7544242947139547,-1.5109729498756264,0.49,-4.116,1.568,-1.764,2.45,-0.784
21.412874765001106,-1.1190818162574772,0.7542630347105513,-1.51025660779951,0.392,-4.214,1.666,-1.666,2.45,-0.686
21.45251655500033,-1.1184348575229137,0.7534455126490986,-1.50877996054933,0.49,-4.116,1.764,-1.764,2.45,-0.784
21.488501289999476,-1.1169436769487788,0.7510059113280364,-1.5085947191281461,0.294,-4.214,1.568,-1.764,2.548,-0.882
21.527606097999524,-1.1164809406937763,0.7496465169813163,-1.5106488092889763,0.392,-4.116,1.764,-1.862,2.548,-0.882
21.567760592000923,-1.116513559600321,0.7483744649019499,-1.5112775276926558,0.392,-4.116,1.568,-1.666,2.646,-0.882
21.607567603999996,-1.1163279104785602,0.7483239106853158,-1.510877377341016,0.49,-4.018,1.666,-1.666,2.45,-0.882
21.65483955899981,-1.1161483935709668,0.7485049759456298,-1.511234429535597,0.392,-4.41,1.666,-1.764,2.45,-0.686
21.688958423999793,-1.1157084398103336,0.746867172537175,-1.5116744908166495,0.392,-4.214,1.666,-1.666,2.254,-0.98
21.72596369600069,-1.1154893444548293,0.7479083218676917,-1.5095919702662972,0.49,-4.116,1.666,-1.764,2.548,-0.784
21.77280085500024,-1.1169447607692575,0.7476485539284223,-1.5101133513624476,0.49,-4.116,1.764,-1.862,2.45,-0.784
21.806593646000692,-1.1175178454712693,0.7490269356611418,-1.5096445313169649,0.49,-4.116,1.862,-1.666,2.45,-0.784
21.84051030699993,-1.1166858874503873,0.749695423427475,-1.5068255252899068,0.196,-4.116,1.47,-1.764,2.45,-0.882
21.88217033699948,-1.117800783939714,0.7510356303719558,-1.5066610217037097,0.392,-4.116,1.666,-1.764,2.45,-0.98
21.916760146999877,-1.1156839493804966,0.7471024226428743,-1.5077921490298773,0.392,-4.018,1.666,-1.764,2.45,-0.784
21.95299304800028,-1.1146028829503791,0.7472713039858395,-1.509474011004015,0.294,-4.214,1.764,-1.568,2.646,-0.98
21.993385523001052,-1.1151984947431401,0.7470580525779902,-1.5085511150011328,0.098,-4.214,1.764,-1.666,2.45,-0.98
22.02714948100038,-1.114991432468429,0.7470188377924213,-1.506851876999253,0.392,-4.508,1.764,-1.862,2.352,-0.882
22.06108764199962,-1.1147275308481142,0.748201570640844,-1.5079747306762734,0.294,-4.214,1.568,-1.666,2.352,-0.882
